{
	"__comment": "Designed by Robotnikman with Cubik Studio - https://cubik.studio",
	"textures": {
		"atlas": "item/robotnikman/emplacements/flak_cannon_base"
	},
	"elements": [
		{
			"__comment": "Cube1",
			"from": [ -3.5, 7, 5 ],
			"to": [ 13.78, 12.76, 10.76 ],
			"faces": {
				"up": { "uv": [ 7.75, 1.25, 11.5, 2.5 ], "texture": "#atlas" },
				"north": { "uv": [ 12.25, 0, 16, 2.25 ], "texture": "#atlas" },
				"south": { "uv": [ 12.25, 0, 16, 2.25 ], "texture": "#atlas" },
				"west": { "uv": [ 13.5, 0, 14.75, 2.25 ], "texture": "#atlas" },
				"east": { "uv": [ 13.5, 0, 14.5, 1.75 ], "texture": "#atlas" }
			}
		},
		{
			"__comment": "Cube5",
			"from": [ -2.348, 7, 10.76 ],
			"to": [ 12.628, 12.76, 13.064 ],
			"faces": {
				"down": { "uv": [ 0, 0, 2.5, 0.25 ], "texture": "#atlas" },
				"up": { "uv": [ 8, 2.5, 11.25, 3 ], "texture": "#atlas" },
				"south": { "uv": [ 12.5, 0, 15.75, 2.25 ], "texture": "#atlas" },
				"west": { "uv": [ 14.75, 0, 15.25, 2.25 ], "texture": "#atlas" },
				"east": { "uv": [ 12.75, 0, 13.25, 2.25 ], "texture": "#atlas" }
			}
		},
		{
			"__comment": "Cube6",
			"from": [ -1.196, 7, 13.064 ],
			"to": [ 11.476, 12.76, 14.216 ],
			"faces": {
				"up": { "uv": [ 8.25, 3, 11, 3.25 ], "texture": "#atlas" },
				"south": { "uv": [ 12.75, 0, 15.5, 2.25 ], "texture": "#atlas" },
				"west": { "uv": [ 15.25, 0, 15.5, 2.25 ], "texture": "#atlas" },
				"east": { "uv": [ 12.5, 0, 12.75, 2.25 ], "texture": "#atlas" }
			}
		},
		{
			"__comment": "Cube7",
			"from": [ -0.044, 7, 14.216 ],
			"to": [ 10.324, 12.76, 15.368 ],
			"faces": {
				"down": { "uv": [ 2.75, 0.25, 4.5, 0.5 ], "texture": "#atlas" },
				"up": { "uv": [ 8.5, 3.25, 10.75, 3.5 ], "texture": "#atlas" },
				"south": { "uv": [ 13, 0, 15.25, 2.25 ], "texture": "#atlas" },
				"west": { "uv": [ 15.5, 0, 15.75, 2.25 ], "texture": "#atlas" },
				"east": { "uv": [ 12.25, 0, 12.5, 2.25 ], "texture": "#atlas" }
			}
		},
		{
			"__comment": "Cube8",
			"from": [ 2.26, 7, 15.368 ],
			"to": [ 8.02, 12.76, 16.52 ],
			"faces": {
				"down": { "uv": [ 7.5, 10.25, 8.5, 10.5 ], "texture": "#atlas" },
				"up": { "uv": [ 9, 3.5, 10.25, 3.75 ], "texture": "#atlas" },
				"south": { "uv": [ 13.25, 0, 14.5, 2.25 ], "texture": "#atlas" },
				"west": { "uv": [ 15.75, 0, 16, 2.25 ], "texture": "#atlas" },
				"east": { "uv": [ 12, 0, 12.25, 2.25 ], "texture": "#atlas" }
			}
		},
		{
			"__comment": "Cube5",
			"from": [ -2.348, 7, 2.696 ],
			"to": [ 12.628, 12.76, 5 ],
			"faces": {
				"down": { "uv": [ 12.75, 11.25, 15.25, 11.5 ], "texture": "#atlas" },
				"up": { "uv": [ 8, 0.75, 11.25, 1.25 ], "texture": "#atlas" },
				"north": { "uv": [ 12.5, 0, 15.75, 2.25 ], "texture": "#atlas" },
				"west": { "uv": [ 12.75, 0, 13.25, 2.25 ], "texture": "#atlas" },
				"east": { "uv": [ 14.75, 0, 15.25, 2.25 ], "texture": "#atlas" }
			}
		},
		{
			"__comment": "Cube6",
			"from": [ -1.196, 7, 1.544 ],
			"to": [ 11.476, 12.76, 2.696 ],
			"faces": {
				"up": { "uv": [ 8.25, 0.5, 11, 0.75 ], "texture": "#atlas" },
				"north": { "uv": [ 12.75, 0, 15.5, 2.25 ], "texture": "#atlas" },
				"west": { "uv": [ 12.5, 0, 12.75, 2.25 ], "texture": "#atlas" },
				"east": { "uv": [ 15.25, 0, 15.5, 2.25 ], "texture": "#atlas" }
			}
		},
		{
			"__comment": "Cube7",
			"from": [ -0.044, 7, 0.392 ],
			"to": [ 10.324, 12.76, 1.544 ],
			"faces": {
				"down": { "uv": [ 12.25, 10.5, 14, 10.75 ], "texture": "#atlas" },
				"up": { "uv": [ 8.5, 0.25, 10.75, 0.5 ], "texture": "#atlas" },
				"north": { "uv": [ 13, 0, 15.25, 2.25 ], "texture": "#atlas" },
				"west": { "uv": [ 12.25, 0, 12.5, 2.25 ], "texture": "#atlas" },
				"east": { "uv": [ 15.5, 0, 15.75, 2.25 ], "texture": "#atlas" }
			}
		},
		{
			"__comment": "Cube8",
			"from": [ 2.26, 6.925, -0.76 ],
			"to": [ 8.02, 12.685, 0.3920001 ],
			"faces": {
				"down": { "uv": [ 14, 10.5, 15, 10.75 ], "texture": "#atlas" },
				"up": { "uv": [ 9, 0, 10.25, 0.25 ], "texture": "#atlas" },
				"north": { "uv": [ 13.25, 0, 14.5, 2.25 ], "texture": "#atlas" },
				"west": { "uv": [ 12, 0, 12.25, 2.25 ], "texture": "#atlas" },
				"east": { "uv": [ 15.75, 0, 16, 2.25 ], "texture": "#atlas" }
			}
		},
		{
			"__comment": "Cube1",
			"from": [ -5.66, -0.2, 4.28 ],
			"to": [ 15.94, 7, 11.48 ],
			"faces": {
				"down": { "uv": [ 7.75, 1.25, 11.5, 2.5 ], "texture": "#atlas" },
				"up": { "uv": [ 7.75, 1.25, 11.5, 2.5 ], "texture": "#atlas" },
				"north": { "uv": [ 12.25, 0, 16, 2.25 ], "texture": "#atlas" },
				"south": { "uv": [ 12.25, 0, 16, 2.25 ], "texture": "#atlas" },
				"west": { "uv": [ 13.5, 0, 14.75, 2.25 ], "texture": "#atlas" },
				"east": { "uv": [ 13.5, 0, 14.75, 2.25 ], "texture": "#atlas" }
			}
		},
		{
			"__comment": "Cube5",
			"from": [ -4.22, -0.2, 11.48 ],
			"to": [ 14.5, 7, 14.36 ],
			"faces": {
				"down": { "uv": [ 8, 2.5, 11.25, 3 ], "texture": "#atlas" },
				"up": { "uv": [ 8, 2.5, 11.25, 3 ], "texture": "#atlas" },
				"south": { "uv": [ 12.5, 0, 15.75, 2.25 ], "texture": "#atlas" },
				"west": { "uv": [ 14.75, 0, 15.25, 2.25 ], "texture": "#atlas" },
				"east": { "uv": [ 14.75, 0, 15.25, 2.25 ], "texture": "#atlas" }
			}
		},
		{
			"__comment": "Cube6",
			"from": [ -2.78, -0.2, 14.36 ],
			"to": [ 13.06, 7, 15.8 ],
			"faces": {
				"down": { "uv": [ 8.25, 3, 11, 3.25 ], "texture": "#atlas" },
				"up": { "uv": [ 8.25, 3, 11, 3.25 ], "texture": "#atlas" },
				"south": { "uv": [ 12.75, 0, 15.5, 2.25 ], "texture": "#atlas" },
				"west": { "uv": [ 15.25, 0, 15.5, 2.25 ], "texture": "#atlas" },
				"east": { "uv": [ 15.25, 0, 15.5, 2.25 ], "texture": "#atlas" }
			}
		},
		{
			"__comment": "Cube7",
			"from": [ -1.34, -0.2, 15.8 ],
			"to": [ 11.62, 7, 17.24 ],
			"faces": {
				"down": { "uv": [ 8.5, 3.25, 10.75, 3.5 ], "texture": "#atlas" },
				"up": { "uv": [ 8.5, 3.25, 10.75, 3.5 ], "texture": "#atlas" },
				"south": { "uv": [ 13, 0, 15.25, 2.25 ], "texture": "#atlas" },
				"west": { "uv": [ 15.5, 0, 15.75, 2.25 ], "texture": "#atlas" },
				"east": { "uv": [ 15.5, 0, 15.75, 2.25 ], "texture": "#atlas" }
			}
		},
		{
			"__comment": "Cube8",
			"from": [ 1.54, -0.2, 17.24 ],
			"to": [ 8.74, 7, 18.68 ],
			"faces": {
				"down": { "uv": [ 9, 3.5, 10.25, 3.75 ], "texture": "#atlas" },
				"up": { "uv": [ 9, 3.5, 10.25, 3.75 ], "texture": "#atlas" },
				"south": { "uv": [ 13.25, 0, 14.5, 2.25 ], "texture": "#atlas" },
				"west": { "uv": [ 15.75, 0, 16, 2.25 ], "texture": "#atlas" },
				"east": { "uv": [ 15.75, 0, 16, 2.25 ], "texture": "#atlas" }
			}
		},
		{
			"__comment": "Cube5",
			"from": [ -4.22, -0.2, 1.4 ],
			"to": [ 14.5, 7, 4.28 ],
			"faces": {
				"down": { "uv": [ 8, 0.75, 11.25, 1.25 ], "texture": "#atlas" },
				"up": { "uv": [ 8, 0.75, 11.25, 1.25 ], "texture": "#atlas" },
				"north": { "uv": [ 12.5, 0, 15.75, 2.25 ], "texture": "#atlas" },
				"west": { "uv": [ 12.75, 0, 13.25, 2.25 ], "texture": "#atlas" },
				"east": { "uv": [ 14.75, 0, 15.25, 2.25 ], "texture": "#atlas" }
			}
		},
		{
			"__comment": "Cube6",
			"from": [ -2.78, -0.2, -0.04 ],
			"to": [ 13.06, 7, 1.4 ],
			"faces": {
				"down": { "uv": [ 8.25, 0.5, 11, 0.75 ], "texture": "#atlas" },
				"up": { "uv": [ 8.25, 0.5, 11, 0.75 ], "texture": "#atlas" },
				"north": { "uv": [ 12.75, 0, 15.5, 2.25 ], "texture": "#atlas" },
				"west": { "uv": [ 12.5, 0, 12.75, 2.25 ], "texture": "#atlas" },
				"east": { "uv": [ 12.5, 0, 12.75, 2.25 ], "texture": "#atlas" }
			}
		},
		{
			"__comment": "Cube7",
			"from": [ -1.34, -0.2, -1.48 ],
			"to": [ 11.62, 7, -0.03999996 ],
			"faces": {
				"down": { "uv": [ 8.5, 0.25, 10.75, 0.5 ], "texture": "#atlas" },
				"up": { "uv": [ 8.5, 0.25, 10.75, 0.5 ], "texture": "#atlas" },
				"north": { "uv": [ 13, 0, 15.25, 2.25 ], "texture": "#atlas" },
				"west": { "uv": [ 12.25, 0, 12.5, 2.25 ], "texture": "#atlas" },
				"east": { "uv": [ 12.25, 0, 12.5, 2.25 ], "texture": "#atlas" }
			}
		},
		{
			"__comment": "Cube8",
			"from": [ 1.54, -0.2, -2.92 ],
			"to": [ 8.74, 7, -1.48 ],
			"faces": {
				"down": { "uv": [ 9, 0, 10.25, 0.25 ], "texture": "#atlas" },
				"up": { "uv": [ 9, 0, 10.25, 0.25 ], "texture": "#atlas" },
				"north": { "uv": [ 13.25, 0, 14.5, 2.25 ], "texture": "#atlas" },
				"west": { "uv": [ 12, 0, 12.25, 2.25 ], "texture": "#atlas" },
				"east": { "uv": [ 12, 0, 12.25, 2.25 ], "texture": "#atlas" }
			}
		}
	],
	"display": {
		"head": {
			"scale":  [ 5, 5, 5 ],
			"translation":  [ 3, -17, 4 ]
		},
		"ground": {
			"translation":  [ 0, 12, 0 ],
			"scale":  [ 0.4, 0.4, 0.4 ]
		}
	}
}