{
	"__comment": "Designed by Robotnikman with Cubik Studio - https://cubik.studio",
	"textures": {
		"atlas": "robotnikman/guns/bazooka"
	},
	"elements": [
		{
			"__comment": "Cube1",
			"from": [ 6, 8, 0 ],
			"to": [ 10, 12, 21 ],
			"faces": {
				"down": { "uv": [ 0, 5.5, 2.5, 16 ], "texture": "#atlas", "rotation": 180 },
				"up": { "uv": [ 2.5, 5.5, 5, 16 ], "texture": "#atlas", "rotation": 180 },
				"north": { "uv": [ 0, 0.5, 2.5, 3 ], "texture": "#atlas" },
				"south": { "uv": [ 0, 3, 2.5, 5.5 ], "texture": "#atlas" },
				"west": { "uv": [ 5, 11, 15.5, 13.5 ], "texture": "#atlas" },
				"east": { "uv": [ 5, 13.5, 15.5, 16 ], "texture": "#atlas" }
			}
		},
		{
			"__comment": "Cube2",
			"from": [ 7, 6, 8.5 ],
			"to": [ 9, 8, 9.5 ],
			"faces": {
				"down": { "uv": [ 0, 0, 1.5, 0.5 ], "texture": "#atlas", "rotation": 180 },
				"north": { "uv": [ 6.5, 10, 8, 11 ], "texture": "#atlas" },
				"south": { "uv": [ 5, 10, 6.5, 11 ], "texture": "#atlas" },
				"west": { "uv": [ 4.5, 3.5, 5, 4.5 ], "texture": "#atlas" },
				"east": { "uv": [ 4.5, 4.5, 5, 5.5 ], "texture": "#atlas" }
			}
		},
		{
			"__comment": "Cube3",
			"from": [ 7, 6, 6.5 ],
			"to": [ 9, 8, 7.5 ],
			"faces": {
				"down": { "uv": [ 5, 9.5, 6.5, 10 ], "texture": "#atlas", "rotation": 180 },
				"north": { "uv": [ 9.5, 10, 11, 11 ], "texture": "#atlas" },
				"south": { "uv": [ 8, 10, 9.5, 11 ], "texture": "#atlas" },
				"west": { "uv": [ 4.5, 1, 5, 2 ], "texture": "#atlas" },
				"east": { "uv": [ 4.5, 2, 5, 3 ], "texture": "#atlas" }
			}
		},
		{
			"__comment": "Cube4",
			"from": [ 7, 6, 7.5 ],
			"to": [ 9, 7, 8.5 ],
			"faces": {
				"down": { "uv": [ 8, 9.5, 9.5, 10 ], "texture": "#atlas", "rotation": 180 },
				"up": { "uv": [ 9.5, 9.5, 11, 10 ], "texture": "#atlas", "rotation": 180 },
				"west": { "uv": [ 2.5, 0, 3, 0.5 ], "texture": "#atlas" },
				"east": { "uv": [ 4.5, 3, 5, 3.5 ], "texture": "#atlas" }
			}
		},
		{
			"__comment": "Cube5",
			"from": [ 7.5, 5.5, 3 ],
			"to": [ 8.5, 8, 4 ],
			"faces": {
				"down": { "uv": [ 11, 10, 12, 11 ], "texture": "#atlas", "rotation": 180 },
				"north": { "uv": [ 3.5, 3, 4.5, 5.5 ], "texture": "#atlas" },
				"south": { "uv": [ 2.5, 3, 3.5, 5.5 ], "texture": "#atlas" },
				"west": { "uv": [ 3.5, 0.5, 4.5, 3 ], "texture": "#atlas" },
				"east": { "uv": [ 2.5, 0.5, 3.5, 3 ], "texture": "#atlas" }
			}
		},
		{
			"__comment": "Cube6",
			"from": [ 7.5, 12, 14.5 ],
			"to": [ 8.5, 13, 18 ],
			"faces": {
				"down": { "uv": [ 9, 14.5, 10.5, 16 ], "texture": "#atlas", "rotation": 180 },
				"up": { "uv": [ 9, 14.5, 10.5, 16 ], "texture": "#atlas", "rotation": 180 },
				"north": { "uv": [ 7, 11.5, 11, 13 ], "texture": "#atlas" },
				"south": { "uv": [ 7, 11.5, 11, 13 ], "texture": "#atlas" },
				"west": { "uv": [ 7, 11.5, 11, 13 ], "texture": "#atlas" },
				"east": { "uv": [ 7, 11.5, 11, 13 ], "texture": "#atlas" }
			}
		}
	],
	"display": {
		"head": {
			"scale":  [ 1.5, 1.5, 1.5 ],
			"translation":  [ 3, -17, 4 ]
		},
		"gui": {
			"rotation":  [ 30, 45, 0 ],
			"scale":  [ 0.5, 0.5, 0.5 ]
		}
	}
}