{
	"__comment": "Designed by Robotnikman with Cubik Studio - https://cubik.studio",
	"textures": {
		"atlas": "robotnikman/guns/tow"
	},
	"elements": [
		{
			"__comment": "Cube1",
			"from": [ 6, 8.5, 9 ],
			"to": [ 11, 13.5, 23.5 ],
			"faces": {
				"down": { "uv": [ 0, 9, 2.5, 16 ], "texture": "#atlas", "rotation": 180 },
				"up": { "uv": [ 0, 2, 2.5, 9 ], "texture": "#atlas", "rotation": 180 },
				"north": { "uv": [ 9, 8.5, 11.5, 11 ], "texture": "#atlas" },
				"south": { "uv": [ 6.5, 8.5, 9, 11 ], "texture": "#atlas" },
				"west": { "uv": [ 2.5, 11, 9.5, 13.5 ], "texture": "#atlas" },
				"east": { "uv": [ 2.5, 13.5, 9.5, 16 ], "texture": "#atlas" }
			}
		},
		{
			"__comment": "Cube2",
			"from": [ 1, 11.5, 14 ],
			"to": [ 6, 15.5, 17 ],
			"faces": {
				"down": { "uv": [ 6.5, 7, 9, 8.5 ], "texture": "#atlas", "rotation": 180 },
				"up": { "uv": [ 9, 7, 11.5, 8.5 ], "texture": "#atlas", "rotation": 180 },
				"north": { "uv": [ 11.5, 9, 14, 11 ], "texture": "#atlas" },
				"south": { "uv": [ 0, 0, 2.5, 2 ], "texture": "#atlas" },
				"west": { "uv": [ 4.5, 3, 6, 5 ], "texture": "#atlas" },
				"east": { "uv": [ 2.5, 1, 4, 3 ], "texture": "#atlas" }
			}
		},
		{
			"__comment": "Cube3",
			"from": [ 3.5, 13, 12.5 ],
			"to": [ 5.5, 15, 14 ],
			"faces": {
				"down": { "uv": [ 3.5, 0, 4.5, 0.5 ], "texture": "#atlas", "rotation": 180 },
				"up": { "uv": [ 3.5, 0.5, 4.5, 1 ], "texture": "#atlas", "rotation": 180 },
				"north": { "uv": [ 2.5, 0, 3.5, 1 ], "texture": "#atlas" },
				"west": { "uv": [ 5.5, 2, 6, 3 ], "texture": "#atlas" },
				"east": { "uv": [ 6, 2, 6.5, 3 ], "texture": "#atlas" }
			}
		},
		{
			"__comment": "Cube4",
			"from": [ 1.5, 13.5, 12.5 ],
			"to": [ 3, 15, 14 ],
			"faces": {
				"down": { "uv": [ 4, 1, 4.5, 1.5 ], "texture": "#atlas", "rotation": 180 },
				"up": { "uv": [ 15.5, 11, 16, 11.5 ], "texture": "#atlas", "rotation": 180 },
				"north": { "uv": [ 15.5, 11.5, 16, 12 ], "texture": "#atlas" },
				"west": { "uv": [ 6, 3, 6.5, 3.5 ], "texture": "#atlas" },
				"east": { "uv": [ 15.5, 13.5, 16, 14 ], "texture": "#atlas" }
			}
		},
		{
			"__comment": "Cube5",
			"from": [ 6.5, 9, -3 ],
			"to": [ 10.5, 13, 9 ],
			"faces": {
				"down": { "uv": [ 4.5, 5, 6.5, 11 ], "texture": "#atlas", "rotation": 180 },
				"up": { "uv": [ 2.5, 5, 4.5, 11 ], "texture": "#atlas", "rotation": 180 },
				"north": { "uv": [ 2.5, 3, 4.5, 5 ], "texture": "#atlas" },
				"west": { "uv": [ 9.5, 14, 15.5, 16 ], "texture": "#atlas" },
				"east": { "uv": [ 9.5, 11.5, 15.5, 13.5 ], "texture": "#atlas" }
			}
		},
		{
			"__comment": "Cube6",
			"from": [ 7.5, 13.5, 14 ],
			"to": [ 9.5, 14.5, 18 ],
			"faces": {
				"up": { "uv": [ 4.5, 1, 5.5, 3 ], "texture": "#atlas", "rotation": 180 },
				"north": { "uv": [ 14.5, 11, 15.5, 11.5 ], "texture": "#atlas" },
				"south": { "uv": [ 13.5, 11, 14.5, 11.5 ], "texture": "#atlas" },
				"west": { "uv": [ 9.5, 13.5, 11.5, 14 ], "texture": "#atlas" },
				"east": { "uv": [ 11.5, 13.5, 13.5, 14 ], "texture": "#atlas" }
			}
		},
		{
			"__comment": "Cube7",
			"from": [ 8, 5.5, 3.5 ],
			"to": [ 9, 9, 4.5 ],
			"faces": {
				"down": { "uv": [ 15.5, 14, 16, 14.5 ], "texture": "#atlas", "rotation": 180 },
				"north": { "uv": [ 6, 3.5, 6.5, 5 ], "texture": "#atlas" },
				"south": { "uv": [ 4, 1.5, 4.5, 3 ], "texture": "#atlas" },
				"west": { "uv": [ 15.5, 12, 16, 13.5 ], "texture": "#atlas" },
				"east": { "uv": [ 15.5, 14.5, 16, 16 ], "texture": "#atlas" }
			}
		},
		{
			"__comment": "Cube8",
			"from": [ 1.5, 13.5, 17 ],
			"to": [ 5.5, 15, 18 ],
			"faces": {
				"down": { "uv": [ 13.5, 13.5, 15.5, 14 ], "texture": "#atlas", "rotation": 180 },
				"up": { "uv": [ 9.5, 11, 11.5, 11.5 ], "texture": "#atlas", "rotation": 180 },
				"south": { "uv": [ 11.5, 11, 13.5, 11.5 ], "texture": "#atlas" },
				"west": { "uv": [ 6, 1.5, 6.5, 2 ], "texture": "#atlas" },
				"east": { "uv": [ 5.5, 1.5, 6, 2 ], "texture": "#atlas" }
			}
		},
		{
			"__comment": "Cube7",
			"from": [ 8, 5, 9.5 ],
			"to": [ 9, 8.5, 10.5 ],
			"faces": {
				"down": { "uv": [ 15.5, 14, 16, 14.5 ], "texture": "#atlas", "rotation": 180 },
				"north": { "uv": [ 6, 3.5, 6.5, 5 ], "texture": "#atlas" },
				"south": { "uv": [ 4, 1.5, 4.5, 3 ], "texture": "#atlas" },
				"west": { "uv": [ 15.5, 12, 16, 13.5 ], "texture": "#atlas" },
				"east": { "uv": [ 15.5, 14.5, 16, 16 ], "texture": "#atlas" }
			}
		}
	],
	"display": {
		"head": {
			"scale":  [ 1.5, 1.5, 1.5 ],
			"translation":  [ 3, -17, 4 ]
		},
		"gui": {
			"rotation":  [ 30, 45, 0 ],
			"scale":  [ 0.5, 0.5, 0.5 ]
		}
	}
}