{
   "bazooka":{
      "sounds":[
         {
            "name":"shoot/bazooka",
            "stream":false
         }
      ],
      "category":"master"
   },
   "garand":{
      "sounds":[
         {
            "name":"shoot/garand",
            "stream":false
         }
      ],
      "category":"master"
   },
   "autocannon":{
      "sounds":[
         {
            "name":"shoot/autocannon",
            "stream":false
         }
      ],
      "category":"master"
   },
   "m4":{
      "sounds":[
         {
            "name":"shoot/m4",
            "stream":false
         }
      ],
      "category":"master"
   },
   "minigun":{
      "sounds":[
         {
            "name":"shoot/minigun",
            "stream":false
         }
      ],
      "category":"master"
   },
   "lasgun":{
      "sounds":[
         {
            "name":"shoot/lasguncrack",
            "stream":false
         }
      ],
      "category":"master"
   },
   "mosin":{
      "sounds":[
         {
            "name":"shoot/mosin1",
            "stream":false
         }
      ],
      "category":"master"
   },
   "mp5":{
      "sounds":[
         {
            "name":"shoot/mp5",
            "stream":false
         }
      ],
      "category":"master"
   },
   "olympia":{
      "sounds":[
         {
            "name":"shoot/olympia",
            "stream":false
         }
      ],
      "category":"master"
   },
   "python":{
      "sounds":[
         {
            "name":"shoot/python",
            "stream":false
         }
      ],
      "category":"master"
   },
   "recoiless":{
      "sounds":[
         {
            "name":"shoot/recoiless",
            "stream":false
         }
      ],
      "category":"master"
   },
   "v1_incoming":{
      "sounds":[
         {
            "name":"shoot/v1_incoming",
            "stream":false
         }
      ],
      "category":"master"
   },
   "nebelwerfer_barrage":{
      "sounds":[
         {
            "name":"shoot/nebelwerfer_barrage",
            "stream":false
         }
      ],
      "category":"master"
   },
   "nebelwerfer":{
      "sounds":[
         {
            "name":"shoot/nebelwerfer",
            "stream":false
         }
      ],
      "category":"master"
   },
   "tomahawk_incoming":{
      "sounds":[
         {
            "name":"shoot/tomahawk_incoming",
            "stream":false
         }
      ],
      "category":"master"
   },
   "artillery_incoming":{
      "sounds":[
         {
            "name":"shoot/artillery_incoming",
            "stream":false
         }
      ],
      "category":"master"
   },
   "portal_shoot":{
      "sounds":[
         {
            "name":"portal/gunfire01",
            "stream":false
         }
      ],
      "category":"master"
   },
   "portal_enter":{
      "sounds":[
         {
            "name":"portal/portalenter",
            "stream":false
         }
      ],
      "category":"master"
   },
   "portal_destroy":{
      "sounds":[
         {
            "name":"portal/portaldestroy",
            "stream":false
         }
      ],
      "category":"master"
   },
   "portal_fail":{
      "sounds":[
         {
            "name":"portal/portalfail",
            "stream":false
         }
      ],
      "category":"master"
   },
   "star_shoot":{
      "sounds":[
         {
            "name":"shoot/star_shoot",
            "stream":false
         }
      ],
      "category":"master"
   },
   "mega_star_shoot":{
      "sounds":[
         {
            "name":"shoot/mega_star_shoot",
            "stream":false
         }
      ],
      "category":"master"
   },
   "cannon":{
      "sounds":[
         {
            "name":"shoot/cannon",
            "stream":false
         }
      ],
      "category":"master"
   },
   "high_velocity_cannon":{
      "sounds":[
         {
            "name":"shoot/high_velocity_cannon",
            "stream":false
         }
      ],
      "category":"master"
   },
   "small_cannon":{
      "sounds":[
         {
            "name":"shoot/small_cannon",
            "stream":false
         }
      ],
      "category":"master"
   },
   "howitzer":{
      "sounds":[
         {
            "name":"shoot/howitzer",
            "stream":false
         }
      ],
      "category":"master"
   },
   "mortar":{
      "sounds":[
         {
            "name":"shoot/mortar",
            "stream":false
         }
      ],
      "category":"master"
   },
   "nyehhehheh":{
      "sounds":[
         {
            "name":"music/nyehhehheh",
            "stream":true
         }
      ],
      "category":"master"
   },
   "bonetrousle":{
      "sounds":[
         {
            "name":"music/bonetrousle",
            "stream":true
         }
      ],
      "category":"master"
   },
   "checker_dance":{
      "sounds":[
         {
            "name":"music/checker_dance",
            "stream":true
         }
      ],
      "category":"master"
   },
   "machinegun":{
      "sounds":[
         {
            "name":"shoot/machinegun1",
            "stream":false
         },
         {
            "name":"shoot/machinegun2",
            "stream":false
         },
         {
            "name":"shoot/machinegun3",
            "stream":false
         },
         {
            "name":"shoot/machinegun4",
            "stream":false
         },
         {
            "name":"shoot/machinegun5",
            "stream":false
         },
         {
            "name":"shoot/machinegun6",
            "stream":false
         }
      ],
      "category":"master"
   },
   "machinegun2":{
      "sounds":[
         {
            "name":"shoot/m1919a4",
            "stream":false
         }
      ],
      "category":"master"
   },
   "machinegun3":{
      "sounds":[
         {
            "name":"shoot/m1917_30cal",
            "stream":false
         }
      ],
      "category":"master"
   },
   "machinegun4":{
      "sounds":[
         {
            "name":"shoot/m1919mg",
            "stream":false
         }
      ],
      "category":"master"
   },
   "lasgun_shoot":{
      "sounds":[
         {
            "name":"shoot/lasgun_fire",
            "stream":false
         }
      ],
      "category":"master"
   },
   "lascannon_shoot":{
      "sounds":[
         {
            "name":"shoot/laserfire",
            "stream":false
         }
      ],
      "category":"master"
   },
   "laser_charge":{
      "sounds":[
         {
            "name":"shoot/lasercharge",
            "stream":false
         }
      ],
      "category":"master"
   },
   "laser_charge_short":{
      "sounds":[
         {
            "name":"shoot/laserchargeshort",
            "stream":false
         }
      ],
      "category":"master"
   },
   "bar_shoot":{
      "sounds":[
         {
            "name":"shoot/bar_fire",
            "stream":false
         }
      ],
      "category":"master"
   },
   "dirt_explosion":{
      "sounds":[
         {
            "name":"shoot/bazhitdirt01",
            "stream":false
         }
      ],
      "category":"master"
   },
   "bwoop":{
      "sounds":[
         {
            "name":"shoot/bwoop",
            "stream":false
         }
      ],
      "category":"master"
   },
   "mineexplosion":{
      "sounds":[
         {
            "name":"shoot/mine_01",
            "stream":false
         }
      ],
      "category":"master"
   },
   "avre_shoot":{
      "sounds":[
         {
            "name":"shoot/avre_shoot",
            "stream":false
         }
      ],
      "category":"master"
   },
   "danmaku_shoot_1":{
      "sounds":[
         {
            "name":"shoot/danmaku_shoot_1",
            "stream":false
         }
      ],
      "category":"master"
   },
   "danmaku_shoot_2":{
      "sounds":[
         {
            "name":"shoot/danmaku_shoot_2",
            "stream":false
         }
      ],
      "category":"master"
   },
   "gun_laser":{
      "sounds":[
         {
            "name":"shoot/gun_laser",
            "stream":false
         }
      ],
      "category":"master"
   },
   "laser_short":{
      "sounds":[
         {
            "name":"shoot/laser_short",
            "stream":false
         }
      ],
      "category":"master"
   },
   "master_spark":{
      "sounds":[
         {
            "name":"shoot/master_spark",
            "stream":false
         }
      ],
      "category":"master"
   },
   "alarm_1":{
      "sounds":[
         {
            "name":"fx/alarm_1",
            "stream":false
         }
      ],
      "category":"master"
   },
   "alarm_2":{
      "sounds":[
         {
            "name":"fx/alarm_2",
            "stream":false
         }
      ],
      "category":"master"
   },
   "beep_beep":{
      "sounds":[
         {
            "name":"fx/beep_beep",
            "stream":false
         }
      ],
      "category":"master"
   },
   "defeated_explosion":{
      "sounds":[
         {
            "name":"fx/defeated_explosion",
            "stream":false
         }
      ],
      "category":"master"
   },
   "machine_working":{
      "sounds":[
         {
            "name":"fx/machine_working",
            "stream":false
         }
      ],
      "category":"master"
   },
   "servo_motor":{
      "sounds":[
         {
            "name":"fx/servo_motor",
            "stream":false
         }
      ],
      "category":"master"
   },
   "snap":{
      "sounds":[
         {
            "name":"fx/snap",
            "stream":false
         }
      ],
      "category":"master"
   },
   "se_big":{
      "sounds":[
         {
            "name":"fx/se_big",
            "stream":false
         }
      ],
      "category":"master"
   },
   "se_boon01":{
      "sounds":[
         {
            "name":"fx/se_boon01",
            "stream":false
         }
      ],
      "category":"master"
   },
   "magic_border":{
      "sounds":[
         {
            "name":"fx/magic_border",
            "stream":false
         }
      ],
      "category":"master"
   },
   "pingas":{
      "sounds":[
         {
            "name":"fx/pingas",
            "stream":false
         }
      ],
      "category":"master"
   },
   "sonic_hit_fx":{
      "sounds":[
         {
            "name":"fx/sonic_ring_sound_loss",
            "stream":false
         }
      ],
      "category":"master"
   },
   "breaking_box":{
      "sounds":[
         {
            "name":"fx/breaking_box",
            "stream":false
         }
      ],
      "category":"master"
   },
   "long_pingas":{
      "sounds":[
         {
            "name":"fx/long_pingas",
            "stream":false
         }
      ],
      "category":"master"
   },
   "heavy_flak_1":{
      "sounds":[
         {
            "name":"shoot/40mm_part1_01",
            "stream":false
         },
         {
            "name":"shoot/40mm_part1_02",
            "stream":false
         },
         {
            "name":"shoot/40mm_part1_03",
            "stream":false
         }
      ],
      "category":"master"
   },
   "heavy_flak_2":{
      "sounds":[
         {
            "name":"shoot/40mm_part1_01",
            "stream":false
         },
         {
            "name":"shoot/40mm_part1_02",
            "stream":false
         },
         {
            "name":"shoot/40mm_part1_03",
            "stream":false
         }
      ],
      "category":"master"
   },
   "flakvierling_barrage":{
      "sounds":[
         {
            "name":"shoot/flakvierling_barrage",
            "stream":false
         }
      ],
      "category":"master"
   },
   "reload_weapon_1":{
      "sounds":[
         {
            "name":"fx/reload_1",
            "stream":false
         }
      ],
      "category":"master"
   },
   "reload_cannon_1":{
      "sounds":[
         {
            "name":"fx/tank_reload_01",
            "stream":false
         }
      ],
      "category":"master"
   },
   "reload_cannon_2":{
      "sounds":[
         {
            "name":"fx/tank_reload_02",
            "stream":false
         }
      ],
      "category":"master"
   },
   "sniper_railgun":{
      "sounds":[
         {
            "name":"shoot/sniper1",
            "stream":false
         },
         {
            "name":"shoot/sniper2",
            "stream":false
         },
         {
            "name":"shoot/sniper3",
            "stream":false
         }
      ],
      "category":"master"
   },
   "m4_v2":{
      "sounds":[
         {
            "name":"shoot/m4_1",
            "stream":false
         },
         {
            "name":"shoot/m4_2",
            "stream":false
         },
         {
            "name":"shoot/m4_3",
            "stream":false
         },
         {
            "name":"shoot/m4_4",
            "stream":false
         },
         {
            "name":"shoot/m4_3",
            "stream":false
         }
      ],
      "category":"master"
   },
   "mp5_v2":{
      "sounds":[
         {
            "name":"shoot/mp5_1",
            "stream":false
         },
         {
            "name":"shoot/mp5_2",
            "stream":false
         },
         {
            "name":"shoot/mp5_3",
            "stream":false
         },
         {
            "name":"shoot/mp5_4",
            "stream":false
         },
         {
            "name":"shoot/mp5_5",
            "stream":false
         }
      ],
      "category":"master"
   },
   "thompson_v2":{
      "sounds":[
         {
            "name":"shoot/thompson_1",
            "stream":false
         },
         {
            "name":"shoot/thompson_2",
            "stream":false
         },
         {
            "name":"shoot/thompson_3",
            "stream":false
         },
         {
            "name":"shoot/thompson_4",
            "stream":false
         },
         {
            "name":"shoot/thompson_5",
            "stream":false
         },
         {
            "name":"shoot/thompson_6",
            "stream":false
         }
      ],
      "category":"master"
   },
   "thompson_v3":{
      "sounds":[
         {
            "name":"shoot/thompson2_1",
            "stream":false
         },
         {
            "name":"shoot/thompson2_2",
            "stream":false
         },
         {
            "name":"shoot/thompson2_3",
            "stream":false
         },
         {
            "name":"shoot/thompson2_4",
            "stream":false
         },
         {
            "name":"shoot/thompson2_5",
            "stream":false
         }
      ],
      "category":"master"
   },
   "mp_40":{
      "sounds":[
         {
            "name":"shoot/mp40_01",
            "stream":false
         },
         {
            "name":"shoot/mp40_02",
            "stream":false
         },
         {
            "name":"shoot/mp40_03",
            "stream":false
         },
         {
            "name":"shoot/mp40_04",
            "stream":false
         },
         {
            "name":"shoot/mp40_05",
            "stream":false
         }
      ],
      "category":"master"
   },
   "minigun_v2":{
      "sounds":[
         {
            "name":"shoot/minigun_01",
            "stream":false
         },
         {
            "name":"shoot/minigun_02",
            "stream":false
         },
         {
            "name":"shoot/minigun_03",
            "stream":false
         },
         {
            "name":"shoot/minigun_04",
            "stream":false
         },
         {
            "name":"shoot/minigun_05",
            "stream":false
         },
         {
            "name":"shoot/minigun_06",
            "stream":false
         }
      ],
      "category":"master"
   },
   "fireball_shoot":{
      "sounds":[
         {
            "name":"fx/fireball_shoot",
            "stream":false
         }
      ],
      "category":"master"
   },
  "magic.bonk": {
    "sounds": [
      "magic/bonk1",
      "magic/bonk2",
      "magic/bonk3",
      "magic/bonk4"
    ],
    "category": "player"
  },
  "magic.sonic": {
    "sounds": [
      "magic/sonic"
    ],
    "category": "player"
  },
  "magic.crack": {
    "sounds": [
      {
        "name": "magic/crack1",
        "stream": false,
        "volume": 1,
        "pitch": 1,
        "weight": 3
      },
      {
        "name": "magic/crack1",
        "stream": false,
        "volume": 0.9,
        "pitch": 0.7
      },
      {
        "name": "magic/crack1",
        "stream": false,
        "volume": 1,
        "pitch": 0.8
      },
      {
        "name": "magic/crack1",
        "stream": false,
        "volume": 0.8,
        "pitch": 1.2
      },
      {
        "name": "magic/crack1",
        "stream": false,
        "volume": 1,
        "pitch": 1.3
      }
    ],
    "category": "player"
  },
  "magic.electrify": {
    "sounds": [
      {
        "name": "magic/electrify1",
        "stream": false,
        "volume": 1,
        "pitch": 1,
        "weight": 3
      },
      {
        "name": "magic/electrify1",
        "stream": false,
        "volume": 0.9,
        "pitch": 0.7
      },
      {
        "name": "magic/electrify1",
        "stream": false,
        "volume": 1,
        "pitch": 0.8
      },
      {
        "name": "magic/electrify1",
        "stream": false,
        "volume": 0.8,
        "pitch": 1.2
      },
      {
        "name": "magic/electrify1",
        "stream": false,
        "volume": 1,
        "pitch": 1.3
      }
    ],
    "category": "player"
  },
  "magic.hit": {
    "sounds": [
      "magic/hit1",
      "magic/hit2",
      "magic/hit3",
      "magic/hit4"
    ],
    "category": "player"
  },
  "magic.shimmer_crack": {
    "sounds": [
      {
        "name": "magic/shimmer_crack1",
        "stream": false,
        "volume": 1,
        "pitch": 1,
        "weight": 3
      },
      {
        "name": "magic/shimmer_crack1",
        "stream": false,
        "volume": 0.9,
        "pitch": 0.7
      },
      {
        "name": "magic/shimmer_crack1",
        "stream": false,
        "volume": 1,
        "pitch": 0.8
      },
      {
        "name": "magic/shimmer_crack1",
        "stream": false,
        "volume": 0.8,
        "pitch": 1.2
      },
      {
        "name": "magic/shimmer_crack1",
        "stream": false,
        "volume": 1,
        "pitch": 1.3
      }
    ],
    "category": "player"
  },
  "magic.shimmer": {
    "sounds": [
      {
        "name": "magic/shimmer1",
        "stream": false,
        "volume": 1,
        "pitch": 1,
        "weight": 3
      },
      {
        "name": "magic/shimmer1",
        "stream": false,
        "volume": 0.9,
        "pitch": 0.7
      },
      {
        "name": "magic/shimmer1",
        "stream": false,
        "volume": 1,
        "pitch": 0.8
      },
      {
        "name": "magic/shimmer1",
        "stream": false,
        "volume": 0.8,
        "pitch": 1.2
      },
      {
        "name": "magic/shimmer1",
        "stream": false,
        "volume": 1,
        "pitch": 1.3
      }
    ],
    "category": "player"
  },
  "magic.zap_crack": {
    "sounds": [
      {
        "name": "magic/zap_crack1",
        "stream": false,
        "volume": 1,
        "pitch": 1,
        "weight": 3
      },
      {
        "name": "magic/zap_crack1",
        "stream": false,
        "volume": 0.9,
        "pitch": 0.7
      },
      {
        "name": "magic/zap_crack1",
        "stream": false,
        "volume": 1,
        "pitch": 0.8
      },
      {
        "name": "magic/zap_crack1",
        "stream": false,
        "volume": 0.8,
        "pitch": 1.2
      },
      {
        "name": "magic/zap_crack1",
        "stream": false,
        "volume": 1,
        "pitch": 1.3
      }
    ],
    "category": "player"
  },
  "magic.zap": {
    "sounds": [
      {
        "name": "magic/zap1",
        "stream": false,
        "volume": 1,
        "pitch": 1,
        "weight": 3
      },
      {
        "name": "magic/zap1",
        "stream": false,
        "volume": 0.9,
        "pitch": 0.7
      },
      {
        "name": "magic/zap1",
        "stream": false,
        "volume": 1,
        "pitch": 0.8
      },
      {
        "name": "magic/zap1",
        "stream": false,
        "volume": 0.8,
        "pitch": 1.2
      },
      {
        "name": "magic/zap1",
        "stream": false,
        "volume": 1,
        "pitch": 1.3
      }
    ],
    "category": "player"
  },
  "magic.zap_big": {
    "sounds": [
      {
        "name": "magic/zap_big1",
        "stream": false,
        "volume": 1,
        "pitch": 1,
        "weight": 3
      },
      {
        "name": "magic/zap_big1",
        "stream": false,
        "volume": 0.9,
        "pitch": 0.7
      },
      {
        "name": "magic/zap_big1",
        "stream": false,
        "volume": 1,
        "pitch": 0.8
      },
      {
        "name": "magic/zap_big1",
        "stream": false,
        "volume": 0.8,
        "pitch": 1.2
      },
      {
        "name": "magic/zap_big1",
        "stream": false,
        "volume": 1,
        "pitch": 1.3
      }
    ],
    "category": "player"
  },
  "magic.teleport": {
    "sounds": [
      {
        "name": "magic/teleport1",
        "stream": false,
        "volume": 1,
        "pitch": 1,
        "weight": 3
      },
      {
        "name": "magic/teleport1",
        "stream": false,
        "volume": 0.9,
        "pitch": 0.7
      },
      {
        "name": "magic/teleport1",
        "stream": false,
        "volume": 1,
        "pitch": 0.8
      },
      {
        "name": "magic/teleport1",
        "stream": false,
        "volume": 0.8,
        "pitch": 1.2
      },
      {
        "name": "magic/teleport1",
        "stream": false,
        "volume": 1,
        "pitch": 1.3
      },
      {
        "name": "magic/teleport2",
        "stream": false,
        "volume": 1,
        "pitch": 1,
        "weight": 3
      },
      {
        "name": "magic/teleport2",
        "stream": false,
        "volume": 0.9,
        "pitch": 0.7
      },
      {
        "name": "magic/teleport2",
        "stream": false,
        "volume": 1,
        "pitch": 0.8
      },
      {
        "name": "magic/teleport2",
        "stream": false,
        "volume": 0.8,
        "pitch": 1.2
      },
      {
        "name": "magic/teleport2",
        "stream": false,
        "volume": 1,
        "pitch": 1.3
      }
    ],
    "category": "player"
  },
  "magic.shield": {
    "sounds": [
      {
        "name": "magic/shield1",
        "stream": false,
        "volume": 1,
        "pitch": 1,
        "weight": 3
      },
      {
        "name": "magic/shield1",
        "stream": false,
        "volume": 0.9,
        "pitch": 0.7
      },
      {
        "name": "magic/shield1",
        "stream": false,
        "volume": 1,
        "pitch": 0.8
      },
      {
        "name": "magic/shield1",
        "stream": false,
        "volume": 0.8,
        "pitch": 1.2
      },
      {
        "name": "magic/shield1",
        "stream": false,
        "volume": 1,
        "pitch": 1.3
      }
    ],
    "category": "player"
  },
  "magic.burn": {
    "sounds": [
      {
        "name": "magic/burn1",
        "stream": false,
        "volume": 1,
        "pitch": 1,
        "weight": 3
      },
      {
        "name": "magic/burn1",
        "stream": false,
        "volume": 0.9,
        "pitch": 0.7
      },
      {
        "name": "magic/burn1",
        "stream": false,
        "volume": 1,
        "pitch": 0.8
      },
      {
        "name": "magic/burn1",
        "stream": false,
        "volume": 0.8,
        "pitch": 1.2
      },
      {
        "name": "magic/burn1",
        "stream": false,
        "volume": 1,
        "pitch": 1.3
      }
    ],
    "category": "player"
  },
  "magic.ignite": {
    "sounds": [
      {
        "name": "magic/ignite1",
        "stream": false,
        "volume": 1,
        "pitch": 1,
        "weight": 3
      },
      {
        "name": "magic/ignite1",
        "stream": false,
        "volume": 0.9,
        "pitch": 0.7
      },
      {
        "name": "magic/ignite1",
        "stream": false,
        "volume": 1,
        "pitch": 0.8
      },
      {
        "name": "magic/ignite1",
        "stream": false,
        "volume": 0.8,
        "pitch": 1.2
      },
      {
        "name": "magic/ignite1",
        "stream": false,
        "volume": 1,
        "pitch": 1.3
      }
    ],
    "category": "player"
  },
  "magic.shimmer_quiet": {
    "sounds": [
      {
        "name": "magic/shimmer_quiet1",
        "stream": false,
        "volume": 1,
        "pitch": 1,
        "weight": 3
      },
      {
        "name": "magic/shimmer_quiet1",
        "stream": false,
        "volume": 0.9,
        "pitch": 0.7
      },
      {
        "name": "magic/shimmer_quiet1",
        "stream": false,
        "volume": 1,
        "pitch": 0.8
      },
      {
        "name": "magic/shimmer_quiet1",
        "stream": false,
        "volume": 0.8,
        "pitch": 1.2
      },
      {
        "name": "magic/shimmer_quiet1",
        "stream": false,
        "volume": 1,
        "pitch": 1.3
      }
    ],
    "category": "player"
  },
  "magic.flying": {
    "sounds": [
      {
        "name": "magic/flying1",
        "stream": false,
        "volume": 1,
        "pitch": 1,
        "weight": 3
      },
      {
        "name": "magic/flying1",
        "stream": false,
        "volume": 0.9,
        "pitch": 0.7
      },
      {
        "name": "magic/flying1",
        "stream": false,
        "volume": 1,
        "pitch": 0.8
      },
      {
        "name": "magic/flying1",
        "stream": false,
        "volume": 0.8,
        "pitch": 1.2
      },
      {
        "name": "magic/flying1",
        "stream": false,
        "volume": 1,
        "pitch": 1.3
      }
    ],
    "category": "player"
  },
  "magic.paperturn": {
    "sounds": [
      {
        "name": "magic/paperturn1",
        "stream": false,
        "volume": 1,
        "pitch": 1,
        "weight": 3
      },
      {
        "name": "magic/paperturn1",
        "stream": false,
        "volume": 0.9,
        "pitch": 0.7
      },
      {
        "name": "magic/paperturn1",
        "stream": false,
        "volume": 1,
        "pitch": 0.8
      },
      {
        "name": "magic/paperturn1",
        "stream": false,
        "volume": 0.8,
        "pitch": 1.2
      },
      {
        "name": "magic/paperturn1",
        "stream": false,
        "volume": 1,
        "pitch": 1.3
      }
    ],
    "category": "player"
  },
  "magic.wandup": {
    "sounds": [
      {
        "name": "magic/wandup1",
        "stream": false,
        "volume": 1,
        "pitch": 1,
        "weight": 3
      },
      {
        "name": "magic/wandup1",
        "stream": false,
        "volume": 0.9,
        "pitch": 0.7
      },
      {
        "name": "magic/wandup1",
        "stream": false,
        "volume": 1,
        "pitch": 0.8
      },
      {
        "name": "magic/wandup1",
        "stream": false,
        "volume": 0.8,
        "pitch": 1.2
      },
      {
        "name": "magic/wandup1",
        "stream": false,
        "volume": 1,
        "pitch": 1.3
      }
    ],
    "category": "player"
  },
  "magic.wanddown": {
    "sounds": [
      {
        "name": "magic/wanddown1",
        "stream": false,
        "volume": 1,
        "pitch": 1,
        "weight": 3
      },
      {
        "name": "magic/wanddown1",
        "stream": false,
        "volume": 0.9,
        "pitch": 0.7
      },
      {
        "name": "magic/wanddown1",
        "stream": false,
        "volume": 1,
        "pitch": 0.8
      },
      {
        "name": "magic/wanddown1",
        "stream": false,
        "volume": 0.8,
        "pitch": 1.2
      },
      {
        "name": "magic/wanddown1",
        "stream": false,
        "volume": 1,
        "pitch": 1.3
      }
    ],
    "category": "player"
  },
  "magic.shimmer_big": {
    "sounds": [
      {
        "name": "magic/shimmer_big1",
        "stream": false,
        "volume": 1,
        "pitch": 1,
        "weight": 3
      },
      {
        "name": "magic/shimmer_big1",
        "stream": false,
        "volume": 0.9,
        "pitch": 0.7
      },
      {
        "name": "magic/shimmer_big1",
        "stream": false,
        "volume": 1,
        "pitch": 0.8
      },
      {
        "name": "magic/shimmer_big1",
        "stream": false,
        "volume": 0.8,
        "pitch": 1.2
      },
      {
        "name": "magic/shimmer_big1",
        "stream": false,
        "volume": 1,
        "pitch": 1.3
      }
    ],
    "category": "player"
  },
  "magic.shield_boom": {
    "sounds": [
      {
        "name": "magic/shield_boom1",
        "stream": false,
        "volume": 1,
        "pitch": 1,
        "weight": 3
      },
      {
        "name": "magic/shield_boom1",
        "stream": false,
        "volume": 0.9,
        "pitch": 0.7
      },
      {
        "name": "magic/shield_boom1",
        "stream": false,
        "volume": 1,
        "pitch": 0.8
      },
      {
        "name": "magic/shield_boom1",
        "stream": false,
        "volume": 0.8,
        "pitch": 1.2
      },
      {
        "name": "magic/shield_boom1",
        "stream": false,
        "volume": 1,
        "pitch": 1.3
      }
    ],
    "category": "player"
  },
  "magic.zap_up": {
    "sounds": [
      {
        "name": "magic/zap_up1",
        "stream": false,
        "volume": 1,
        "pitch": 1,
        "weight": 3
      },
      {
        "name": "magic/zap_up1",
        "stream": false,
        "volume": 0.9,
        "pitch": 0.7
      },
      {
        "name": "magic/zap_up1",
        "stream": false,
        "volume": 1,
        "pitch": 0.8
      },
      {
        "name": "magic/zap_up1",
        "stream": false,
        "volume": 0.8,
        "pitch": 1.2
      },
      {
        "name": "magic/zap_up1",
        "stream": false,
        "volume": 1,
        "pitch": 1.3
      }
    ],
    "category": "player"
  },
  "magic.vanish": {
    "sounds": [
      {
        "name": "magic/vanish1",
        "stream": false,
        "volume": 1,
        "pitch": 1,
        "weight": 3
      },
      {
        "name": "magic/vanish1",
        "stream": false,
        "volume": 0.9,
        "pitch": 0.7
      },
      {
        "name": "magic/vanish1",
        "stream": false,
        "volume": 1,
        "pitch": 0.8
      },
      {
        "name": "magic/vanish1",
        "stream": false,
        "volume": 0.8,
        "pitch": 1.2
      },
      {
        "name": "magic/vanish1",
        "stream": false,
        "volume": 1,
        "pitch": 1.3
      }
    ],
    "category": "player"
  },
  "flute.1c": {
    "sounds": [
      "flute/1cmid"
    ],
    "category": "player"
  },
  "flute.2csharp": {
    "sounds": [
      "flute/2csharp"
    ],
    "category": "player"
  },
  "flute.3d": {
    "sounds": [
      "flute/3d"
    ],
    "category": "player"
  },
  "flute.4dsharp": {
    "sounds": [
      "flute/4dsharp"
    ],
    "category": "player"
  },
  "flute.5e": {
    "sounds": [
      "flute/5e"
    ],
    "category": "player"
  },
  "flute.6f": {
    "sounds": [
      "flute/6f"
    ],
    "category": "player"
  },
  "flute.7fsharp": {
    "sounds": [
      "flute/7fsharp"
    ],
    "category": "player"
  },
  "flute.8g": {
    "sounds": [
      "flute/8g"
    ],
    "category": "player"
  },
  "flute.9gsharp": {
    "sounds": [
      "flute/9gsharp"
    ],
    "category": "player"
  },
  "flute.10a": {
    "sounds": [
      "flute/10a"
    ],
    "category": "player"
  },
  "flute.11asharp": {
    "sounds": [
      "flute/11asharp"
    ],
    "category": "player"
  },
  "flute.12b": {
    "sounds": [
      "flute/12b"
    ],
    "category": "player"
  },
  "flute.13coctave": {
    "sounds": [
      "flute/13coctave"
    ],
    "category": "player"
  },
  "flute.14csharp": {
    "sounds": [
      "flute/14csharp"
    ],
    "category": "player"
  },
  "flute.15d": {
    "sounds": [
      "flute/15d"
    ],
    "category": "player"
  },
  "flute.16dsharp": {
    "sounds": [
      "flute/16dsharp"
    ],
    "category": "player"
  },
  "flute.17e": {
    "sounds": [
      "flute/17e"
    ],
    "category": "player"
  },
  "flute.18f": {
    "sounds": [
      "flute/18f"
    ],
    "category": "player"
  },
  "flute.19fsharp": {
    "sounds": [
      "flute/19fsharp"
    ],
    "category": "player"
  },
  "flute.20g": {
    "sounds": [
      "flute/20g"
    ],
    "category": "player"
  },
  "flute.21gsharp": {
    "sounds": [
      "flute/21gsharp"
    ],
    "category": "player"
  },
  "flute.22a": {
    "sounds": [
      "flute/22a"
    ],
    "category": "player"
  },
  "flute.23asharp": {
    "sounds": [
      "flute/23asharp"
    ],
    "category": "player"
  },
  "flute.24b": {
    "sounds": [
      "flute/24b"
    ],
    "category": "player"
  },
  "magic.saberon": {
    "category": "player",
    "sounds": [
      {
        "weight": 3,
        "pitch": 1,
        "volume": 1.3,
        "stream": false,
        "name": "saber/saberon"
      },
      {
        "pitch": 0.7,
        "volume": 1.4,
        "stream": false,
        "name": "saber/saberon"
      },
      {
        "pitch": 0.8,
        "volume": 1.2,
        "stream": false,
        "name": "saber/saberon"
      },
      {
        "pitch": 1.1,
        "volume": 1.3,
        "stream": false,
        "name": "saber/saberon"
      }
    ]
  },
  "magic.saberoff": {
    "category": "player",
    "sounds": [
      {
        "weight": 3,
        "pitch": 1,
        "volume": 1,
        "stream": false,
        "name": "saber/saberoff"
      },
      {
        "pitch": 0.7,
        "volume": 0.9,
        "stream": false,
        "name": "saber/saberoff"
      },
      {
        "pitch": 0.8,
        "volume": 1,
        "stream": false,
        "name": "saber/saberoff"
      },
      {
        "pitch": 1.2,
        "volume": 0.8,
        "stream": false,
        "name": "saber/saberoff"
      },
      {
        "pitch": 1.3,
        "volume": 1,
        "stream": false,
        "name": "saber/saberoff"
      }
    ]
  },
  "magic.saberhum": {
    "category": "player",
    "sounds": [
      {
        "pitch": 1,
        "volume": 5,
        "stream": false,
        "name": "saber/saberhum"
      }
    ]
  },
  "magic.saberhit": {
    "category": "player",
    "sounds": [
      {
        "weight": 3,
        "pitch": 1,
        "volume": 1,
        "stream": false,
        "name": "saber/saberhit"
      },
      {
        "pitch": 0.7,
        "volume": 0.9,
        "stream": false,
        "name": "saber/saberhit"
      },
      {
        "pitch": 0.8,
        "volume": 1,
        "stream": false,
        "name": "saber/saberhit"
      },
      {
        "pitch": 1.2,
        "volume": 0.8,
        "stream": false,
        "name": "saber/saberhit"
      },
      {
        "pitch": 1.3,
        "volume": 1,
        "stream": false,
        "name": "saber/saberhit"
      }
    ]
  },
  "magic.saberswing": {
    "category": "player",
    "sounds": [
      "saber/saberswing1",
      "saber/saberswing2",
      "saber/saberswing3",
      "saber/saberswing4",
      "saber/saberswing5",
      "saber/saberswing6",
      "saber/saberswing7",
      "saber/saberswing8"
    ]
  },
  "magic.ringing": {
    "sounds": [
      "magic/ringing1"
    ],
    "category": "player"
  },
   "fx.ricochet": {
    "category": "master",
    "sounds": [ "fx/bowhit1", "fx/bowhit2", "fx/bowhit3", "fx/bowhit4" ]
  },
  "fx.whiz": {
    "category": "master",
    "sounds": [
      {
				"name": "fx/whiz1",
				"weight": 4
			},
      {
				"name": "fx/whiz2",
				"weight": 1
			},
      {
				"name": "fx/whiz3",
				"weight": 2
			}
    ]
  },
  "explosion.frag": {
    "category": "master",
	  "sounds": [ "explosion/frag" ]
  },
  "reload.start.light": {
    "category": "master",
	  "sounds": [ "reload/eject_mag_light" ]
  },
  "reload.end.light": {
    "category": "master",
	  "sounds": [ "reload/insert_mag_light" ]
  },
  "reload.start.normal": {
    "category": "master",
	  "sounds": [ "reload/eject_mag_normal" ]
  },
  "reload.end.normal": {
    "category": "master",
	  "sounds": [ "reload/insert_mag_normal" ]
  },
  "reload.start.heavy": {
    "category": "master",
	  "sounds": [ "reload/eject_mag_minigun" ]
  },
  "reload.end.heavy": {
    "category": "master",
	  "sounds": [ "reload/insert_mag_minigun" ]
  },
  "reload.start.shotgun": {
    "category": "master",
	  "sounds": [ "reload/insert_shotgun_shells" ]
  },
  "scope.in": {
    "category": "master",
	  "sounds": [ "scope/start_scope" ]
  },
  "scope.out": {
    "category": "master",
	  "sounds": [ "scope/end_scope" ]
  },
  "shoot.50gs": {
    "category": "master",
	  "sounds": [ "shoot/50gs" ]
  },
  "shoot.357magnum": {
    "category": "master",
	  "sounds": [ "shoot/357magnum" ]
  },
  "shoot.ak47": {
    "category": "master",
	  "sounds": [ "shoot/ak47" ]
  },
  "shoot.aug": {
    "category": "master",
	  "sounds": [ "shoot/aug" ]
  },
  "shoot.ax50": {
    "category": "master",
	  "sounds": [ "shoot/ax50" ]
  },
  "shoot.fnfal": {
    "category": "master",
	  "sounds": [ "shoot/fnfal" ]
  },
  "shoot.fr556": {
    "category": "master",
	  "sounds": [ "shoot/fr556" ]
  },
  "shoot.kar98k": {
    "category": "master",
	  "sounds": [ "shoot/kar98k" ]
  },
  "shoot.m4a1": {
    "category": "master",
	  "sounds": [ "shoot/m4a1" ]
  },
  "shoot.mg34": {
    "category": "master",
	  "sounds": [ "shoot/mg34" ]
  },
  "shoot.origin12": {
    "category": "master",
	  "sounds": [ "shoot/origin12" ]
  },
  "shoot.r90": {
    "category": "master",
	  "sounds": [ "shoot/r90shotgun" ]
  },
  "shoot.rpg7": {
    "category": "master",
	  "sounds": [ "shoot/rpg7" ]
  },
  "shoot.uzi": {
    "category": "master",
	  "sounds": [ "shoot/uzi" ]
  }
}