{
	"__comment": "Designed by Robotnikman with Cubik Studio - https://cubik.studio",
	"textures": {
		"atlas": "robotnikman/emplacements/flak_cannon_top"
	},
	"elements": [
		{
			"__comment": "Cube1",
			"from": [ 5.5, 1.875, 5.5 ],
			"to": [ 10.5, 2.875, 10.5 ],
			"faces": {
				"down": { "uv": [ 1, 11, 3.5, 13.5 ], "texture": "#atlas" },
				"north": { "uv": [ 1, 15.5, 3.5, 16 ], "texture": "#atlas" },
				"south": { "uv": [ 1, 15.5, 3.5, 16 ], "texture": "#atlas" },
				"west": { "uv": [ 11, 7, 13.5, 7.5 ], "texture": "#atlas" },
				"east": { "uv": [ 11, 7, 13.5, 7.5 ], "texture": "#atlas" }
			}
		},
		{
			"__comment": "Cube2",
			"from": [ 5.5, 2.875, 3.5 ],
			"to": [ 10.5, 3.875, 12.5 ],
			"faces": {
				"down": { "uv": [ 1, 10, 3.5, 14.5 ], "texture": "#atlas" },
				"north": { "uv": [ 1, 15, 3.5, 15.5 ], "texture": "#atlas" },
				"south": { "uv": [ 1, 15, 3.5, 15.5 ], "texture": "#atlas" },
				"west": { "uv": [ 10, 6.5, 14.5, 7 ], "texture": "#atlas" },
				"east": { "uv": [ 10, 6.5, 14.5, 7 ], "texture": "#atlas" }
			}
		},
		{
			"__comment": "Cube3",
			"from": [ 5.5, 3.875, 2.5 ],
			"to": [ 10.5, 4.875, 13.5 ],
			"faces": {
				"down": { "uv": [ 1, 9.500001, 3.5, 15 ], "texture": "#atlas" },
				"north": { "uv": [ 1, 14.5, 3.5, 15 ], "texture": "#atlas" },
				"south": { "uv": [ 1, 14.5, 3.5, 15 ], "texture": "#atlas" },
				"west": { "uv": [ 9.499999, 6, 15, 6.5 ], "texture": "#atlas" },
				"east": { "uv": [ 9.499999, 6, 15, 6.5 ], "texture": "#atlas" }
			}
		},
		{
			"__comment": "Cube4",
			"from": [ 5.5, 4.875, 1.5 ],
			"to": [ 10.5, 6.875, 14.5 ],
			"faces": {
				"down": { "uv": [ 1, 8.999999, 3.5, 15.5 ], "texture": "#atlas" },
				"north": { "uv": [ 1, 13, 3.5, 14 ], "texture": "#atlas" },
				"south": { "uv": [ 1, 13, 3.5, 14 ], "texture": "#atlas" },
				"west": { "uv": [ 9, 5, 15.5, 6 ], "texture": "#atlas" },
				"east": { "uv": [ 9, 5, 15.5, 6 ], "texture": "#atlas" }
			}
		},
		{
			"__comment": "Cube5",
			"from": [ 5.5, 6.875, 0.5 ],
			"to": [ 10.5, 11.875, 15.5 ],
			"faces": {
				"down": { "uv": [ 1, 8.500001, 3.5, 16 ], "texture": "#atlas" },
				"up": { "uv": [ 1, 8.500001, 3.5, 16 ], "texture": "#atlas" },
				"north": { "uv": [ 1, 11, 3.5, 13 ], "texture": "#atlas" },
				"south": { "uv": [ 1, 11, 3.5, 13 ], "texture": "#atlas" },
				"west": { "uv": [ 8.5, 2.5, 16, 5 ], "texture": "#atlas" },
				"east": { "uv": [ 8.5, 2.5, 16, 5 ], "texture": "#atlas" }
			}
		},
		{
			"__comment": "Cube4",
			"from": [ 5.5, 11.875, 1.5 ],
			"to": [ 10.5, 13.875, 14.5 ],
			"faces": {
				"up": { "uv": [ 1, 8.999999, 3.5, 15.5 ], "texture": "#atlas" },
				"north": { "uv": [ 1, 10, 3.5, 11 ], "texture": "#atlas" },
				"south": { "uv": [ 1, 10, 3.5, 11 ], "texture": "#atlas" },
				"west": { "uv": [ 9, 1.5, 15.5, 2.5 ], "texture": "#atlas" },
				"east": { "uv": [ 9, 1.5, 15.5, 2.5 ], "texture": "#atlas" }
			}
		},
		{
			"__comment": "Cube3",
			"from": [ 5.5, 13.875, 2.5 ],
			"to": [ 10.5, 14.875, 13.5 ],
			"faces": {
				"up": { "uv": [ 1, 9.500001, 3.5, 15 ], "texture": "#atlas" },
				"north": { "uv": [ 1, 9.5, 3.5, 10 ], "texture": "#atlas" },
				"south": { "uv": [ 1, 9.5, 3.5, 10 ], "texture": "#atlas" },
				"west": { "uv": [ 9.5, 1, 15, 1.5 ], "texture": "#atlas" },
				"east": { "uv": [ 9.5, 1, 15, 1.5 ], "texture": "#atlas" }
			}
		},
		{
			"__comment": "Cube1",
			"from": [ 5.5, 15.875, 5.5 ],
			"to": [ 10.5, 16.875, 10.5 ],
			"faces": {
				"up": { "uv": [ 1, 11, 3.5, 13.5 ], "texture": "#atlas" },
				"north": { "uv": [ 1, 8.5, 3.5, 9 ], "texture": "#atlas" },
				"south": { "uv": [ 1, 8.5, 3.5, 9 ], "texture": "#atlas" },
				"west": { "uv": [ 11, 0, 13.5, 0.5 ], "texture": "#atlas" },
				"east": { "uv": [ 11, 0, 13.5, 0.5 ], "texture": "#atlas" }
			}
		},
		{
			"__comment": "Cube2",
			"from": [ 5.5, 14.875, 3.5 ],
			"to": [ 10.5, 15.875, 12.5 ],
			"faces": {
				"up": { "uv": [ 1, 10, 3.5, 14.5 ], "texture": "#atlas" },
				"north": { "uv": [ 1, 9, 3.5, 9.5 ], "texture": "#atlas" },
				"south": { "uv": [ 1, 9, 3.5, 9.5 ], "texture": "#atlas" },
				"west": { "uv": [ 10, 0.5, 14.5, 1 ], "texture": "#atlas" },
				"east": { "uv": [ 10, 0.5, 14.5, 1 ], "texture": "#atlas" }
			}
		},
		{
			"__comment": "Cube10",
			"from": [ 10.5, 14.375, 6 ],
			"to": [ 12.5, 15.375, 10 ],
			"faces": {
				"up": { "uv": [ 3.5, 4.5, 4, 5.5 ], "texture": "#atlas", "rotation": 180 },
				"north": { "uv": [ 3.5, 9, 4.5, 9.5 ], "texture": "#atlas" },
				"south": { "uv": [ 3.5, 9, 4.5, 9.5 ], "texture": "#atlas" },
				"west": { "uv": [ 2, 0, 4, 0.5 ], "texture": "#atlas" },
				"east": { "uv": [ 2, 0, 4, 0.5 ], "texture": "#atlas" }
			}
		},
		{
			"__comment": "Cube11",
			"from": [ 10.5, 4.375, 4 ],
			"to": [ 12.5, 5.375, 12 ],
			"faces": {
				"down": { "uv": [ 2.5, 2, 3, 4 ], "texture": "#atlas", "rotation": 180 },
				"north": { "uv": [ 3.5, 14.5, 4.5, 15 ], "texture": "#atlas" },
				"south": { "uv": [ 3.5, 14.5, 4.5, 15 ], "texture": "#atlas" },
				"west": { "uv": [ 1, 5, 5, 5.5 ], "texture": "#atlas" },
				"east": { "uv": [ 1, 5, 5, 5.5 ], "texture": "#atlas" }
			}
		},
		{
			"__comment": "Cube12",
			"from": [ 10.5, 5.375, 3 ],
			"to": [ 12.5, 7.375, 13 ],
			"faces": {
				"down": { "uv": [ 2.5, 6.5, 3, 9 ], "texture": "#atlas", "rotation": 180 },
				"north": { "uv": [ 3.5, 13.5, 4.5, 14.5 ], "texture": "#atlas" },
				"south": { "uv": [ 3.5, 13.5, 4.5, 14.5 ], "texture": "#atlas" },
				"west": { "uv": [ 0.5, 4, 5.5, 5 ], "texture": "#atlas" },
				"east": { "uv": [ 0.5, 4, 5.5, 5 ], "texture": "#atlas" }
			}
		},
		{
			"__comment": "Cube13",
			"from": [ 10.5, 7.375, 2 ],
			"to": [ 12.5, 11.375, 14 ],
			"faces": {
				"down": { "uv": [ 2, 11, 2.5, 14 ], "texture": "#atlas", "rotation": 180 },
				"up": { "uv": [ 2, 2, 2.5, 5 ], "texture": "#atlas", "rotation": 180 },
				"north": { "uv": [ 3.5, 11, 4.5, 13.5 ], "texture": "#atlas" },
				"south": { "uv": [ 3.5, 11, 4.5, 13.5 ], "texture": "#atlas" },
				"east": { "uv": [ 0, 2, 6, 4 ], "texture": "#atlas" }
			}
		},
		{
			"__comment": "Cube12",
			"from": [ 10.5, 11.375, 3 ],
			"to": [ 12.5, 13.375, 13 ],
			"faces": {
				"up": { "uv": [ 2.5, 4, 3, 6.5 ], "texture": "#atlas", "rotation": 180 },
				"north": { "uv": [ 3.5, 10, 4.5, 11 ], "texture": "#atlas" },
				"south": { "uv": [ 3.5, 10, 4.5, 11 ], "texture": "#atlas" },
				"west": { "uv": [ 0.5, 1, 5.5, 2 ], "texture": "#atlas" },
				"east": { "uv": [ 0.5, 1, 5.5, 2 ], "texture": "#atlas" }
			}
		},
		{
			"__comment": "Cube11",
			"from": [ 10.5, 13.375, 4 ],
			"to": [ 12.5, 14.375, 12 ],
			"faces": {
				"up": { "uv": [ 2.5, 0, 3, 2 ], "texture": "#atlas", "rotation": 180 },
				"north": { "uv": [ 3.5, 9.5, 4.5, 10 ], "texture": "#atlas" },
				"south": { "uv": [ 3.5, 9.5, 4.5, 10 ], "texture": "#atlas" },
				"west": { "uv": [ 1, 0.5, 5, 1 ], "texture": "#atlas" },
				"east": { "uv": [ 1, 0.5, 5, 1 ], "texture": "#atlas" }
			}
		},
		{
			"__comment": "Cube10",
			"from": [ 10.5, 3.375, 6 ],
			"to": [ 12.5, 4.375, 10 ],
			"faces": {
				"down": { "uv": [ 4, 9, 4.5, 10 ], "texture": "#atlas", "rotation": 180 },
				"north": { "uv": [ 3.5, 15, 4.5, 15.5 ], "texture": "#atlas" },
				"south": { "uv": [ 3.5, 15, 4.5, 15.5 ], "texture": "#atlas" },
				"west": { "uv": [ 2, 5.5, 4, 6 ], "texture": "#atlas" },
				"east": { "uv": [ 2, 5.5, 4, 6 ], "texture": "#atlas" }
			}
		},
		{
			"__comment": "Cube24",
			"from": [ 12.5, 6.375, 8 ],
			"to": [ 14.5, 10.375, 12 ],
			"rotation": { "origin": [ 12.5, 6.375, 8 ], "axis": "x", "angle": -45 },
			"faces": {
				"down": { "uv": [ 2, 2, 3, 4 ], "texture": "#atlas" },
				"up": { "uv": [ 2, 2, 3, 4 ], "texture": "#atlas" },
				"north": { "uv": [ 2, 2, 3, 4 ], "texture": "#atlas" },
				"south": { "uv": [ 2, 2, 3, 4 ], "texture": "#atlas" },
				"east": { "uv": [ 2, 2, 4, 4 ], "texture": "#atlas" }
			}
		},
		{
			"__comment": "Cube26",
			"from": [ 7, 8.375, -16 ],
			"to": [ 9, 10.375, -2 ],
			"faces": {
				"down": { "uv": [ 6, 4.499999, 7, 16 ], "texture": "#atlas", "cullface": "north" },
				"up": { "uv": [ 6, 4.499999, 7, 16 ], "texture": "#atlas", "cullface": "north" },
				"north": { "uv": [ 7.5, 11, 10, 13.5 ], "texture": "#atlas", "cullface": "north" },
				"west": { "uv": [ 6, 4.5, 7, 16 ], "texture": "#atlas", "cullface": "north", "rotation": 270 },
				"east": { "uv": [ 6, 4.5, 7, 16 ], "texture": "#atlas", "cullface": "north", "rotation": 270 }
			}
		},
		{
			"__comment": "Cube27",
			"from": [ 6.5, 7.875, -2 ],
			"to": [ 9.5, 10.875, 3 ],
			"faces": {
				"down": { "uv": [ 1.5, 6, 3, 8.5 ], "texture": "#atlas", "rotation": 180 },
				"up": { "uv": [ 1.5, 6, 3, 8.5 ], "texture": "#atlas", "rotation": 180 },
				"north": { "uv": [ 1.5, 6, 2, 6.5 ], "texture": "#atlas" },
				"west": { "uv": [ 1.5, 6, 3, 8.5 ], "texture": "#atlas", "rotation": 270 },
				"east": { "uv": [ 1.5, 6, 3, 8.5 ], "texture": "#atlas", "rotation": 270 }
			}
		},
		{
			"__comment": "Cube10",
			"from": [ 3.5, 14.375, 6 ],
			"to": [ 5.5, 15.375, 10 ],
			"faces": {
				"up": { "uv": [ 3.5, 4.5, 4, 5.5 ], "texture": "#atlas" },
				"north": { "uv": [ 3.5, 9, 4.5, 9.5 ], "texture": "#atlas" },
				"south": { "uv": [ 3.5, 9, 4.5, 9.5 ], "texture": "#atlas" },
				"west": { "uv": [ 2, 0, 4, 0.5 ], "texture": "#atlas" },
				"east": { "uv": [ 2, 0, 4, 0.5 ], "texture": "#atlas" }
			}
		},
		{
			"__comment": "Cube11",
			"from": [ 3.5, 4.375, 4 ],
			"to": [ 5.5, 5.375, 12 ],
			"faces": {
				"down": { "uv": [ 2.5, 2, 3, 4 ], "texture": "#atlas" },
				"north": { "uv": [ 3.5, 14.5, 4.5, 15 ], "texture": "#atlas" },
				"south": { "uv": [ 3.5, 14.5, 4.5, 15 ], "texture": "#atlas" },
				"west": { "uv": [ 1, 5, 5, 5.5 ], "texture": "#atlas" },
				"east": { "uv": [ 1, 5, 5, 5.5 ], "texture": "#atlas" }
			}
		},
		{
			"__comment": "Cube12",
			"from": [ 3.5, 5.375, 3 ],
			"to": [ 5.5, 7.375, 13 ],
			"faces": {
				"down": { "uv": [ 2.5, 6.5, 3, 9 ], "texture": "#atlas" },
				"north": { "uv": [ 3.5, 13.5, 4.5, 14.5 ], "texture": "#atlas" },
				"south": { "uv": [ 3.5, 13.5, 4.5, 14.5 ], "texture": "#atlas" },
				"west": { "uv": [ 0.5, 4, 5.5, 5 ], "texture": "#atlas" },
				"east": { "uv": [ 0.5, 4, 5.5, 5 ], "texture": "#atlas" }
			}
		},
		{
			"__comment": "Cube13",
			"from": [ 3.5, 7.375, 2 ],
			"to": [ 5.5, 11.375, 14 ],
			"faces": {
				"down": { "uv": [ 2, 11, 2.5, 14 ], "texture": "#atlas" },
				"up": { "uv": [ 2, 2, 2.5, 5 ], "texture": "#atlas" },
				"north": { "uv": [ 3.5, 11, 4.5, 13.5 ], "texture": "#atlas" },
				"south": { "uv": [ 3.5, 11, 4.5, 13.5 ], "texture": "#atlas" },
				"west": { "uv": [ 0, 2, 6, 4 ], "texture": "#atlas" }
			}
		},
		{
			"__comment": "Cube12",
			"from": [ 3.5, 11.375, 3 ],
			"to": [ 5.5, 13.375, 13 ],
			"faces": {
				"up": { "uv": [ 2.5, 4, 3, 6.5 ], "texture": "#atlas" },
				"north": { "uv": [ 3.5, 10, 4.5, 11 ], "texture": "#atlas" },
				"south": { "uv": [ 3.5, 10, 4.5, 11 ], "texture": "#atlas" },
				"west": { "uv": [ 0.5, 1, 5.5, 2 ], "texture": "#atlas" },
				"east": { "uv": [ 0.5, 1, 5.5, 2 ], "texture": "#atlas" }
			}
		},
		{
			"__comment": "Cube11",
			"from": [ 3.5, 13.375, 4 ],
			"to": [ 5.5, 14.375, 12 ],
			"faces": {
				"up": { "uv": [ 2.5, 0, 3, 2 ], "texture": "#atlas" },
				"north": { "uv": [ 3.5, 9.5, 4.5, 10 ], "texture": "#atlas" },
				"south": { "uv": [ 3.5, 9.5, 4.5, 10 ], "texture": "#atlas" },
				"west": { "uv": [ 1, 0.5, 5, 1 ], "texture": "#atlas" },
				"east": { "uv": [ 1, 0.5, 5, 1 ], "texture": "#atlas" }
			}
		},
		{
			"__comment": "Cube10",
			"from": [ 3.5, 3.375, 6 ],
			"to": [ 5.5, 4.375, 10 ],
			"faces": {
				"down": { "uv": [ 4, 9, 4.5, 10 ], "texture": "#atlas" },
				"north": { "uv": [ 3.5, 15, 4.5, 15.5 ], "texture": "#atlas" },
				"south": { "uv": [ 3.5, 15, 4.5, 15.5 ], "texture": "#atlas" },
				"west": { "uv": [ 2, 5.5, 4, 6 ], "texture": "#atlas" },
				"east": { "uv": [ 2, 5.5, 4, 6 ], "texture": "#atlas" }
			}
		},
		{
			"__comment": "Cube24",
			"from": [ 1.5, 6.375, 8 ],
			"to": [ 3.5, 10.375, 12 ],
			"rotation": { "origin": [ 1.5, 6.375, 8 ], "axis": "x", "angle": -45 },
			"faces": {
				"down": { "uv": [ 2, 2, 3, 4 ], "texture": "#atlas" },
				"up": { "uv": [ 2, 2, 3, 4 ], "texture": "#atlas" },
				"north": { "uv": [ 2, 2, 3, 4 ], "texture": "#atlas" },
				"south": { "uv": [ 2, 2, 3, 4 ], "texture": "#atlas" },
				"west": { "uv": [ 2, 2, 4, 4 ], "texture": "#atlas" }
			}
		}
	],
	"display": {
		"head": {
			"scale":  [ 1.5, 1.5, 1.5 ],
			"translation":  [ 0, -3, 0 ]
		},
		"ground": {
			"translation":  [ 0, 12, 0 ],
			"scale":  [ 0.4, 0.4, 0.4 ]
		}
	}
}