{"__comment":"Crafted by NullBlox - Do Not Distribute or Modify with outPermission.","textures":{"particle":"item/nubx/nulls_pink","texture":"item/nubx/nulls_light_black","nulls_dark_green":"item/nubx/nulls_dark_green"},"elements":[{"__comment":"Black","from":[-6,8.5,6.25],"to":[1,10,7.75],"faces":{"down":{"uv":[0,0,1,1],"texture":"#texture","cullface":"west"},"up":{"uv":[0,0,1,1],"texture":"#texture","cullface":"west"},"north":{"uv":[0,0,1,1],"texture":"#texture","cullface":"west"},"south":{"uv":[0,0,1,1],"texture":"#texture","cullface":"west"}}},{"__comment":"Black*","from":[1,8.25,6],"to":[5,10.25,8],"faces":{"down":{"uv":[0,0,1,1],"texture":"#texture"},"up":{"uv":[0,0,1,1],"texture":"#texture"},"north":{"uv":[0,0,1,1],"texture":"#texture"},"south":{"uv":[0,0,1,1],"texture":"#texture"},"west":{"uv":[0,0,1,1],"texture":"#texture"}}},{"__comment":"Black*","from":[16,8.5,6.25],"to":[17.5,10,7.75],"faces":{"down":{"uv":[0,0,1,1],"texture":"#texture","cullface":"east"},"up":{"uv":[0,0,1,1],"texture":"#texture","cullface":"east"},"north":{"uv":[0,0,1,1],"texture":"#texture","cullface":"east"},"south":{"uv":[0,0,1,1],"texture":"#texture","cullface":"east"}}},{"__comment":"Black*","from":[17.5,8.25,6],"to":[18.5,10.25,8],"faces":{"down":{"uv":[0,0,1,1],"texture":"#texture","cullface":"east"},"up":{"uv":[0,0,1,1],"texture":"#texture","cullface":"east"},"north":{"uv":[0,0,1,1],"texture":"#texture","cullface":"east"},"south":{"uv":[0,0,1,1],"texture":"#texture","cullface":"east"},"west":{"uv":[0,0,1,1],"texture":"#texture","cullface":"east"}}},{"__comment":"Black*","from":[18.5,7.5,5.5],"to":[19,11,8.5],"faces":{"down":{"uv":[0,0,1,1],"texture":"#texture","cullface":"east"},"up":{"uv":[0,0,1,1],"texture":"#texture","cullface":"east"},"north":{"uv":[0,0,1,1],"texture":"#texture","cullface":"east"},"south":{"uv":[0,0,1,1],"texture":"#texture","cullface":"east"},"west":{"uv":[0,0,1,1],"texture":"#texture","cullface":"east"},"east":{"uv":[0,0,1,1],"texture":"#texture","cullface":"east"}}},{"__comment":"Brown","from":[5,8,5.75],"to":[11,10.5,8.25],"faces":{"down":{"uv":[5,5.75,11,8.25],"texture":"#particle"},"up":{"uv":[5,5.75,11,8.25],"texture":"#particle"},"north":{"uv":[5,5.5,11,8],"texture":"#particle"},"south":{"uv":[5,5.5,11,8],"texture":"#particle"},"west":{"uv":[5.75,5.5,8.25,8],"texture":"#particle"},"east":{"uv":[5.75,5.5,8.25,8],"texture":"#particle"}}},{"__comment":"Brown*","from":[11,8.5,6.25],"to":[16,10,7.75],"faces":{"down":{"uv":[11,6.25,16,7.75],"texture":"#particle"},"up":{"uv":[11,6.25,16,7.75],"texture":"#particle"},"north":{"uv":[11,6,16,7.5],"texture":"#particle"},"south":{"uv":[11,6,16,7.5],"texture":"#particle"}}},{"__comment":"Black*","from":[11.5,8.25,6],"to":[12,10.25,8],"faces":{"down":{"uv":[0,0,1,1],"texture":"#texture"},"up":{"uv":[0,0,1,1],"texture":"#texture"},"north":{"uv":[0,0,1,1],"texture":"#texture"},"south":{"uv":[0,0,1,1],"texture":"#texture"},"west":{"uv":[0,0,1,1],"texture":"#texture"},"east":{"uv":[0,0,1,1],"texture":"#texture"}}},{"__comment":"Black*","from":[15,8.25,6],"to":[15.5,10.25,8],"faces":{"down":{"uv":[0,0,1,1],"texture":"#texture"},"up":{"uv":[0,0,1,1],"texture":"#texture"},"north":{"uv":[0,0,1,1],"texture":"#texture"},"south":{"uv":[0,0,1,1],"texture":"#texture"},"west":{"uv":[0,0,1,1],"texture":"#texture"},"east":{"uv":[0,0,1,1],"texture":"#texture"}}},{"__comment":"Black*","from":[3,5.5,6.5],"to":[4.5,8.5,7.5],"faces":{"down":{"uv":[0,0,1,1],"texture":"#texture"},"up":{"uv":[0,0,1,1],"texture":"#texture"},"north":{"uv":[0,0,1,1],"texture":"#texture"},"south":{"uv":[0,0,1,1],"texture":"#texture"},"west":{"uv":[0,0,1,1],"texture":"#texture"},"east":{"uv":[0,0,1,1],"texture":"#texture"}}},{"__comment":"Black*","from":[-3,8,6.5],"to":[0.5,8.5,7.5],"faces":{"down":{"uv":[0,0,1,1],"texture":"#texture","cullface":"west"},"north":{"uv":[0,0,1,1],"texture":"#texture","cullface":"west"},"south":{"uv":[0,0,1,1],"texture":"#texture","cullface":"west"},"west":{"uv":[0,0,1,1],"texture":"#texture","cullface":"west"},"east":{"uv":[0,0,1,1],"texture":"#texture","cullface":"west"}}},{"__comment":"Black*","from":[-3,6,6.5],"to":[-2.5,8,7.5],"faces":{"down":{"uv":[0,0,1,1],"texture":"#texture","cullface":"west"},"north":{"uv":[0,0,1,1],"texture":"#texture","cullface":"west"},"south":{"uv":[0,0,1,1],"texture":"#texture","cullface":"west"},"west":{"uv":[0,0,1,1],"texture":"#texture","cullface":"west"},"east":{"uv":[0,0,1,1],"texture":"#texture","cullface":"west"}}},{"__comment":"Black*","from":[-2.8125,6,6.5],"to":[-0.8125,6.5,7.5],"rotation":{"origin":[-2.8125,6.5,6.5],"axis":"z","angle":-22.5 },"faces":{"down":{"uv":[0,0,1,1],"texture":"#texture","cullface":"west"},"up":{"uv":[0,0,1,1],"texture":"#texture","cullface":"west"},"north":{"uv":[0,0,1,1],"texture":"#texture","cullface":"west"},"south":{"uv":[0,0,1,1],"texture":"#texture","cullface":"west"},"west":{"uv":[0,0,1,1],"texture":"#texture","cullface":"west"},"east":{"uv":[0,0,1,1],"texture":"#texture","cullface":"west"}}},{"__comment":"Black*","from":[-1.5,5,6.5],"to":[0.5,8,7.5],"faces":{"down":{"uv":[0,0,1,1],"texture":"#texture","cullface":"west"},"north":{"uv":[0,0,1,1],"texture":"#texture","cullface":"west"},"south":{"uv":[0,0,1,1],"texture":"#texture","cullface":"west"},"west":{"uv":[0,0,1,1],"texture":"#texture","cullface":"west"},"east":{"uv":[0,0,1,1],"texture":"#texture","cullface":"west"}}},{"__comment":"Black*","from":[-1.25,2,6.5],"to":[0.25,5,7.5],"faces":{"down":{"uv":[0,0,1,1],"texture":"#texture","cullface":"west"},"north":{"uv":[0,0,1,1],"texture":"#texture","cullface":"west"},"south":{"uv":[0,0,1,1],"texture":"#texture","cullface":"west"},"west":{"uv":[0,0,1,1],"texture":"#texture","cullface":"west"},"east":{"uv":[0,0,1,1],"texture":"#texture","cullface":"west"}}},{"__comment":"Black*","from":[-2.0625,6.9375,6.75],"to":[-1.75,8,7.25],"faces":{"down":{"uv":[0,0,1,1],"texture":"#texture","cullface":"west"},"north":{"uv":[0,0,1,1],"texture":"#texture","cullface":"west"},"south":{"uv":[0,0,1,1],"texture":"#texture","cullface":"west"},"west":{"uv":[0,0,1,1],"texture":"#texture","cullface":"west"},"east":{"uv":[0,0,1,1],"texture":"#texture","cullface":"west"}}},{"__comment":"Green","from":[-6.5,8,5.75],"to":[-6,10.5,8.25],"faces":{"down":{"uv":[9,1,9.5,3.5],"texture":"#nulls_dark_green","cullface":"west"},"up":{"uv":[9,1,9.5,3.5],"texture":"#nulls_dark_green","cullface":"west"},"north":{"uv":[9,0,9.5,2.5],"texture":"#nulls_dark_green","cullface":"west"},"south":{"uv":[9,0,9.5,2.5],"texture":"#nulls_dark_green","cullface":"west"},"west":{"uv":[1,0,3.5,2.5],"texture":"#nulls_dark_green","cullface":"west"},"east":{"uv":[1,0,3.5,2.5],"texture":"#nulls_dark_green","cullface":"west"}}},{"__comment":"Green*","from":[-8,8.5,6.25],"to":[-6.5,10,7.75],"faces":{"down":{"uv":[7.5,1.5,9,3],"texture":"#nulls_dark_green","cullface":"west"},"up":{"uv":[7.5,1.5,9,3],"texture":"#nulls_dark_green","cullface":"west"},"north":{"uv":[7.5,0.5,9,2],"texture":"#nulls_dark_green","cullface":"west"},"south":{"uv":[7.5,0.5,9,2],"texture":"#nulls_dark_green","cullface":"west"}}},{"__comment":"Green*","from":[-10,8.25,6],"to":[-8,10.25,8],"faces":{"down":{"uv":[5.5,1.25,7.5,3.25],"texture":"#nulls_dark_green","cullface":"west"},"up":{"uv":[5.5,1.25,7.5,3.25],"texture":"#nulls_dark_green","cullface":"west"},"north":{"uv":[5.5,0.25,7.5,2.25],"texture":"#nulls_dark_green","cullface":"west"},"south":{"uv":[5.5,0.25,7.5,2.25],"texture":"#nulls_dark_green","cullface":"west"},"west":{"uv":[1.25,0.25,3.25,2.25],"texture":"#nulls_dark_green","cullface":"west"},"east":{"uv":[1.25,0.25,3.25,2.25],"texture":"#nulls_dark_green","cullface":"west"}}},{"__comment":"Green*","from":[-11.5,8.5,6.25],"to":[-10,10,7.75],"faces":{"down":{"uv":[4,1.5,5.5,3],"texture":"#nulls_dark_green","cullface":"west"},"up":{"uv":[4,1.5,5.5,3],"texture":"#nulls_dark_green","cullface":"west"},"north":{"uv":[4,0.5,5.5,2],"texture":"#nulls_dark_green","cullface":"west"},"south":{"uv":[4,0.5,5.5,2],"texture":"#nulls_dark_green","cullface":"west"},"west":{"uv":[1.5,0.5,3,2],"texture":"#nulls_dark_green","cullface":"west"}}},{"__comment":"Green*","from":[-12.5,8.75,6.5],"to":[-11.5,9.75,7.5],"faces":{"down":{"uv":[3,1.75,4,2.75],"texture":"#nulls_dark_green","cullface":"west"},"up":{"uv":[3,1.75,4,2.75],"texture":"#nulls_dark_green","cullface":"west"},"north":{"uv":[3,0.75,4,1.75],"texture":"#nulls_dark_green","cullface":"west"},"south":{"uv":[3,0.75,4,1.75],"texture":"#nulls_dark_green","cullface":"west"},"west":{"uv":[1.75,0.75,2.75,1.75],"texture":"#nulls_dark_green","cullface":"west"}}},{"__comment":"Green*","from":[-13.5,9,6.75],"to":[-12.5,9.5,7.25],"faces":{"down":{"uv":[2,2,3,2.5],"texture":"#nulls_dark_green","cullface":"west"},"up":{"uv":[2,2,3,2.5],"texture":"#nulls_dark_green","cullface":"west"},"north":{"uv":[2,1,3,1.5],"texture":"#nulls_dark_green","cullface":"west"},"south":{"uv":[2,1,3,1.5],"texture":"#nulls_dark_green","cullface":"west"},"west":{"uv":[2,1,2.5,1.5],"texture":"#nulls_dark_green","cullface":"west"}}}],"display":{"thirdperson_righthand":{"rotation":[0,-45,0],"translation":[2.27,0.38,6.24],"scale":[0.8,0.8,0.8 ]},"thirdperson_lefthand":{"rotation":[0,133,0],"translation":[3.78,0.57,5.48],"scale":[0.8,0.8,0.8 ]},"head":{"rotation":[0,0,45],"translation":[3.59,-12.85,5.29],"scale":[1,1,1 ]},"ground":{"rotation":[0,0,0],"translation":[3.21,1.89,0],"scale":[0.45,0.45,0.45 ]},"fixed":{"rotation":[0,0,0],"translation":[2.83,0.38,0],"scale":[0.57,0.57,0.57 ]},"firstperson_righthand":{"rotation":[-3,-95,-6],"translation":[-0.94,1.32,4.72],"scale":[1,1,1 ]},"firstperson_lefthand":{"rotation":[-3,95,6],"translation":[-0.94,1.32,4.72],"scale":[1,1,1 ]},"gui":{"rotation":[30,45,0],"translation":[2.27,0.76,0],"scale":[0.62,0.62,0.62 ]}}}