{
	"__comment": "Designed by Robotnikman with Cubik Studio - https://cubik.studio",
	"textures": {
		"atlas": "item/robotnikman/guns/drill"
	},
	"elements": [
		{
			"__comment": "Cube1",
			"from": [ 3.5, 5, 2 ],
			"to": [ 12.5, 14, 5 ],
			"rotation": { "origin": [ 3.5, 5, 5 ], "axis": "x", "angle": 22.5 },
			"faces": {
				"down": { "uv": [ 10, 15.25, 12.25, 16 ], "texture": "#atlas", "rotation": 90 },
				"up": { "uv": [ 7.75, 15.25, 10, 16 ], "texture": "#atlas", "rotation": 270 },
				"north": { "uv": [ 0, 9.25, 2.25, 11.5 ], "texture": "#atlas" },
				"south": { "uv": [ 2.25, 13.75, 4.5, 16 ], "texture": "#atlas" },
				"west": { "uv": [ 6, 12.5, 6.75, 14.75 ], "texture": "#atlas" },
				"east": { "uv": [ 6.75, 12.5, 7.5, 14.75 ], "texture": "#atlas" }
			}
		},
		{
			"__comment": "Cube2",
			"from": [ 4.5, 6.0001, -2.3889 ],
			"to": [ 11.5, 13.0001, 1.1111 ],
			"rotation": { "origin": [ 3.5, 5, 5 ], "axis": "x", "angle": 22.5 },
			"faces": {
				"down": { "uv": [ 0, 8, 1.75, 9.25 ], "texture": "#atlas", "rotation": 90 },
				"up": { "uv": [ 6, 14.75, 7.75, 16 ], "texture": "#atlas", "rotation": 270 },
				"north": { "uv": [ 2.25, 12, 4, 13.75 ], "texture": "#atlas" },
				"west": { "uv": [ 4.5, 11.25, 5.75, 13 ], "texture": "#atlas" },
				"east": { "uv": [ 4.5, 9.5, 5.75, 11.25 ], "texture": "#atlas" }
			}
		},
		{
			"__comment": "Cube3",
			"from": [ 5.5, 7.0001, -5.5 ],
			"to": [ 10.5, 12.0001, -2 ],
			"rotation": { "origin": [ 3.5, 5, 5 ], "axis": "x", "angle": 22.5 },
			"faces": {
				"down": { "uv": [ 4.5, 8.25, 5.75, 9.5 ], "texture": "#atlas", "rotation": 90 },
				"up": { "uv": [ 6, 11.25, 7.25, 12.5 ], "texture": "#atlas", "rotation": 270 },
				"north": { "uv": [ 6, 10, 7.25, 11.25 ], "texture": "#atlas" },
				"west": { "uv": [ 6, 8.75, 7.25, 10 ], "texture": "#atlas" },
				"east": { "uv": [ 7.75, 14, 9, 15.25 ], "texture": "#atlas" }
			}
		},
		{
			"__comment": "Cube4",
			"from": [ 6.5, 8.0002, -9 ],
			"to": [ 9.5, 11.0002, -5.5 ],
			"rotation": { "origin": [ 3.5, 5, 5 ], "axis": "x", "angle": 22.5 },
			"faces": {
				"down": { "uv": [ 7.75, 9.75, 8.5, 11 ], "texture": "#atlas", "rotation": 90 },
				"up": { "uv": [ 9, 11.5, 9.75, 12.75 ], "texture": "#atlas", "rotation": 270 },
				"north": { "uv": [ 15, 15.25, 15.75, 16 ], "texture": "#atlas" },
				"west": { "uv": [ 9.75, 14.5, 11, 15.25 ], "texture": "#atlas" },
				"east": { "uv": [ 7.75, 8.25, 9, 9 ], "texture": "#atlas" }
			}
		},
		{
			"__comment": "Cube6",
			"from": [ 7.5, 9.0004, -12.5 ],
			"to": [ 8.5, 10.0004, -9 ],
			"rotation": { "origin": [ 3.5, 5, 5 ], "axis": "x", "angle": 22.5 },
			"faces": {
				"down": { "uv": [ 1.75, 8, 2, 9.25 ], "texture": "#atlas", "rotation": 90 },
				"up": { "uv": [ 2, 8, 2.25, 9.25 ], "texture": "#atlas", "rotation": 270 },
				"north": { "uv": [ 5.75, 12.5, 6, 12.75 ], "texture": "#atlas" },
				"west": { "uv": [ 7.75, 8, 9, 8.25 ], "texture": "#atlas" },
				"east": { "uv": [ 4.5, 8, 5.75, 8.25 ], "texture": "#atlas" }
			}
		},
		{
			"__comment": "Cube7",
			"from": [ 5.5, 7, 5 ],
			"to": [ 10.5, 12, 8 ],
			"rotation": { "origin": [ 3.5, 5, 5 ], "axis": "x", "angle": 22.5 },
			"faces": {
				"down": { "uv": [ 13.75, 15.25, 15, 16 ], "texture": "#atlas", "rotation": 90 },
				"up": { "uv": [ 7.75, 9, 9, 9.75 ], "texture": "#atlas", "rotation": 270 },
				"west": { "uv": [ 9, 14, 9.75, 15.25 ], "texture": "#atlas" },
				"east": { "uv": [ 9, 12.75, 9.75, 14 ], "texture": "#atlas" }
			}
		},
		{
			"__comment": "Cube8",
			"from": [ 5, 6.5, 8 ],
			"to": [ 11, 12.5, 11 ],
			"rotation": { "origin": [ 3.5, 5, 5 ], "axis": "x", "angle": 22.5 },
			"faces": {
				"down": { "uv": [ 6, 8, 7.5, 8.75 ], "texture": "#atlas", "rotation": 90 },
				"up": { "uv": [ 11.5, 15, 13, 15.75 ], "texture": "#atlas", "rotation": 270 },
				"north": { "uv": [ 4.5, 14.5, 6, 16 ], "texture": "#atlas" },
				"south": { "uv": [ 4.5, 13, 6, 14.5 ], "texture": "#atlas" },
				"west": { "uv": [ 7.75, 11, 8.5, 12.5 ], "texture": "#atlas" },
				"east": { "uv": [ 7.75, 12.5, 8.5, 14 ], "texture": "#atlas" }
			}
		},
		{
			"__comment": "Cube9",
			"from": [ 9.5, 5.5, 5 ],
			"to": [ 10.5, 6.5, 9 ],
			"rotation": { "origin": [ 3.5, 5, 5 ], "axis": "x", "angle": 22.5 },
			"faces": {
				"down": { "uv": [ 13.5, 15.5, 14.5, 16 ], "texture": "#atlas", "rotation": 90 },
				"up": { "uv": [ 13.5, 15.5, 14.5, 16 ], "texture": "#atlas", "rotation": 270 },
				"south": { "uv": [ 10, 13, 10, 13 ], "texture": "#atlas" },
				"west": { "uv": [ 13.5, 15.5, 14.5, 16 ], "texture": "#atlas", "rotation": 180 },
				"east": { "uv": [ 13.5, 15.5, 14.5, 16 ], "texture": "#atlas" }
			}
		},
		{
			"__comment": "Cube10",
			"from": [ 7, 12, 6.5001 ],
			"to": [ 9, 13, 8.500099 ],
			"rotation": { "origin": [ 3.5, 5, 5 ], "axis": "x", "angle": 22.5 },
			"faces": {
				"down": { "uv": [ 4, 10.5, 4.5, 11 ], "texture": "#atlas", "rotation": 180 },
				"up": { "uv": [ 14, 15, 14.5, 15.5 ], "texture": "#atlas", "rotation": 270 },
				"north": { "uv": [ 4, 10.25, 4.5, 10.5 ], "texture": "#atlas", "rotation": 90 },
				"south": { "uv": [ 4, 8.5, 4.5, 8.75 ], "texture": "#atlas" },
				"west": { "uv": [ 7.25, 12.25, 7.75, 12.5 ], "texture": "#atlas" },
				"east": { "uv": [ 7.25, 12, 7.75, 12.25 ], "texture": "#atlas" }
			}
		},
		{
			"__comment": "Cube9",
			"from": [ 5.5, 5.5, 5 ],
			"to": [ 6.5, 6.5, 9 ],
			"rotation": { "origin": [ 3.5, 5, 5 ], "axis": "x", "angle": 22.5 },
			"faces": {
				"down": { "uv": [ 14.5, 15.75, 13.5, 16 ], "texture": "#atlas", "rotation": 270 },
				"up": { "uv": [ 13.5, 15.5, 14.5, 16 ], "texture": "#atlas", "rotation": 270 },
				"south": { "uv": [ 5.75, 12.75, 6, 13 ], "texture": "#atlas" },
				"west": { "uv": [ 14.5, 15.75, 13.5, 16 ], "texture": "#atlas" },
				"east": { "uv": [ 14.5, 15.75, 13.5, 16 ], "texture": "#atlas", "rotation": 180 }
			}
		},
		{
			"__comment": "Cube11",
			"from": [ 3.5, 5, 0 ],
			"to": [ 12.5, 14, 1 ],
			"rotation": { "origin": [ 3.5, 5, 5 ], "axis": "x", "angle": 22.5 },
			"faces": {
				"down": { "uv": [ 2.25, 8.25, 4.5, 8.5 ], "texture": "#atlas" },
				"up": { "uv": [ 2.25, 8, 4.5, 8.25 ], "texture": "#atlas" },
				"north": { "uv": [ 0, 11.5, 2.25, 13.75 ], "texture": "#atlas" },
				"south": { "uv": [ 0, 13.75, 2.25, 16 ], "texture": "#atlas" },
				"west": { "uv": [ 7.5, 12.5, 7.75, 14.75 ], "texture": "#atlas" },
				"east": { "uv": [ 9, 9.25, 9.25, 11.5 ], "texture": "#atlas" }
			}
		},
		{
			"__comment": "Cube12",
			"from": [ 4.5, 6, 1 ],
			"to": [ 11.5, 13, 2 ],
			"rotation": { "origin": [ 3.5, 5, 5 ], "axis": "x", "angle": 22.5 },
			"faces": {
				"down": { "uv": [ 11, 14.75, 12.75, 15 ], "texture": "#atlas" },
				"up": { "uv": [ 11, 15, 12.75, 15.25 ], "texture": "#atlas" },
				"north": { "uv": [ 2.25, 8.5, 4, 10.25 ], "texture": "#atlas" },
				"south": { "uv": [ 2.25, 10.25, 4, 12 ], "texture": "#atlas" },
				"west": { "uv": [ 4.25, 12, 4.5, 13.75 ], "texture": "#atlas" },
				"east": { "uv": [ 4, 12, 4.25, 13.75 ], "texture": "#atlas" }
			}
		}
	],
	"display": {
		"head": {
			"scale":  [ 1.5, 1.5, 1.5 ],
			"translation":  [ 3, -17, 4 ]
		},
		"gui": {
			"rotation":  [ 30, 45, 0 ],
			"scale":  [ 0.5, 0.5, 0.5 ]
		}
	}
}