{"__comment":"Crafted by NullBlox - Do Not Distribute or Modify with outPermission.","textures":{"particle":"item/nubx/nulls_white","texture":"item/nubx/nulls_dark_red","nulls_light_black":"item/nubx/nulls_light_black"},"elements":[{"__comment":"Black","from":[6,16,7.5],"to":[8,18,8.5],"faces":{"north":{"uv":[0,0,1,1],"texture":"#nulls_light_black","cullface":"up"},"south":{"uv":[0,0,1,1],"texture":"#nulls_light_black","cullface":"up"},"west":{"uv":[0,0,1,1],"texture":"#nulls_light_black","cullface":"up"},"east":{"uv":[0,0,1,1],"texture":"#nulls_light_black","cullface":"up"}}},{"__comment":"White","from":[6.25,6.5,6.25],"to":[9.75,9.5,9.75],"faces":{"north":{"uv":[0,0,1,1],"texture":"#particle"},"south":{"uv":[0,0,1,1],"texture":"#particle"},"west":{"uv":[0,0,1,1],"texture":"#particle"},"east":{"uv":[0,0,1,1],"texture":"#particle"}}},{"__comment":"Green","from":[6.25,9.5,6.25],"to":[9.75,14,9.75],"faces":{"north":{"uv":[0,0,1,1],"texture":"#texture"},"south":{"uv":[0,0,1,1],"texture":"#texture"},"west":{"uv":[0,0,1,1],"texture":"#texture"},"east":{"uv":[0,0,1,1],"texture":"#texture"}}},{"__comment":"Green*","from":[6,14,6],"to":[10,16,10],"faces":{"down":{"uv":[0,0,1,1],"texture":"#texture"},"up":{"uv":[0,0,1,1],"texture":"#texture","cullface":"up"},"north":{"uv":[0,0,1,1],"texture":"#texture"},"south":{"uv":[0,0,1,1],"texture":"#texture"},"west":{"uv":[0,0,1,1],"texture":"#texture"},"east":{"uv":[0,0,1,1],"texture":"#texture"}}},{"__comment":"Green*","from":[8,14,5.25],"to":[12,16,9.25],"rotation":{"origin":[8,14,5.25],"axis":"y","angle":-45 },"faces":{"down":{"uv":[0,0,1,1],"texture":"#texture"},"up":{"uv":[0,0,1,1],"texture":"#texture","cullface":"up"},"north":{"uv":[0,0,1,1],"texture":"#texture"},"south":{"uv":[0,0,1,1],"texture":"#texture"},"west":{"uv":[0,0,1,1],"texture":"#texture"},"east":{"uv":[0,0,1,1],"texture":"#texture"}}},{"__comment":"Green*","from":[6.25,2,6.25],"to":[9.75,6.5,9.75],"faces":{"north":{"uv":[0,0,1,1],"texture":"#texture"},"south":{"uv":[0,0,1,1],"texture":"#texture"},"west":{"uv":[0,0,1,1],"texture":"#texture"},"east":{"uv":[0,0,1,1],"texture":"#texture"}}},{"__comment":"Green*","from":[6,0,6],"to":[10,2,10],"faces":{"down":{"uv":[0,0,1,1],"texture":"#texture","cullface":"down"},"up":{"uv":[0,0,1,1],"texture":"#texture"},"north":{"uv":[0,0,1,1],"texture":"#texture"},"south":{"uv":[0,0,1,1],"texture":"#texture"},"west":{"uv":[0,0,1,1],"texture":"#texture"},"east":{"uv":[0,0,1,1],"texture":"#texture"}}},{"__comment":"Green*","from":[7.9375,0,5.3125],"to":[11.9375,2,9.3125],"rotation":{"origin":[7.9375,0,5.3125],"axis":"y","angle":-45 },"faces":{"down":{"uv":[0,0,1,1],"texture":"#texture","cullface":"down"},"up":{"uv":[0,0,1,1],"texture":"#texture"},"north":{"uv":[0,0,1,1],"texture":"#texture"},"south":{"uv":[0,0,1,1],"texture":"#texture"},"west":{"uv":[0,0,1,1],"texture":"#texture"},"east":{"uv":[0,0,1,1],"texture":"#texture"}}},{"__comment":"Black*","from":[7.5,16,7],"to":[9.5,18,9],"faces":{"north":{"uv":[0,0,1,1],"texture":"#nulls_light_black","cullface":"up"},"south":{"uv":[0,0,1,1],"texture":"#nulls_light_black","cullface":"up"},"west":{"uv":[0,0,1,1],"texture":"#nulls_light_black","cullface":"up"},"east":{"uv":[0,0,1,1],"texture":"#nulls_light_black","cullface":"up"}}},{"__comment":"Green*","from":[4,17,7.25],"to":[5.5,18.5,8.75],"faces":{"down":{"uv":[0,0,1,1],"texture":"#texture","cullface":"up"},"up":{"uv":[0,0,1,1],"texture":"#texture","cullface":"up"},"north":{"uv":[0,0,1,1],"texture":"#texture","cullface":"up"},"south":{"uv":[0,0,1,1],"texture":"#texture","cullface":"up"},"west":{"uv":[0,0,1,1],"texture":"#texture","cullface":"up"},"east":{"uv":[0,0,1,1],"texture":"#texture","cullface":"up"}}},{"__comment":"Green*","from":[4,4,7.25],"to":[4.5,17,8.75],"faces":{"down":{"uv":[0,0,1,1],"texture":"#texture","cullface":"up"},"north":{"uv":[0,0,1,1],"texture":"#texture","cullface":"up"},"south":{"uv":[0,0,1,1],"texture":"#texture","cullface":"up"},"west":{"uv":[0,0,1,1],"texture":"#texture","cullface":"up"},"east":{"uv":[0,0,1,1],"texture":"#texture","cullface":"up"}}},{"__comment":"Green*","from":[4.5,4,7.25],"to":[5.5,4.5,8.75],"faces":{"down":{"uv":[0,0,1,1],"texture":"#texture"},"up":{"uv":[0,0,1,1],"texture":"#texture"},"north":{"uv":[0,0,1,1],"texture":"#texture"},"south":{"uv":[0,0,1,1],"texture":"#texture"},"east":{"uv":[0,0,1,1],"texture":"#texture"}}},{"__comment":"Green*","from":[5.5,18,6.5],"to":[10,18.5,9.5],"faces":{"down":{"uv":[0,0,1,1],"texture":"#texture","cullface":"up"},"up":{"uv":[0,0,1,1],"texture":"#texture","cullface":"up"},"north":{"uv":[0,0,1,1],"texture":"#texture","cullface":"up"},"south":{"uv":[0,0,1,1],"texture":"#texture","cullface":"up"},"west":{"uv":[0,0,1,1],"texture":"#texture","cullface":"up"},"east":{"uv":[0,0,1,1],"texture":"#texture","cullface":"up"}}}],"display":{"thirdperson_righthand":{"rotation":[0,0,0],"translation":[0,-2.27,0],"scale":[0.4,0.4,0.4 ]},"thirdperson_lefthand":{"rotation":[0,0,0],"translation":[0,-2.27,0],"scale":[0.4,0.4,0.4 ]},"head":{"rotation":[0,0,45],"translation":[2.46,-22.68,4.34],"scale":[0.5,0.5,0.5 ]},"ground":{"rotation":[0,0,0],"translation":[0,1.7,0],"scale":[0.35,0.35,0.35 ]},"fixed":{"rotation":[0,0,0],"translation":[0,-0.38,0],"scale":[0.7,0.7,0.7 ]},"firstperson_righthand":{"rotation":[0,-45,-17],"translation":[0.76,0.57,0],"scale":[0.6,0.6,0.6 ]},"firstperson_lefthand":{"rotation":[0,109,17],"translation":[0.76,0.56,-0.38],"scale":[0.6,0.6,0.6 ]},"gui":{"rotation":[30,45,0],"translation":[0,-0.57,0],"scale":[0.62,0.62,0.62 ]}}}