{
	"__comment": "Designed by Zachrywilsn with Cubik Studio - http://bdcraft.net",
	"textures": {
		"green": "item/nubx/green"
	},
	"elements": [
		{
			"from": [ -8.5, 8, -1 ],
			"to": [ 23, 9, 0.5 ],
			"faces": {
				"down": { "uv": [ 2.5, 5.5, 13, 5 ], "texture": "#green" },
				"up": { "uv": [ 2.5, 5, 13, 5.5 ], "texture": "#green" },
				"north": { "uv": [ 13, 5, 2.5, 5.25 ], "texture": "#green" },
				"south": { "uv": [ 2.5, 5.25, 13, 5.5 ], "texture": "#green" },
				"west": { "uv": [ 2.5, 5, 2.75, 5.5 ], "texture": "#green", "rotation": 270 },
				"east": { "uv": [ 13, 5.5, 12.75, 5 ], "texture": "#green", "rotation": 270 }
			}
		},
		{
			"from": [ -8.5, 8, 15.5 ],
			"to": [ 23.75, 9, 17 ],
			"faces": {
				"down": { "uv": [ 2.5, 11, 13.25, 10.5 ], "texture": "#green" },
				"up": { "uv": [ 2.5, 10.5, 13.25, 11 ], "texture": "#green" },
				"north": { "uv": [ 13.25, 10.5, 2.5, 10.75 ], "texture": "#green" },
				"south": { "uv": [ 2.5, 10.75, 13.25, 11 ], "texture": "#green" },
				"west": { "uv": [ 2.5, 10.5, 2.75, 11 ], "texture": "#green", "rotation": 270 },
				"east": { "uv": [ 13.25, 11, 13, 10.5 ], "texture": "#green", "rotation": 270 }
			}
		},
		{
			"from": [ -7.75, 8, -1.75 ],
			"to": [ 6.5, 9, 1.25 ],
			"faces": {
				"down": { "uv": [ 2.75, 5.75, 7.5, 4.75 ], "texture": "#green", "cullface": "west" },
				"up": { "uv": [ 2.75, 4.75, 7.5, 5.75 ], "texture": "#green", "cullface": "west" },
				"north": { "uv": [ 7.5, 4.75, 2.75, 5 ], "texture": "#green", "cullface": "west" },
				"south": { "uv": [ 2.75, 5.5, 7.5, 5.75 ], "texture": "#green", "cullface": "west" },
				"west": { "uv": [ 2.75, 4.75, 3, 5.75 ], "texture": "#green", "cullface": "west", "rotation": 270 },
				"east": { "uv": [ 7.5, 5.75, 7.25, 4.75 ], "texture": "#green", "cullface": "west", "rotation": 270 }
			}
		},
		{
			"from": [ -7.75, 8, 14.75 ],
			"to": [ 23, 9, 15.5 ],
			"faces": {
				"down": { "uv": [ 2.75, 10.5, 13, 10.25 ], "texture": "#green", "cullface": "east" },
				"up": { "uv": [ 2.75, 10.25, 13, 10.5 ], "texture": "#green", "cullface": "east" },
				"north": { "uv": [ 13, 10.25, 2.75, 10.5 ], "texture": "#green", "cullface": "east" },
				"west": { "uv": [ 2.75, 10.25, 3, 10.5 ], "texture": "#green", "cullface": "east", "rotation": 270 },
				"east": { "uv": [ 13, 10.5, 12.75, 10.25 ], "texture": "#green", "cullface": "east", "rotation": 270 }
			}
		},
		{
			"from": [ -7.75, 8, 17 ],
			"to": [ 6.5, 9, 17.75 ],
			"faces": {
				"down": { "uv": [ 2.75, 11.25, 7.5, 11 ], "texture": "#green", "cullface": "south" },
				"up": { "uv": [ 2.75, 11, 7.5, 11.25 ], "texture": "#green", "cullface": "south" },
				"south": { "uv": [ 2.75, 11, 7.5, 11.25 ], "texture": "#green", "cullface": "south" },
				"west": { "uv": [ 2.75, 11, 3, 11.25 ], "texture": "#green", "cullface": "south", "rotation": 270 },
				"east": { "uv": [ 7.5, 11.25, 7.25, 11 ], "texture": "#green", "cullface": "south", "rotation": 270 }
			}
		},
		{
			"from": [ -7, 8, -2.5 ],
			"to": [ 5.75, 9, 2 ],
			"faces": {
				"down": { "uv": [ 3, 6, 7.25, 4.5 ], "texture": "#green", "cullface": "west" },
				"up": { "uv": [ 3, 4.5, 7.25, 6 ], "texture": "#green", "cullface": "west" },
				"north": { "uv": [ 7.25, 4.5, 3, 4.75 ], "texture": "#green", "cullface": "west" },
				"south": { "uv": [ 3, 5.75, 7.25, 6 ], "texture": "#green", "cullface": "west" },
				"west": { "uv": [ 3, 4.5, 3.25, 6 ], "texture": "#green", "cullface": "west", "rotation": 270 },
				"east": { "uv": [ 7.25, 6, 7, 4.5 ], "texture": "#green", "cullface": "west", "rotation": 270 }
			}
		},
		{
			"from": [ -7, 8, 14 ],
			"to": [ 22.25, 9, 14.75 ],
			"faces": {
				"down": { "uv": [ 3, 10.25, 12.75, 10 ], "texture": "#green", "cullface": "east" },
				"up": { "uv": [ 3, 10, 12.75, 10.25 ], "texture": "#green", "cullface": "east" },
				"north": { "uv": [ 12.75, 10, 3, 10.25 ], "texture": "#green", "cullface": "east" },
				"west": { "uv": [ 3, 10, 3.25, 10.25 ], "texture": "#green", "cullface": "east", "rotation": 270 },
				"east": { "uv": [ 12.75, 10.25, 12.5, 10 ], "texture": "#green", "cullface": "east", "rotation": 270 }
			}
		},
		{
			"from": [ -7, 8, 17.75 ],
			"to": [ 5.75, 9, 18.5 ],
			"faces": {
				"down": { "uv": [ 3, 11.5, 7.25, 11.25 ], "texture": "#green", "cullface": "south" },
				"up": { "uv": [ 3, 11.25, 7.25, 11.5 ], "texture": "#green", "cullface": "south" },
				"south": { "uv": [ 3, 11.25, 7.25, 11.5 ], "texture": "#green", "cullface": "south" },
				"west": { "uv": [ 3, 11.25, 3.25, 11.5 ], "texture": "#green", "cullface": "south", "rotation": 270 },
				"east": { "uv": [ 7.25, 11.5, 7, 11.25 ], "texture": "#green", "cullface": "south", "rotation": 270 }
			}
		},
		{
			"from": [ -6.25, 8, -3.25 ],
			"to": [ 5, 9, 2.75 ],
			"faces": {
				"down": { "uv": [ 3.25, 6.25, 7, 4.25 ], "texture": "#green", "cullface": "west" },
				"up": { "uv": [ 3.25, 4.25, 7, 6.25 ], "texture": "#green", "cullface": "west" },
				"north": { "uv": [ 7, 4.25, 3.25, 4.5 ], "texture": "#green", "cullface": "west" },
				"south": { "uv": [ 3.25, 6, 7, 6.25 ], "texture": "#green", "cullface": "west" },
				"west": { "uv": [ 3.25, 4.25, 3.5, 6.25 ], "texture": "#green", "cullface": "west", "rotation": 270 },
				"east": { "uv": [ 7, 6.25, 6.75, 4.25 ], "texture": "#green", "cullface": "west", "rotation": 270 }
			}
		},
		{
			"from": [ -6.25, 8, 13.25 ],
			"to": [ 21.5, 9, 14 ],
			"faces": {
				"down": { "uv": [ 3.25, 10, 12.5, 9.75 ], "texture": "#green", "cullface": "east" },
				"up": { "uv": [ 3.25, 9.75, 12.5, 10 ], "texture": "#green", "cullface": "east" },
				"north": { "uv": [ 12.5, 9.75, 3.25, 10 ], "texture": "#green", "cullface": "east" },
				"west": { "uv": [ 3.25, 9.75, 3.5, 10 ], "texture": "#green", "cullface": "east", "rotation": 270 },
				"east": { "uv": [ 12.5, 10, 12.25, 9.75 ], "texture": "#green", "cullface": "east", "rotation": 270 }
			}
		},
		{
			"from": [ -6.25, 8, 18.5 ],
			"to": [ 5, 9, 19.25 ],
			"faces": {
				"down": { "uv": [ 3.25, 11.75, 7, 11.5 ], "texture": "#green", "cullface": "south" },
				"up": { "uv": [ 3.25, 11.5, 7, 11.75 ], "texture": "#green", "cullface": "south" },
				"south": { "uv": [ 3.25, 11.5, 7, 11.75 ], "texture": "#green", "cullface": "south" },
				"west": { "uv": [ 3.25, 11.5, 3.5, 11.75 ], "texture": "#green", "cullface": "south", "rotation": 270 },
				"east": { "uv": [ 7, 11.75, 6.75, 11.5 ], "texture": "#green", "cullface": "south", "rotation": 270 }
			}
		},
		{
			"from": [ -5.5, 8, -4 ],
			"to": [ 4.25, 9, 3.5 ],
			"faces": {
				"down": { "uv": [ 3.5, 6.5, 6.75, 4 ], "texture": "#green", "cullface": "west" },
				"up": { "uv": [ 3.5, 4, 6.75, 6.5 ], "texture": "#green", "cullface": "west" },
				"north": { "uv": [ 6.75, 4, 3.5, 4.25 ], "texture": "#green", "cullface": "west" },
				"south": { "uv": [ 3.5, 6.25, 6.75, 6.5 ], "texture": "#green", "cullface": "west" },
				"west": { "uv": [ 3.5, 4, 3.75, 6.5 ], "texture": "#green", "cullface": "west", "rotation": 270 },
				"east": { "uv": [ 6.75, 6.5, 6.5, 4 ], "texture": "#green", "cullface": "west", "rotation": 270 }
			}
		},
		{
			"from": [ -5.5, 8, 12.5 ],
			"to": [ 20.75, 9, 13.25 ],
			"faces": {
				"down": { "uv": [ 3.5, 9.75, 12.25, 9.5 ], "texture": "#green", "cullface": "east" },
				"up": { "uv": [ 3.5, 9.5, 12.25, 9.75 ], "texture": "#green", "cullface": "east" },
				"north": { "uv": [ 12.25, 9.5, 3.5, 9.75 ], "texture": "#green", "cullface": "east" },
				"west": { "uv": [ 3.5, 9.5, 3.75, 9.75 ], "texture": "#green", "cullface": "east", "rotation": 270 },
				"east": { "uv": [ 12.25, 9.75, 12, 9.5 ], "texture": "#green", "cullface": "east", "rotation": 270 }
			}
		},
		{
			"from": [ -5.5, 8, 19.25 ],
			"to": [ 4.25, 9, 20 ],
			"faces": {
				"down": { "uv": [ 3.5, 12, 6.75, 11.75 ], "texture": "#green", "cullface": "south" },
				"up": { "uv": [ 3.5, 11.75, 6.75, 12 ], "texture": "#green", "cullface": "south" },
				"south": { "uv": [ 3.5, 11.75, 6.75, 12 ], "texture": "#green", "cullface": "south" },
				"west": { "uv": [ 3.5, 11.75, 3.75, 12 ], "texture": "#green", "cullface": "south", "rotation": 270 },
				"east": { "uv": [ 6.75, 12, 6.5, 11.75 ], "texture": "#green", "cullface": "south", "rotation": 270 }
			}
		},
		{
			"from": [ -4.75, 8, -4.75 ],
			"to": [ 3.5, 9, 4.25 ],
			"faces": {
				"down": { "uv": [ 3.75, 6.75, 6.5, 3.75 ], "texture": "#green", "cullface": "west" },
				"up": { "uv": [ 3.75, 3.75, 6.5, 6.75 ], "texture": "#green", "cullface": "west" },
				"north": { "uv": [ 6.5, 3.75, 3.75, 4 ], "texture": "#green", "cullface": "west" },
				"south": { "uv": [ 3.75, 6.5, 6.5, 6.75 ], "texture": "#green", "cullface": "west" },
				"west": { "uv": [ 3.75, 3.75, 4, 6.75 ], "texture": "#green", "cullface": "west", "rotation": 270 },
				"east": { "uv": [ 6.5, 6.75, 6.25, 3.75 ], "texture": "#green", "cullface": "west", "rotation": 270 }
			}
		},
		{
			"from": [ -4.75, 8, 11.75 ],
			"to": [ 20, 9, 12.5 ],
			"faces": {
				"down": { "uv": [ 3.75, 9.5, 12, 9.25 ], "texture": "#green", "cullface": "east" },
				"up": { "uv": [ 3.75, 9.25, 12, 9.5 ], "texture": "#green", "cullface": "east" },
				"north": { "uv": [ 12, 9.25, 3.75, 9.5 ], "texture": "#green", "cullface": "east" },
				"west": { "uv": [ 3.75, 9.25, 4, 9.5 ], "texture": "#green", "cullface": "east", "rotation": 270 },
				"east": { "uv": [ 12, 9.5, 11.75, 9.25 ], "texture": "#green", "cullface": "east", "rotation": 270 }
			}
		},
		{
			"from": [ -4.75, 8, 20 ],
			"to": [ 3.5, 9, 20.75 ],
			"faces": {
				"down": { "uv": [ 3.75, 12.25, 6.5, 12 ], "texture": "#green", "cullface": "south" },
				"up": { "uv": [ 3.75, 12, 6.5, 12.25 ], "texture": "#green", "cullface": "south" },
				"south": { "uv": [ 3.75, 12, 6.5, 12.25 ], "texture": "#green", "cullface": "south" },
				"west": { "uv": [ 3.75, 12, 4, 12.25 ], "texture": "#green", "cullface": "south", "rotation": 270 },
				"east": { "uv": [ 6.5, 12.25, 6.25, 12 ], "texture": "#green", "cullface": "south", "rotation": 270 }
			}
		},
		{
			"from": [ -4, 8, -5.5 ],
			"to": [ 2.75, 9, 5 ],
			"faces": {
				"down": { "uv": [ 4, 7, 6.25, 3.5 ], "texture": "#green", "cullface": "west" },
				"up": { "uv": [ 4, 3.5, 6.25, 7 ], "texture": "#green", "cullface": "west" },
				"north": { "uv": [ 6.25, 3.5, 4, 3.75 ], "texture": "#green", "cullface": "west" },
				"south": { "uv": [ 4, 6.75, 6.25, 7 ], "texture": "#green", "cullface": "west" },
				"west": { "uv": [ 4, 3.5, 4.25, 7 ], "texture": "#green", "cullface": "west", "rotation": 270 },
				"east": { "uv": [ 6.25, 7, 6, 3.5 ], "texture": "#green", "cullface": "west", "rotation": 270 }
			}
		},
		{
			"from": [ -4, 8, 11 ],
			"to": [ 19.25, 9, 11.75 ],
			"faces": {
				"down": { "uv": [ 4, 9.25, 11.75, 9 ], "texture": "#green", "cullface": "east" },
				"up": { "uv": [ 4, 9, 11.75, 9.25 ], "texture": "#green", "cullface": "east" },
				"north": { "uv": [ 11.75, 9, 4, 9.25 ], "texture": "#green", "cullface": "east" },
				"west": { "uv": [ 4, 9, 4.25, 9.25 ], "texture": "#green", "cullface": "east", "rotation": 270 },
				"east": { "uv": [ 11.75, 9.25, 11.5, 9 ], "texture": "#green", "cullface": "east", "rotation": 270 }
			}
		},
		{
			"from": [ -4, 8, 20.75 ],
			"to": [ 2.75, 9, 21.5 ],
			"faces": {
				"down": { "uv": [ 4, 12.5, 6.25, 12.25 ], "texture": "#green", "cullface": "south" },
				"up": { "uv": [ 4, 12.25, 6.25, 12.5 ], "texture": "#green", "cullface": "south" },
				"south": { "uv": [ 4, 12.25, 6.25, 12.5 ], "texture": "#green", "cullface": "south" },
				"west": { "uv": [ 4, 12.25, 4.25, 12.5 ], "texture": "#green", "cullface": "south", "rotation": 270 },
				"east": { "uv": [ 6.25, 12.5, 6, 12.25 ], "texture": "#green", "cullface": "south", "rotation": 270 }
			}
		},
		{
			"from": [ -3.25, 8, -6.25 ],
			"to": [ 2, 9, 5.75 ],
			"faces": {
				"down": { "uv": [ 4.25, 7.25, 6, 3.25 ], "texture": "#green", "cullface": "west" },
				"up": { "uv": [ 4.25, 3.25, 6, 7.25 ], "texture": "#green", "cullface": "west" },
				"north": { "uv": [ 6, 3.25, 4.25, 3.5 ], "texture": "#green", "cullface": "west" },
				"south": { "uv": [ 4.25, 7, 6, 7.25 ], "texture": "#green", "cullface": "west" },
				"west": { "uv": [ 4.25, 3.25, 4.5, 7.25 ], "texture": "#green", "cullface": "west", "rotation": 270 },
				"east": { "uv": [ 6, 7.25, 5.75, 3.25 ], "texture": "#green", "cullface": "west", "rotation": 270 }
			}
		},
		{
			"from": [ -3.25, 8, 10.25 ],
			"to": [ 18.5, 9, 11 ],
			"faces": {
				"down": { "uv": [ 4.25, 9, 11.5, 8.75 ], "texture": "#green", "cullface": "east" },
				"up": { "uv": [ 4.25, 8.75, 11.5, 9 ], "texture": "#green", "cullface": "east" },
				"north": { "uv": [ 11.5, 8.75, 4.25, 9 ], "texture": "#green", "cullface": "east" },
				"west": { "uv": [ 4.25, 8.75, 4.5, 9 ], "texture": "#green", "cullface": "east", "rotation": 270 },
				"east": { "uv": [ 11.5, 9, 11.25, 8.75 ], "texture": "#green", "cullface": "east", "rotation": 270 }
			}
		},
		{
			"from": [ -3.25, 8, 21.5 ],
			"to": [ 2, 9, 22.25 ],
			"faces": {
				"down": { "uv": [ 4.25, 12.75, 6, 12.5 ], "texture": "#green", "cullface": "south" },
				"up": { "uv": [ 4.25, 12.5, 6, 12.75 ], "texture": "#green", "cullface": "south" },
				"south": { "uv": [ 4.25, 12.5, 6, 12.75 ], "texture": "#green", "cullface": "south" },
				"west": { "uv": [ 4.25, 12.5, 4.5, 12.75 ], "texture": "#green", "cullface": "south", "rotation": 270 },
				"east": { "uv": [ 6, 12.75, 5.75, 12.5 ], "texture": "#green", "cullface": "south", "rotation": 270 }
			}
		},
		{
			"from": [ -2.5, 8, -7 ],
			"to": [ 1.25, 9, 6.5 ],
			"faces": {
				"down": { "uv": [ 4.5, 7.5, 5.75, 3 ], "texture": "#green", "cullface": "west" },
				"up": { "uv": [ 4.5, 3, 5.75, 7.5 ], "texture": "#green", "cullface": "west" },
				"north": { "uv": [ 5.75, 3, 4.5, 3.25 ], "texture": "#green", "cullface": "west" },
				"south": { "uv": [ 4.5, 7.25, 5.75, 7.5 ], "texture": "#green", "cullface": "west" },
				"west": { "uv": [ 4.5, 3, 4.75, 7.5 ], "texture": "#green", "cullface": "west", "rotation": 270 },
				"east": { "uv": [ 5.75, 7.5, 5.5, 3 ], "texture": "#green", "cullface": "west", "rotation": 270 }
			}
		},
		{
			"from": [ -2.5, 8, 9.5 ],
			"to": [ 17.75, 9, 10.25 ],
			"faces": {
				"down": { "uv": [ 4.5, 8.75, 11.25, 8.5 ], "texture": "#green", "cullface": "east" },
				"up": { "uv": [ 4.5, 8.5, 11.25, 8.75 ], "texture": "#green", "cullface": "east" },
				"north": { "uv": [ 11.25, 8.5, 4.5, 8.75 ], "texture": "#green", "cullface": "east" },
				"west": { "uv": [ 4.5, 8.5, 4.75, 8.75 ], "texture": "#green", "cullface": "east", "rotation": 270 },
				"east": { "uv": [ 11.25, 8.75, 11, 8.5 ], "texture": "#green", "cullface": "east", "rotation": 270 }
			}
		},
		{
			"from": [ -2.5, 8, 22.25 ],
			"to": [ 1.25, 9, 23 ],
			"faces": {
				"down": { "uv": [ 4.5, 13, 5.75, 12.75 ], "texture": "#green", "cullface": "south" },
				"up": { "uv": [ 4.5, 12.75, 5.75, 13 ], "texture": "#green", "cullface": "south" },
				"south": { "uv": [ 4.5, 12.75, 5.75, 13 ], "texture": "#green", "cullface": "south" },
				"west": { "uv": [ 4.5, 12.75, 4.75, 13 ], "texture": "#green", "cullface": "south", "rotation": 270 },
				"east": { "uv": [ 5.75, 13, 5.5, 12.75 ], "texture": "#green", "cullface": "south", "rotation": 270 }
			}
		},
		{
			"from": [ -1.75, 8, -7.75 ],
			"to": [ 0.5, 9, 7.25 ],
			"faces": {
				"down": { "uv": [ 4.75, 7.75, 5.5, 2.75 ], "texture": "#green", "cullface": "west" },
				"up": { "uv": [ 4.75, 2.75, 5.5, 7.75 ], "texture": "#green", "cullface": "west" },
				"north": { "uv": [ 5.5, 2.75, 4.75, 3 ], "texture": "#green", "cullface": "west" },
				"south": { "uv": [ 4.75, 7.5, 5.5, 7.75 ], "texture": "#green", "cullface": "west" },
				"west": { "uv": [ 4.75, 2.75, 5, 7.75 ], "texture": "#green", "cullface": "west", "rotation": 270 },
				"east": { "uv": [ 5.5, 7.75, 5.25, 2.75 ], "texture": "#green", "cullface": "west", "rotation": 270 }
			}
		},
		{
			"from": [ -1.75, 8, 8.75 ],
			"to": [ 17, 9, 9.5 ],
			"faces": {
				"down": { "uv": [ 4.75, 8.5, 11, 8.25 ], "texture": "#green", "cullface": "east" },
				"up": { "uv": [ 4.75, 8.25, 11, 8.5 ], "texture": "#green", "cullface": "east" },
				"north": { "uv": [ 11, 8.25, 4.75, 8.5 ], "texture": "#green", "cullface": "east" },
				"west": { "uv": [ 4.75, 8.25, 5, 8.5 ], "texture": "#green", "cullface": "east", "rotation": 270 },
				"east": { "uv": [ 11, 8.5, 10.75, 8.25 ], "texture": "#green", "cullface": "east", "rotation": 270 }
			}
		},
		{
			"from": [ -1.75, 8, 23 ],
			"to": [ 0.5, 9, 23.75 ],
			"faces": {
				"down": { "uv": [ 4.75, 13.25, 5.5, 13 ], "texture": "#green", "cullface": "south" },
				"up": { "uv": [ 4.75, 13, 5.5, 13.25 ], "texture": "#green", "cullface": "south" },
				"south": { "uv": [ 4.75, 13, 5.5, 13.25 ], "texture": "#green", "cullface": "south" },
				"west": { "uv": [ 4.75, 13, 5, 13.25 ], "texture": "#green", "cullface": "south", "rotation": 270 },
				"east": { "uv": [ 5.5, 13.25, 5.25, 13 ], "texture": "#green", "cullface": "south", "rotation": 270 }
			}
		},
		{
			"from": [ -1, 8, -8.5 ],
			"to": [ -0.25, 9, 24.5 ],
			"faces": {
				"down": { "uv": [ 5, 13.5, 5.25, 2.5 ], "texture": "#green" },
				"up": { "uv": [ 5, 2.5, 5.25, 13.5 ], "texture": "#green" },
				"north": { "uv": [ 5.25, 2.5, 5, 2.75 ], "texture": "#green" },
				"south": { "uv": [ 5, 13.25, 5.25, 13.5 ], "texture": "#green" },
				"west": { "uv": [ 5, 2.5, 5.25, 13.5 ], "texture": "#green", "rotation": 270 },
				"east": { "uv": [ 5.25, 13.5, 5, 2.5 ], "texture": "#green", "rotation": 270 }
			}
		},
		{
			"from": [ -0.25, 8, 7.25 ],
			"to": [ 16.25, 9, 8.75 ],
			"faces": {
				"down": { "uv": [ 5.25, 8.25, 10.75, 7.75 ], "texture": "#green", "cullface": "east" },
				"up": { "uv": [ 5.25, 7.75, 10.75, 8.25 ], "texture": "#green", "cullface": "east" },
				"north": { "uv": [ 10.75, 7.75, 5.25, 8 ], "texture": "#green", "cullface": "east" }
			}
		},
		{
			"from": [ 0.5, 8, 6.5 ],
			"to": [ 17, 9, 7.25 ],
			"faces": {
				"down": { "uv": [ 5.5, 7.75, 11, 7.5 ], "texture": "#green", "cullface": "east" },
				"up": { "uv": [ 5.5, 7.5, 11, 7.75 ], "texture": "#green", "cullface": "east" },
				"north": { "uv": [ 11, 7.5, 5.5, 7.75 ], "texture": "#green", "cullface": "east" },
				"south": { "uv": [ 5.5, 7.5, 11, 7.75 ], "texture": "#green", "cullface": "east" },
				"east": { "uv": [ 11, 7.75, 10.75, 7.5 ], "texture": "#green", "cullface": "east", "rotation": 270 }
			}
		},
		{
			"from": [ 1.25, 8, 5.75 ],
			"to": [ 17.75, 9, 6.5 ],
			"faces": {
				"down": { "uv": [ 5.75, 7.5, 11.25, 7.25 ], "texture": "#green", "cullface": "east" },
				"up": { "uv": [ 5.75, 7.25, 11.25, 7.5 ], "texture": "#green", "cullface": "east" },
				"north": { "uv": [ 11.25, 7.25, 5.75, 7.5 ], "texture": "#green", "cullface": "east" },
				"south": { "uv": [ 5.75, 7.25, 11.25, 7.5 ], "texture": "#green", "cullface": "east" },
				"east": { "uv": [ 11.25, 7.5, 11, 7.25 ], "texture": "#green", "cullface": "east", "rotation": 270 }
			}
		},
		{
			"from": [ 2, 8, 5 ],
			"to": [ 18.5, 9, 5.75 ],
			"faces": {
				"down": { "uv": [ 6, 7.25, 11.5, 7 ], "texture": "#green", "cullface": "east" },
				"up": { "uv": [ 6, 7, 11.5, 7.25 ], "texture": "#green", "cullface": "east" },
				"north": { "uv": [ 11.5, 7, 6, 7.25 ], "texture": "#green", "cullface": "east" },
				"south": { "uv": [ 6, 7, 11.5, 7.25 ], "texture": "#green", "cullface": "east" },
				"east": { "uv": [ 11.5, 7.25, 11.25, 7 ], "texture": "#green", "cullface": "east", "rotation": 270 }
			}
		},
		{
			"from": [ 2.75, 8, 4.25 ],
			"to": [ 19.25, 9, 5 ],
			"faces": {
				"down": { "uv": [ 6.25, 7, 11.75, 6.75 ], "texture": "#green", "cullface": "east" },
				"up": { "uv": [ 6.25, 6.75, 11.75, 7 ], "texture": "#green", "cullface": "east" },
				"north": { "uv": [ 11.75, 6.75, 6.25, 7 ], "texture": "#green", "cullface": "east" },
				"south": { "uv": [ 6.25, 6.75, 11.75, 7 ], "texture": "#green", "cullface": "east" },
				"east": { "uv": [ 11.75, 7, 11.5, 6.75 ], "texture": "#green", "cullface": "east", "rotation": 270 }
			}
		},
		{
			"from": [ 3.5, 8, 3.5 ],
			"to": [ 20, 9, 4.25 ],
			"faces": {
				"down": { "uv": [ 6.5, 6.75, 12, 6.5 ], "texture": "#green", "cullface": "east" },
				"up": { "uv": [ 6.5, 6.5, 12, 6.75 ], "texture": "#green", "cullface": "east" },
				"north": { "uv": [ 12, 6.5, 6.5, 6.75 ], "texture": "#green", "cullface": "east" },
				"south": { "uv": [ 6.5, 6.5, 12, 6.75 ], "texture": "#green", "cullface": "east" },
				"east": { "uv": [ 12, 6.75, 11.75, 6.5 ], "texture": "#green", "cullface": "east", "rotation": 270 }
			}
		},
		{
			"from": [ 4.25, 8, 2.75 ],
			"to": [ 20.75, 9, 3.5 ],
			"faces": {
				"down": { "uv": [ 6.75, 6.5, 12.25, 6.25 ], "texture": "#green", "cullface": "east" },
				"up": { "uv": [ 6.75, 6.25, 12.25, 6.5 ], "texture": "#green", "cullface": "east" },
				"north": { "uv": [ 12.25, 6.25, 6.75, 6.5 ], "texture": "#green", "cullface": "east" },
				"south": { "uv": [ 6.75, 6.25, 12.25, 6.5 ], "texture": "#green", "cullface": "east" },
				"east": { "uv": [ 12.25, 6.5, 12, 6.25 ], "texture": "#green", "cullface": "east", "rotation": 270 }
			}
		},
		{
			"from": [ 5, 8, 2 ],
			"to": [ 21.5, 9, 2.75 ],
			"faces": {
				"down": { "uv": [ 7, 6.25, 12.5, 6 ], "texture": "#green", "cullface": "east" },
				"up": { "uv": [ 7, 6, 12.5, 6.25 ], "texture": "#green", "cullface": "east" },
				"north": { "uv": [ 12.5, 6, 7, 6.25 ], "texture": "#green", "cullface": "east" },
				"south": { "uv": [ 7, 6, 12.5, 6.25 ], "texture": "#green", "cullface": "east" },
				"east": { "uv": [ 12.5, 6.25, 12.25, 6 ], "texture": "#green", "cullface": "east", "rotation": 270 }
			}
		},
		{
			"from": [ 5.75, 8, 1.25 ],
			"to": [ 22.25, 9, 2 ],
			"faces": {
				"down": { "uv": [ 7.25, 6, 12.75, 5.75 ], "texture": "#green", "cullface": "east" },
				"up": { "uv": [ 7.25, 5.75, 12.75, 6 ], "texture": "#green", "cullface": "east" },
				"north": { "uv": [ 12.75, 5.75, 7.25, 6 ], "texture": "#green", "cullface": "east" },
				"south": { "uv": [ 7.25, 5.75, 12.75, 6 ], "texture": "#green", "cullface": "east" },
				"east": { "uv": [ 12.75, 6, 12.5, 5.75 ], "texture": "#green", "cullface": "east", "rotation": 270 }
			}
		},
		{
			"from": [ 6.5, 8, 0.5 ],
			"to": [ 23, 9, 1.25 ],
			"faces": {
				"down": { "uv": [ 7.5, 5.75, 13, 5.5 ], "texture": "#green", "cullface": "east" },
				"up": { "uv": [ 7.5, 5.5, 13, 5.75 ], "texture": "#green", "cullface": "east" },
				"south": { "uv": [ 7.5, 5.5, 13, 5.75 ], "texture": "#green", "cullface": "east" },
				"east": { "uv": [ 13, 5.75, 12.75, 5.5 ], "texture": "#green", "cullface": "east", "rotation": 270 }
			}
		},
		{
			"from": [ 8.75, 8, -1.75 ],
			"to": [ 22.25, 9, -1 ],
			"faces": {
				"down": { "uv": [ 8.25, 5, 12.75, 4.75 ], "texture": "#green", "cullface": "north" },
				"up": { "uv": [ 8.25, 4.75, 12.75, 5 ], "texture": "#green", "cullface": "north" },
				"north": { "uv": [ 12.75, 4.75, 8.25, 5 ], "texture": "#green", "cullface": "north" },
				"west": { "uv": [ 8.25, 4.75, 8.5, 5 ], "texture": "#green", "cullface": "north", "rotation": 270 },
				"east": { "uv": [ 12.75, 5, 12.5, 4.75 ], "texture": "#green", "cullface": "north", "rotation": 270 }
			}
		},
		{
			"from": [ 8.75, 8, 17 ],
			"to": [ 23, 9, 17.75 ],
			"faces": {
				"down": { "uv": [ 8.25, 11.25, 13, 11 ], "texture": "#green", "cullface": "south" },
				"up": { "uv": [ 8.25, 11, 13, 11.25 ], "texture": "#green", "cullface": "south" },
				"south": { "uv": [ 8.25, 11, 13, 11.25 ], "texture": "#green", "cullface": "south" },
				"west": { "uv": [ 8.25, 11, 8.5, 11.25 ], "texture": "#green", "cullface": "south", "rotation": 270 },
				"east": { "uv": [ 13, 11.25, 12.75, 11 ], "texture": "#green", "cullface": "south", "rotation": 270 }
			}
		},
		{
			"from": [ 9.5, 8, -2.5 ],
			"to": [ 21.5, 9, -1.75 ],
			"faces": {
				"down": { "uv": [ 8.5, 4.75, 12.5, 4.5 ], "texture": "#green", "cullface": "north" },
				"up": { "uv": [ 8.5, 4.5, 12.5, 4.75 ], "texture": "#green", "cullface": "north" },
				"north": { "uv": [ 12.5, 4.5, 8.5, 4.75 ], "texture": "#green", "cullface": "north" },
				"west": { "uv": [ 8.5, 4.5, 8.75, 4.75 ], "texture": "#green", "cullface": "north", "rotation": 270 },
				"east": { "uv": [ 12.5, 4.75, 12.25, 4.5 ], "texture": "#green", "cullface": "north", "rotation": 270 }
			}
		},
		{
			"from": [ 9.5, 8, 17.75 ],
			"to": [ 22.25, 9, 18.5 ],
			"faces": {
				"down": { "uv": [ 8.5, 11.5, 12.75, 11.25 ], "texture": "#green", "cullface": "south" },
				"up": { "uv": [ 8.5, 11.25, 12.75, 11.5 ], "texture": "#green", "cullface": "south" },
				"south": { "uv": [ 8.5, 11.25, 12.75, 11.5 ], "texture": "#green", "cullface": "south" },
				"west": { "uv": [ 8.5, 11.25, 8.75, 11.5 ], "texture": "#green", "cullface": "south", "rotation": 270 },
				"east": { "uv": [ 12.75, 11.5, 12.5, 11.25 ], "texture": "#green", "cullface": "south", "rotation": 270 }
			}
		},
		{
			"from": [ 10.25, 8, -3.25 ],
			"to": [ 20.75, 9, -2.5 ],
			"faces": {
				"down": { "uv": [ 8.75, 4.5, 12.25, 4.25 ], "texture": "#green", "cullface": "north" },
				"up": { "uv": [ 8.75, 4.25, 12.25, 4.5 ], "texture": "#green", "cullface": "north" },
				"north": { "uv": [ 12.25, 4.25, 8.75, 4.5 ], "texture": "#green", "cullface": "north" },
				"west": { "uv": [ 8.75, 4.25, 9, 4.5 ], "texture": "#green", "cullface": "north", "rotation": 270 },
				"east": { "uv": [ 12.25, 4.5, 12, 4.25 ], "texture": "#green", "cullface": "north", "rotation": 270 }
			}
		},
		{
			"from": [ 10.25, 8, 18.5 ],
			"to": [ 21.5, 9, 19.25 ],
			"faces": {
				"down": { "uv": [ 8.75, 11.75, 12.5, 11.5 ], "texture": "#green", "cullface": "south" },
				"up": { "uv": [ 8.75, 11.5, 12.5, 11.75 ], "texture": "#green", "cullface": "south" },
				"south": { "uv": [ 8.75, 11.5, 12.5, 11.75 ], "texture": "#green", "cullface": "south" },
				"west": { "uv": [ 8.75, 11.5, 9, 11.75 ], "texture": "#green", "cullface": "south", "rotation": 270 },
				"east": { "uv": [ 12.5, 11.75, 12.25, 11.5 ], "texture": "#green", "cullface": "south", "rotation": 270 }
			}
		},
		{
			"from": [ 11, 8, -4 ],
			"to": [ 20, 9, -3.25 ],
			"faces": {
				"down": { "uv": [ 9, 4.25, 12, 4 ], "texture": "#green", "cullface": "north" },
				"up": { "uv": [ 9, 4, 12, 4.25 ], "texture": "#green", "cullface": "north" },
				"north": { "uv": [ 12, 4, 9, 4.25 ], "texture": "#green", "cullface": "north" },
				"west": { "uv": [ 9, 4, 9.25, 4.25 ], "texture": "#green", "cullface": "north", "rotation": 270 },
				"east": { "uv": [ 12, 4.25, 11.75, 4 ], "texture": "#green", "cullface": "north", "rotation": 270 }
			}
		},
		{
			"from": [ 11, 8, 19.25 ],
			"to": [ 20.75, 9, 20 ],
			"faces": {
				"down": { "uv": [ 9, 12, 12.25, 11.75 ], "texture": "#green", "cullface": "south" },
				"up": { "uv": [ 9, 11.75, 12.25, 12 ], "texture": "#green", "cullface": "south" },
				"south": { "uv": [ 9, 11.75, 12.25, 12 ], "texture": "#green", "cullface": "south" },
				"west": { "uv": [ 9, 11.75, 9.25, 12 ], "texture": "#green", "cullface": "south", "rotation": 270 },
				"east": { "uv": [ 12.25, 12, 12, 11.75 ], "texture": "#green", "cullface": "south", "rotation": 270 }
			}
		},
		{
			"from": [ 11.75, 8, -4.75 ],
			"to": [ 19.25, 9, -4 ],
			"faces": {
				"down": { "uv": [ 9.25, 4, 11.75, 3.75 ], "texture": "#green", "cullface": "north" },
				"up": { "uv": [ 9.25, 3.75, 11.75, 4 ], "texture": "#green", "cullface": "north" },
				"north": { "uv": [ 11.75, 3.75, 9.25, 4 ], "texture": "#green", "cullface": "north" },
				"west": { "uv": [ 9.25, 3.75, 9.5, 4 ], "texture": "#green", "cullface": "north", "rotation": 270 },
				"east": { "uv": [ 11.75, 4, 11.5, 3.75 ], "texture": "#green", "cullface": "north", "rotation": 270 }
			}
		},
		{
			"from": [ 11.75, 8, 20 ],
			"to": [ 20, 9, 20.75 ],
			"faces": {
				"down": { "uv": [ 9.25, 12.25, 12, 12 ], "texture": "#green", "cullface": "south" },
				"up": { "uv": [ 9.25, 12, 12, 12.25 ], "texture": "#green", "cullface": "south" },
				"south": { "uv": [ 9.25, 12, 12, 12.25 ], "texture": "#green", "cullface": "south" },
				"west": { "uv": [ 9.25, 12, 9.5, 12.25 ], "texture": "#green", "cullface": "south", "rotation": 270 },
				"east": { "uv": [ 12, 12.25, 11.75, 12 ], "texture": "#green", "cullface": "south", "rotation": 270 }
			}
		},
		{
			"from": [ 12.5, 8, -5.5 ],
			"to": [ 18.5, 9, -4.75 ],
			"faces": {
				"down": { "uv": [ 9.5, 3.75, 11.5, 3.5 ], "texture": "#green", "cullface": "north" },
				"up": { "uv": [ 9.5, 3.5, 11.5, 3.75 ], "texture": "#green", "cullface": "north" },
				"north": { "uv": [ 11.5, 3.5, 9.5, 3.75 ], "texture": "#green", "cullface": "north" },
				"west": { "uv": [ 9.5, 3.5, 9.75, 3.75 ], "texture": "#green", "cullface": "north", "rotation": 270 },
				"east": { "uv": [ 11.5, 3.75, 11.25, 3.5 ], "texture": "#green", "cullface": "north", "rotation": 270 }
			}
		},
		{
			"from": [ 12.5, 8, 20.75 ],
			"to": [ 19.25, 9, 21.5 ],
			"faces": {
				"down": { "uv": [ 9.5, 12.5, 11.75, 12.25 ], "texture": "#green", "cullface": "south" },
				"up": { "uv": [ 9.5, 12.25, 11.75, 12.5 ], "texture": "#green", "cullface": "south" },
				"south": { "uv": [ 9.5, 12.25, 11.75, 12.5 ], "texture": "#green", "cullface": "south" },
				"west": { "uv": [ 9.5, 12.25, 9.75, 12.5 ], "texture": "#green", "cullface": "south", "rotation": 270 },
				"east": { "uv": [ 11.75, 12.5, 11.5, 12.25 ], "texture": "#green", "cullface": "south", "rotation": 270 }
			}
		},
		{
			"from": [ 13.25, 8, -6.25 ],
			"to": [ 17.75, 9, -5.5 ],
			"faces": {
				"down": { "uv": [ 9.75, 3.5, 11.25, 3.25 ], "texture": "#green", "cullface": "north" },
				"up": { "uv": [ 9.75, 3.25, 11.25, 3.5 ], "texture": "#green", "cullface": "north" },
				"north": { "uv": [ 11.25, 3.25, 9.75, 3.5 ], "texture": "#green", "cullface": "north" },
				"west": { "uv": [ 9.75, 3.25, 10, 3.5 ], "texture": "#green", "cullface": "north", "rotation": 270 },
				"east": { "uv": [ 11.25, 3.5, 11, 3.25 ], "texture": "#green", "cullface": "north", "rotation": 270 }
			}
		},
		{
			"from": [ 13.25, 8, 21.5 ],
			"to": [ 18.5, 9, 22.25 ],
			"faces": {
				"down": { "uv": [ 9.75, 12.75, 11.5, 12.5 ], "texture": "#green", "cullface": "south" },
				"up": { "uv": [ 9.75, 12.5, 11.5, 12.75 ], "texture": "#green", "cullface": "south" },
				"south": { "uv": [ 9.75, 12.5, 11.5, 12.75 ], "texture": "#green", "cullface": "south" },
				"west": { "uv": [ 9.75, 12.5, 10, 12.75 ], "texture": "#green", "cullface": "south", "rotation": 270 },
				"east": { "uv": [ 11.5, 12.75, 11.25, 12.5 ], "texture": "#green", "cullface": "south", "rotation": 270 }
			}
		},
		{
			"from": [ 14, 8, -7 ],
			"to": [ 17, 9, -6.25 ],
			"faces": {
				"down": { "uv": [ 10, 3.25, 11, 3 ], "texture": "#green", "cullface": "north" },
				"up": { "uv": [ 10, 3, 11, 3.25 ], "texture": "#green", "cullface": "north" },
				"north": { "uv": [ 11, 3, 10, 3.25 ], "texture": "#green", "cullface": "north" },
				"west": { "uv": [ 10, 3, 10.25, 3.25 ], "texture": "#green", "cullface": "north", "rotation": 270 },
				"east": { "uv": [ 11, 3.25, 10.75, 3 ], "texture": "#green", "cullface": "north", "rotation": 270 }
			}
		},
		{
			"from": [ 14, 8, 22.25 ],
			"to": [ 17.75, 9, 23 ],
			"faces": {
				"down": { "uv": [ 10, 13, 11.25, 12.75 ], "texture": "#green", "cullface": "south" },
				"up": { "uv": [ 10, 12.75, 11.25, 13 ], "texture": "#green", "cullface": "south" },
				"south": { "uv": [ 10, 12.75, 11.25, 13 ], "texture": "#green", "cullface": "south" },
				"west": { "uv": [ 10, 12.75, 10.25, 13 ], "texture": "#green", "cullface": "south", "rotation": 270 },
				"east": { "uv": [ 11.25, 13, 11, 12.75 ], "texture": "#green", "cullface": "south", "rotation": 270 }
			}
		},
		{
			"from": [ 14.75, 8, -7.75 ],
			"to": [ 16.25, 9, 23.75 ],
			"faces": {
				"down": { "uv": [ 10.25, 13.25, 10.75, 2.75 ], "texture": "#green" },
				"up": { "uv": [ 10.25, 2.75, 10.75, 13.25 ], "texture": "#green" },
				"north": { "uv": [ 10.75, 2.75, 10.25, 3 ], "texture": "#green" },
				"south": { "uv": [ 10.25, 13, 10.75, 13.25 ], "texture": "#green" },
				"west": { "uv": [ 10.25, 2.75, 10.5, 13.25 ], "texture": "#green", "rotation": 270 },
				"east": { "uv": [ 10.75, 13.25, 10.5, 2.75 ], "texture": "#green", "rotation": 270 }
			}
		},
		{
			"from": [ 15.5, 8, 23.75 ],
			"to": [ 16.25, 9, 24.5 ],
			"faces": {
				"down": { "uv": [ 10.5, 13.5, 10.75, 13.25 ], "texture": "#green", "cullface": "south" },
				"up": { "uv": [ 10.5, 13.25, 10.75, 13.5 ], "texture": "#green", "cullface": "south" },
				"south": { "uv": [ 10.5, 13.25, 10.75, 13.5 ], "texture": "#green", "cullface": "south" },
				"west": { "uv": [ 10.5, 13.25, 10.75, 13.5 ], "texture": "#green", "cullface": "south", "rotation": 270 },
				"east": { "uv": [ 10.75, 13.5, 10.5, 13.25 ], "texture": "#green", "cullface": "south", "rotation": 270 }
			}
		},
		{
			"from": [ 16.25, 8, 23 ],
			"to": [ 17, 9, 23.75 ],
			"faces": {
				"down": { "uv": [ 10.75, 13.25, 11, 13 ], "texture": "#green" },
				"up": { "uv": [ 10.75, 13, 11, 13.25 ], "texture": "#green" },
				"south": { "uv": [ 10.75, 13, 11, 13.25 ], "texture": "#green" },
				"east": { "uv": [ 11, 13.25, 10.75, 13 ], "texture": "#green", "rotation": 270 }
			}
		},
		{
			"from": [ 23, 8, -0.25 ],
			"to": [ 23.75, 9, 0.5 ],
			"faces": {
				"down": { "uv": [ 13, 5.5, 13.25, 5.25 ], "texture": "#green", "cullface": "east" },
				"up": { "uv": [ 13, 5.25, 13.25, 5.5 ], "texture": "#green", "cullface": "east" },
				"north": { "uv": [ 13.25, 5.25, 13, 5.5 ], "texture": "#green", "cullface": "east" },
				"south": { "uv": [ 13, 5.25, 13.25, 5.5 ], "texture": "#green", "cullface": "east" },
				"east": { "uv": [ 13.25, 5.5, 13, 5.25 ], "texture": "#green", "cullface": "east", "rotation": 270 }
			}
		}
	],
	"display": {
		"thirdperson_righthand": {
			"rotation":  [ 75, 45, 0 ],
			"translation":  [ -3, -0.3, -0.8 ],
			"scale":  [ 0.2, 0.2, 0.2 ]
		},
		"thirdperson_lefthand": {
			"rotation":  [ 75, 45, 0 ],
			"translation":  [ -3, -0.3, -0.8 ],
			"scale":  [ 0.2, 0.2, 0.2 ]
		},
		"firstperson_righthand": {
			"rotation":  [ 90, 0, 0 ],
			"translation":  [ 0, 5, 0 ],
			"scale":  [ 0.2, 0.2, 0.2 ]
		},
		"firstperson_lefthand": {
			"rotation":  [ 90, 0, 0 ],
			"translation":  [ 0, 5, 0 ],
			"scale":  [ 0.2, 0.2, 0.2 ]
		},
		"gui": {
			"rotation":  [ 90, 0, 0 ],
			"translation":  [ 0.4, 0.4, 0.4 ],
			"scale":  [ 0.3, 0.4, 0.3 ]
		},
		"head": {
			"rotation":  [ 90, 0, 0 ],
			"translation":  [ 0, 16, 0 ],
			"scale":  [ 0.4, 0.4, 0.4 ]
		},
		"ground": {
			"rotation":  [ 45, 0, 0 ],
			"translation":  [ 0, 6, 0 ],
			"scale":  [ 0.2, 0.2, 0.2 ]
		},
		"fixed": {
			"rotation":  [ 90, 0, 0 ],
			"scale":  [ 0.4, 0.4, 0.4 ]
		}
	},
	"overrides": [
	]
}