{"__comment":"Crafted by NullBlox - Do Not Distribute or Modify with outPermission.","textures":{"particle":"item/nubx/nulls_light_gray","texture":"item/nubx/nulls_dark_green"},"elements":[{"__comment":"Green","from":[6,12.5,5.5],"to":[10,14,9.5],"faces":{"north":{"uv":[6,2,10,3.5],"texture":"#texture"},"south":{"uv":[6,2,10,3.5],"texture":"#texture"},"west":{"uv":[5.5,2,9.5,3.5],"texture":"#texture"},"east":{"uv":[6.5,2,10.5,3.5],"texture":"#texture"}}},{"__comment":"Gray","from":[6,14,5.5],"to":[10,14.5,9.5],"faces":{"up":{"uv":[0,0,1,1],"texture":"#particle"},"north":{"uv":[0,0,1,1],"texture":"#particle"},"south":{"uv":[0,0,1,1],"texture":"#particle"},"west":{"uv":[0,0,1,1],"texture":"#particle"},"east":{"uv":[0,0,1,1],"texture":"#particle"}}},{"__comment":"Green*","from":[5.5,11,5],"to":[10.5,12.5,10],"faces":{"up":{"uv":[5.5,5,10.5,10],"texture":"#texture"},"north":{"uv":[5.5,3.5,10.5,5],"texture":"#texture"},"south":{"uv":[5.5,3.5,10.5,5],"texture":"#texture"},"west":{"uv":[5,3.5,10,5],"texture":"#texture"},"east":{"uv":[6,3.5,11,5],"texture":"#texture"}}},{"__comment":"Green*","from":[4,2.5,3.5],"to":[12,11,11.5],"faces":{"down":{"uv":[12,11.5,4,3.5],"texture":"#texture"},"up":{"uv":[4,3.5,12,11.5],"texture":"#texture"},"north":{"uv":[4,5,12,13.5],"texture":"#texture"},"south":{"uv":[4,5,12,13.5],"texture":"#texture"},"west":{"uv":[3.5,5,11.5,13.5],"texture":"#texture"},"east":{"uv":[4.5,5,12.5,13.5],"texture":"#texture"}}},{"__comment":"Green*","from":[5.5,1,5],"to":[10.5,2.5,10],"faces":{"down":{"uv":[10.5,10,5.5,5],"texture":"#texture"},"north":{"uv":[5.5,13.5,10.5,15],"texture":"#texture"},"south":{"uv":[5.5,13.5,10.5,15],"texture":"#texture"},"west":{"uv":[5,13.5,10,15],"texture":"#texture"},"east":{"uv":[6,13.5,11,15],"texture":"#texture"}}},{"__comment":"Green*","from":[6,0.5,5.5],"to":[10,1,9.5],"faces":{"north":{"uv":[6,15,10,15.5],"texture":"#texture"},"south":{"uv":[6,15,10,15.5],"texture":"#texture"},"west":{"uv":[5.5,15,9.5,15.5],"texture":"#texture"},"east":{"uv":[6.5,15,10.5,15.5],"texture":"#texture"}}},{"__comment":"Green*","from":[5.5,0,5],"to":[10.5,0.5,10],"faces":{"down":{"uv":[10.5,10,5.5,5],"texture":"#texture","cullface":"down"},"up":{"uv":[5.5,5,10.5,10],"texture":"#texture"},"north":{"uv":[5.5,15.5,10.5,16],"texture":"#texture"},"south":{"uv":[5.5,15.5,10.5,16],"texture":"#texture"},"west":{"uv":[5,15.5,10,16],"texture":"#texture"},"east":{"uv":[6,15.5,11,16],"texture":"#texture"}}},{"__comment":"Green*","from":[3.5,6.5,3],"to":[12.5,7,12],"faces":{"down":{"uv":[12.5,12,3.5,3],"texture":"#texture"},"up":{"uv":[3.5,3,12.5,12],"texture":"#texture"},"north":{"uv":[3.5,9,12.5,9.5],"texture":"#texture"},"south":{"uv":[3.5,9,12.5,9.5],"texture":"#texture"},"west":{"uv":[3,9,12,9.5],"texture":"#texture"},"east":{"uv":[4,9,13,9.5],"texture":"#texture"}}},{"__comment":"Gray*","from":[6.5,14.5,6.5],"to":[11.5,16.5,8.5],"faces":{"down":{"uv":[0,0,1,1],"texture":"#particle","cullface":"up"},"north":{"uv":[0,0,1,1],"texture":"#particle","cullface":"up"},"south":{"uv":[0,0,1,1],"texture":"#particle","cullface":"up"},"west":{"uv":[0,0,1,1],"texture":"#particle","cullface":"up"},"east":{"uv":[0,0,1,1],"texture":"#particle","cullface":"up"}}},{"__comment":"Gray*","from":[6,16.5,6.25],"to":[11.5,17,8.75],"faces":{"down":{"uv":[0,0,1,1],"texture":"#particle","cullface":"up"},"up":{"uv":[0,0,1,1],"texture":"#particle","cullface":"up"},"north":{"uv":[0,0,1,1],"texture":"#particle","cullface":"up"},"south":{"uv":[0,0,1,1],"texture":"#particle","cullface":"up"},"west":{"uv":[0,0,1,1],"texture":"#particle","cullface":"up"},"east":{"uv":[0,0,1,1],"texture":"#particle","cullface":"up"}}},{"__comment":"Gray*","from":[10.5625,11.625,6.25],"to":[11.5625,16.625,8.75],"rotation":{"origin":[10.5625,16.625,6.25],"axis":"z","angle":22.5 },"faces":{"down":{"uv":[0,0,1,1],"texture":"#particle","cullface":"up"},"up":{"uv":[0,0,1,1],"texture":"#particle","cullface":"up"},"north":{"uv":[0,0,1,1],"texture":"#particle","cullface":"up"},"south":{"uv":[0,0,1,1],"texture":"#particle","cullface":"up"},"west":{"uv":[0,0,1,1],"texture":"#particle","cullface":"up"},"east":{"uv":[0,0,1,1],"texture":"#particle","cullface":"up"}}},{"__comment":"Gray*","from":[12.75,0.375,6.25],"to":[13.25,12.375,8.75],"faces":{"down":{"uv":[0,0,1,1],"texture":"#particle"},"up":{"uv":[0,0,1,1],"texture":"#particle"},"north":{"uv":[0,0,1,1],"texture":"#particle"},"south":{"uv":[0,0,1,1],"texture":"#particle"},"west":{"uv":[0,0,1,1],"texture":"#particle"},"east":{"uv":[0,0,1,1],"texture":"#particle"}}}],"display":{"thirdperson_righthand":{"rotation":[0,0,0],"translation":[0,0,0],"scale":[0.3,0.3,0.3 ]},"thirdperson_lefthand":{"rotation":[0,0,0],"translation":[0,0,0],"scale":[0.3,0.3,0.3 ]},"head":{"rotation":[0,0,0],"translation":[-5.67,-22.87,4.54],"scale":[0.45,0.45,0.45 ]},"ground":{"rotation":[0,0,0],"translation":[0,2.65,0],"scale":[0.3,0.3,0.3 ]},"fixed":{"rotation":[0,0,0],"translation":[0,0,0],"scale":[0.4,0.4,0.4 ]},"firstperson_righthand":{"rotation":[0,123,20],"translation":[0.94,1.51,0],"scale":[0.4,0.4,0.4 ]},"firstperson_lefthand":{"rotation":[0,-64,-18],"translation":[0.76,1.7,0],"scale":[0.4,0.4,0.4 ]},"gui":{"rotation":[30,225,0],"translation":[0,0,0],"scale":[0.5,0.5,0.5 ]}}}