{
	"__comment": "Designed by Robotnikman with Cubik Studio - https://cubik.studio",
	"textures": {
		"atlas": "item/robotnikman/guns/heavy_flak_cannon"
	},
	"elements": [ 	 
		{
			"__comment": "Box1",
			"from": [ 7.5, 5.5, 21.5 ],
			"to": [ 8.5, 8.5, 22.5 ],
			"faces": {
				"down": { "uv": [ 15, 15.5, 15.5, 16 ], "texture": "#atlas", "cullface": "south" },
				"up": { "uv": [ 15, 14.5, 15.5, 15 ], "texture": "#atlas", "cullface": "south" },
				"north": { "uv": [ 15, 14.5, 15.5, 16 ], "texture": "#atlas", "cullface": "south" },
				"south": { "uv": [ 15, 14.5, 15.5, 16 ], "texture": "#atlas", "cullface": "south" },
				"west": { "uv": [ 15, 14.5, 15.5, 16 ], "texture": "#atlas", "cullface": "south" },
				"east": { "uv": [ 15, 14.5, 15.5, 16 ], "texture": "#atlas", "cullface": "south" }
			}
		},
		{
			"__comment": "Box2",
			"from": [ 6, 6, 7.5 ],
			"to": [ 10, 10, 19.5 ],
			"faces": {
				"down": { "uv": [ 5.5, 14, 11.5, 16 ], "texture": "#atlas", "cullface": "south", "rotation": 90 },
				"up": { "uv": [ 5.5, 14, 11.5, 16 ], "texture": "#atlas", "cullface": "south", "rotation": 270 },
				"north": { "uv": [ 3, 14, 5, 16 ], "texture": "#atlas", "cullface": "south" },
				"south": { "uv": [ 12, 14, 14, 16 ], "texture": "#atlas", "cullface": "south" },
				"west": { "uv": [ 5.5, 14, 11.5, 16 ], "texture": "#atlas", "cullface": "south", "rotation": 180 },
				"east": { "uv": [ 5.5, 14, 11.5, 16 ], "texture": "#atlas", "cullface": "south", "rotation": 180 }
			}
		},
		{
			"__comment": "Box3",
			"from": [ 8, 6.25, 1.5 ],
			"to": [ 10.5, 8.75, 7.5 ],
			"rotation": { "origin": [ 8, 6.25, 1.5 ], "axis": "z", "angle": 45 },
			"faces": {
				"down": { "uv": [ 6, 12, 9, 13 ], "texture": "#atlas", "rotation": 90 },
				"up": { "uv": [ 6, 12, 9, 13 ], "texture": "#atlas", "rotation": 90 },
				"north": { "uv": [ 3.5, 14.5, 4.5, 15.5 ], "texture": "#atlas" },
				"west": { "uv": [ 6, 12, 9, 13 ], "texture": "#atlas" },
				"east": { "uv": [ 6, 12, 9, 13 ], "texture": "#atlas" }
			}
		},
		{
			"__comment": "Box6",
			"from": [ 7.5, 10, 13.5 ],
			"to": [ 8.5, 13, 18 ],
			"faces": {
				"up": { "uv": [ 13.5, 6.5, 16, 7 ], "texture": "#atlas", "cullface": "south", "rotation": 90 },
				"north": { "uv": [ 13.5, 7, 14, 8.5 ], "texture": "#atlas", "cullface": "south" },
				"south": { "uv": [ 15.5, 7, 16, 8.5 ], "texture": "#atlas", "cullface": "south" },
				"west": { "uv": [ 13.5, 7, 16, 8.5 ], "texture": "#atlas", "cullface": "south" },
				"east": { "uv": [ 13.5, 7, 16, 8.5 ], "texture": "#atlas", "cullface": "south" }
			}
		},
		{
			"__comment": "Box7",
			"from": [ 7.5, 7.5, 19.5 ],
			"to": [ 8.5, 8.5, 21.5 ],
			"faces": {
				"down": { "uv": [ 14, 14.5, 15, 15 ], "texture": "#atlas", "cullface": "south", "rotation": 270 },
				"up": { "uv": [ 14, 14.5, 15, 15 ], "texture": "#atlas", "cullface": "south", "rotation": 90 },
				"west": { "uv": [ 14, 14.5, 15, 15 ], "texture": "#atlas", "cullface": "south" },
				"east": { "uv": [ 14, 14.5, 15, 15 ], "texture": "#atlas", "cullface": "south" }
			}
		},
		{
			"__comment": "Box8",
			"from": [ 7.25, 8.25, -12 ],
			"to": [ 8.25, 9.25, -11 ],
			"rotation": { "origin": [ 7, 8, -13 ], "axis": "z", "angle": -45 },
			"faces": {
				"down": { "uv": [ 5, 13, 5.5, 13.5 ], "texture": "#atlas", "cullface": "north" },
				"up": { "uv": [ 5, 13, 5.5, 13.5 ], "texture": "#atlas", "cullface": "north" },
				"north": { "uv": [ 5, 13, 5.5, 13.5 ], "texture": "#atlas", "cullface": "north" },
				"west": { "uv": [ 5, 13, 5.5, 13.5 ], "texture": "#atlas", "cullface": "north" },
				"east": { "uv": [ 5, 13, 5.5, 13.5 ], "texture": "#atlas", "cullface": "north" }
			}
		},
		{
			"__comment": "Box9",
			"from": [ 5, 8, 11 ],
			"to": [ 6, 9, 12 ],
			"faces": {
				"down": { "uv": [ 5.5, 13, 6, 13.5 ], "texture": "#atlas" },
				"up": { "uv": [ 5.5, 13, 6, 13.5 ], "texture": "#atlas" },
				"north": { "uv": [ 5.5, 13, 6, 13.5 ], "texture": "#atlas" },
				"south": { "uv": [ 5, 13, 5.5, 13.5 ], "texture": "#atlas" },
				"west": { "uv": [ 5.5, 13, 6, 13.5 ], "texture": "#atlas" }
			}
		},
		{
			"__comment": "Box10",
			"from": [ 7.25, 7.25, -11 ],
			"to": [ 8.75, 8.75, 1.5 ],
			"faces": {
				"down": { "uv": [ 6, 13, 12, 13.5 ], "texture": "#atlas", "cullface": "north", "rotation": 270 },
				"up": { "uv": [ 6, 13, 12, 13.5 ], "texture": "#atlas", "cullface": "north", "rotation": 90 },
				"north": { "uv": [ 11.5, 13, 12, 13.5 ], "texture": "#atlas", "cullface": "north" },
				"south": { "uv": [ 6, 13, 6.5, 13.5 ], "texture": "#atlas", "cullface": "north" },
				"west": { "uv": [ 6, 13, 12, 13.5 ], "texture": "#atlas", "cullface": "north" },
				"east": { "uv": [ 6, 13, 12, 13.5 ], "texture": "#atlas", "cullface": "north" }
			}
		},
		{
			"__comment": "Box10",
			"from": [ 7, 8, -13 ],
			"to": [ 8.5, 9.5, -12 ],
			"rotation": { "origin": [ 7, 8, -13 ], "axis": "z", "angle": -45 },
			"faces": {
				"down": { "uv": [ 5.5, 13, 6, 13.5 ], "texture": "#atlas", "cullface": "north" },
				"up": { "uv": [ 5.5, 13, 6, 13.5 ], "texture": "#atlas", "cullface": "north" },
				"north": { "uv": [ 5.5, 13, 6, 13.5 ], "texture": "#atlas", "cullface": "north" },
				"south": { "uv": [ 5.5, 13, 6, 13.5 ], "texture": "#atlas", "cullface": "north" },
				"west": { "uv": [ 5.5, 13, 6, 13.5 ], "texture": "#atlas", "cullface": "north" },
				"east": { "uv": [ 5.5, 13, 6, 13.5 ], "texture": "#atlas", "cullface": "north" }
			}
		},
		{
			"__comment": "Box11",
			"from": [ 6.75, 7.75, -14 ],
			"to": [ 8.75, 9.75, -13 ],
			"rotation": { "origin": [ 7, 8, -13 ], "axis": "z", "angle": -45 },
			"faces": {
				"down": { "uv": [ 5, 13, 6, 13.5 ], "texture": "#atlas", "cullface": "north" },
				"up": { "uv": [ 5, 13, 6, 13.5 ], "texture": "#atlas", "cullface": "north" },
				"north": { "uv": [ 1.5, 7.5, 5.5, 11.5 ], "texture": "#atlas", "cullface": "north" },
				"south": { "uv": [ 4.5, 7.5, 5.5, 8.5 ], "texture": "#atlas", "cullface": "north" },
				"west": { "uv": [ 5, 13, 6, 13.5 ], "texture": "#atlas", "cullface": "north", "rotation": 90 },
				"east": { "uv": [ 5, 13, 6, 13.5 ], "texture": "#atlas", "cullface": "north", "rotation": 270 }
			}
		},
		{
			"__comment": "Box12",
			"from": [ 6.5, 10.5, 5.75 ],
			"to": [ 9.5, 13.5, 5.751 ],
			"faces": {
				"down": { "uv": [ 12.5, 9.5, 14, 10 ], "texture": "#atlas" },
				"up": { "uv": [ 10.5, 10.5, 12, 11 ], "texture": "#atlas" },
				"north": { "uv": [ 7.5, 5.5, 11, 9 ], "texture": "#atlas" },
				"south": { "uv": [ 7.5, 5.5, 11, 9 ], "texture": "#atlas" },
				"west": { "uv": [ 6, 6.5, 6.5, 8 ], "texture": "#atlas" },
				"east": { "uv": [ 6, 8, 6.5, 9.5 ], "texture": "#atlas" }
			}
		},
		{
			"__comment": "Box13",
			"from": [ 7.5, 10, 5.75 ],
			"to": [ 8.5, 10.5, 9.5 ],
			"faces": {
				"down": { "uv": [ 6, 13, 7.5, 13.5 ], "texture": "#atlas", "rotation": 90 },
				"up": { "uv": [ 6, 13, 7.5, 13.5 ], "texture": "#atlas", "rotation": 180 },
				"north": { "uv": [ 6, 13, 6.5, 13.5 ], "texture": "#atlas" },
				"south": { "uv": [ 6, 13, 6.5, 13.5 ], "texture": "#atlas" },
				"west": { "uv": [ 6, 13, 7.5, 13.5 ], "texture": "#atlas" },
				"east": { "uv": [ 6, 13, 7.5, 13.5 ], "texture": "#atlas" }
			}
		},
		{
			"__comment": "Box14",
			"from": [ 9.25, 4.5, 8 ],
			"to": [ 10.25, 5.5, 15 ],
			"rotation": { "origin": [ 9.25, 4.5, 8 ], "axis": "z", "angle": 45 },
			"faces": {
				"down": { "uv": [ 8.5, 10, 12, 10.5 ], "texture": "#atlas", "rotation": 90 },
				"up": { "uv": [ 12, 10, 15.5, 10.5 ], "texture": "#atlas", "rotation": 90 },
				"north": { "uv": [ 8, 10, 8.5, 10.5 ], "texture": "#atlas" },
				"south": { "uv": [ 15.5, 10, 16, 10.5 ], "texture": "#atlas" },
				"west": { "uv": [ 8.5, 10, 12, 10.5 ], "texture": "#atlas" },
				"east": { "uv": [ 12, 10, 15.5, 10.5 ], "texture": "#atlas" }
			}
		},
		{
			"__comment": "Box16",
			"from": [ 10, 4, 8.5 ],
			"to": [ 14.25, 12, 9 ],
			"faces": {
				"down": { "uv": [ 10.5, 9.5, 12.5, 10 ], "texture": "#atlas" },
				"up": { "uv": [ 0, 0, 2, 0.5 ], "texture": "#atlas" },
				"north": { "uv": [ 0, 12, 2, 16 ], "texture": "#atlas" },
				"south": { "uv": [ 0, 12.5, 2, 16 ], "texture": "#atlas" },
				"west": { "uv": [ 4, 0.5, 4.5, 4.5 ], "texture": "#atlas" },
				"east": { "uv": [ 4.5, 0.5, 5, 4.5 ], "texture": "#atlas" }
			}
		},
		{
			"__comment": "Box16",
			"from": [ 1.75, 4, 8.5 ],
			"to": [ 6, 11.75, 9 ],
			"faces": {
				"down": { "uv": [ 6, 10.5, 8, 11 ], "texture": "#atlas" },
				"up": { "uv": [ 8.5, 9.5, 10.5, 10 ], "texture": "#atlas" },
				"north": { "uv": [ 0, 12.5, 2, 16 ], "texture": "#atlas" },
				"south": { "uv": [ 0, 12.5, 2, 16 ], "texture": "#atlas" },
				"west": { "uv": [ 5, 2.5, 5.5, 6 ], "texture": "#atlas" },
				"east": { "uv": [ 14.5, 10.5, 15, 14 ], "texture": "#atlas" }
			}
		},
		{
			"__comment": "Box14",
			"from": [ 6.75, 4.5, 8 ],
			"to": [ 7.75, 5.5, 15 ],
			"rotation": { "origin": [ 6.75, 4.5, 8 ], "axis": "z", "angle": 45 },
			"faces": {
				"down": { "uv": [ 8.5, 10, 12, 10.5 ], "texture": "#atlas", "rotation": 90 },
				"up": { "uv": [ 12, 10, 15.5, 10.5 ], "texture": "#atlas", "rotation": 90 },
				"north": { "uv": [ 8, 10, 8.5, 10.5 ], "texture": "#atlas" },
				"south": { "uv": [ 15.5, 10, 16, 10.5 ], "texture": "#atlas" },
				"west": { "uv": [ 8.5, 10, 12, 10.5 ], "texture": "#atlas" },
				"east": { "uv": [ 12, 10, 15.5, 10.5 ], "texture": "#atlas" }
			}
		}
	],
	"display": {
		"head": {
			"scale":  [ 2.6, 2.6, 2.6 ],
			"translation":  [ 0, -3, 0 ]
		},
		"ground": {
			"translation":  [ 0, 12, 0 ],
			"scale":  [ 0.4, 0.4, 0.4 ]
		}
	}
}