{
	"__comment": "Designed by Robotnikman with Cubik Studio - https://cubik.studio",
	"textures": {
		"atlas": "item/robotnikman/guns/m32"
	},
	"elements": [
		{
			"__comment": "Cube1",
			"from": [ 7, 10, -4.5 ],
			"to": [ 9, 12, 1.5 ],
			"faces": {
				"down": { "uv": [ 8, 15, 11, 16 ], "texture": "#atlas", "rotation": 90 },
				"up": { "uv": [ 5, 10.5, 8, 11.5 ], "texture": "#atlas", "rotation": 270 },
				"north": { "uv": [ 8, 6, 10, 8 ], "texture": "#atlas" },
				"west": { "uv": [ 5, 9.5, 8, 10.5 ], "texture": "#atlas" },
				"east": { "uv": [ 5, 8.5, 8, 9.5 ], "texture": "#atlas" }
			}
		},
		{
			"__comment": "Cube2",
			"from": [ 6.5, 9.5, 1.5 ],
			"to": [ 9.5, 12.5, 7.5 ],
			"faces": {
				"up": { "uv": [ 5, 13, 8, 14.5 ], "texture": "#atlas", "rotation": 270 },
				"north": { "uv": [ 8, 12, 9.5, 13.5 ], "texture": "#atlas" },
				"south": { "uv": [ 8, 13.5, 9.5, 15 ], "texture": "#atlas" },
				"west": { "uv": [ 5, 11.5, 8, 13 ], "texture": "#atlas" },
				"east": { "uv": [ 5, 14.5, 8, 16 ], "texture": "#atlas" }
			}
		},
		{
			"__comment": "Cube3",
			"from": [ 5.5, 8, 2 ],
			"to": [ 10.5, 11.5, 7 ],
			"faces": {
				"down": { "uv": [ 0, 13.5, 2.5, 16 ], "texture": "#atlas", "rotation": 90 },
				"up": { "uv": [ 0, 11, 2.5, 13.5 ], "texture": "#atlas", "rotation": 270 },
				"north": { "uv": [ 2.5, 8, 5, 9.5 ], "texture": "#atlas" },
				"south": { "uv": [ 2.5, 12.5, 5, 14 ], "texture": "#atlas" },
				"west": { "uv": [ 2.5, 11, 5, 12.5 ], "texture": "#atlas" },
				"east": { "uv": [ 2.5, 9.5, 5, 11 ], "texture": "#atlas" }
			}
		},
		{
			"__comment": "Cube4",
			"from": [ 7.5, 12.5, 3 ],
			"to": [ 8.5, 13.5, 6 ],
			"faces": {
				"north": { "uv": [ 9.5, 8, 10, 8.5 ], "texture": "#atlas" },
				"south": { "uv": [ 15.5, 15, 16, 15.5 ], "texture": "#atlas" },
				"west": { "uv": [ 10, 11, 11.5, 11.5 ], "texture": "#atlas" },
				"east": { "uv": [ 10, 11.5, 11.5, 12 ], "texture": "#atlas" }
			}
		},
		{
			"__comment": "Cube5",
			"from": [ 7.5, 13.5, 2.5 ],
			"to": [ 8.5, 14.5, 6.5 ],
			"faces": {
				"down": { "uv": [ 14, 12.5, 16, 13 ], "texture": "#atlas", "rotation": 90 },
				"up": { "uv": [ 10, 12, 12, 12.5 ], "texture": "#atlas", "rotation": 270 },
				"north": { "uv": [ 10.5, 10.5, 11, 11 ], "texture": "#atlas" },
				"south": { "uv": [ 11, 10.5, 11.5, 11 ], "texture": "#atlas" },
				"west": { "uv": [ 14, 14.5, 16, 15 ], "texture": "#atlas" },
				"east": { "uv": [ 14, 14, 16, 14.5 ], "texture": "#atlas" }
			}
		},
		{
			"__comment": "Cube6",
			"from": [ 7.5, 5.7348, 8.1831 ],
			"to": [ 8.5, 10.7348, 9.1831 ],
			"rotation": { "origin": [ 7.5, 10.5, 8.5 ], "axis": "x", "angle": -22.5 },
			"faces": {
				"down": { "uv": [ 10, 10.5, 10.5, 11 ], "texture": "#atlas", "rotation": 270 },
				"north": { "uv": [ 9.5, 11.5, 10, 14 ], "texture": "#atlas", "rotation": 180 },
				"south": { "uv": [ 9, 9.5, 9.5, 12 ], "texture": "#atlas", "rotation": 180 },
				"west": { "uv": [ 8, 9.5, 8.5, 12 ], "texture": "#atlas" },
				"east": { "uv": [ 8.5, 9.5, 9, 12 ], "texture": "#atlas" }
			}
		},
		{
			"__comment": "Cube7",
			"from": [ 7.5, 10.5, 7.5 ],
			"to": [ 8.5, 11.5, 16.5 ],
			"faces": {
				"down": { "uv": [ 11, 15.5, 15.5, 16 ], "texture": "#atlas", "rotation": 90 },
				"up": { "uv": [ 9.5, 14, 14, 14.5 ], "texture": "#atlas", "rotation": 270 },
				"south": { "uv": [ 15.5, 12, 16, 12.5 ], "texture": "#atlas" },
				"west": { "uv": [ 9.5, 14.5, 14, 15 ], "texture": "#atlas" },
				"east": { "uv": [ 11, 15, 15.5, 15.5 ], "texture": "#atlas" }
			}
		},
		{
			"__comment": "Cube8",
			"from": [ 7.5, 9.5, 12 ],
			"to": [ 8.5, 10.5, 16.5 ],
			"faces": {
				"down": { "uv": [ 12.5, 13.5, 14.5, 14 ], "texture": "#atlas", "rotation": 90 },
				"north": { "uv": [ 10.5, 10, 11, 10.5 ], "texture": "#atlas" },
				"south": { "uv": [ 10, 10, 10.5, 10.5 ], "texture": "#atlas" },
				"west": { "uv": [ 10, 13, 12, 13.5 ], "texture": "#atlas" },
				"east": { "uv": [ 12, 13, 14, 13.5 ], "texture": "#atlas" }
			}
		},
		{
			"__comment": "Cube9",
			"from": [ 7.5, 8.5, 13 ],
			"to": [ 8.5, 9.5, 16.5 ],
			"faces": {
				"down": { "uv": [ 8, 8, 9.5, 8.5 ], "texture": "#atlas", "rotation": 90 },
				"north": { "uv": [ 15.5, 15.5, 16, 16 ], "texture": "#atlas" },
				"south": { "uv": [ 7.5, 8, 8, 8.5 ], "texture": "#atlas" },
				"west": { "uv": [ 14.5, 13.5, 16, 14 ], "texture": "#atlas" },
				"east": { "uv": [ 14, 12, 15.5, 12.5 ], "texture": "#atlas" }
			}
		},
		{
			"__comment": "Cube10",
			"from": [ 7.5, 7.5, -2.5 ],
			"to": [ 8.5, 10, -1.5 ],
			"faces": {
				"down": { "uv": [ 11, 10, 11.5, 10.5 ], "texture": "#atlas", "rotation": 90 },
				"north": { "uv": [ 9.5, 8.5, 10, 9.5 ], "texture": "#atlas" },
				"south": { "uv": [ 9.5, 9.5, 10, 10.5 ], "texture": "#atlas" },
				"west": { "uv": [ 9, 8.5, 9.5, 9.5 ], "texture": "#atlas" },
				"east": { "uv": [ 9.5, 10.5, 10, 11.5 ], "texture": "#atlas" }
			}
		},
		{
			"__comment": "Cube11",
			"from": [ 6, 11.5, 2 ],
			"to": [ 10, 12, 7 ],
			"faces": {
				"up": { "uv": [ 0, 9, 2.5, 11 ], "texture": "#atlas", "rotation": 270 },
				"north": { "uv": [ 12, 12.5, 14, 13 ], "texture": "#atlas" },
				"south": { "uv": [ 10, 12.5, 12, 13 ], "texture": "#atlas" },
				"west": { "uv": [ 0, 8.5, 2.5, 9 ], "texture": "#atlas" },
				"east": { "uv": [ 0, 8, 2.5, 8.5 ], "texture": "#atlas" }
			}
		},
		{
			"__comment": "Cube11",
			"from": [ 6, 7.5, 2 ],
			"to": [ 10, 8, 7 ],
			"faces": {
				"down": { "uv": [ 2.5, 14, 5, 16 ], "texture": "#atlas", "rotation": 90 },
				"north": { "uv": [ 14, 13, 16, 13.5 ], "texture": "#atlas" },
				"south": { "uv": [ 12, 12, 14, 12.5 ], "texture": "#atlas" },
				"west": { "uv": [ 5, 8, 7.5, 8.5 ], "texture": "#atlas" },
				"east": { "uv": [ 10, 13.5, 12.5, 14 ], "texture": "#atlas" }
			}
		}
	],
	"display": {
		"head": {
			"scale":  [ 1.5, 1.5, 1.5 ],
			"translation":  [ 3, -17, 4 ]
		},
		"gui": {
			"rotation":  [ 30, 45, 0 ],
			"scale":  [ 0.6, 0.6, 0.6 ]
		}
	}
}