{"__comment":"Crafted by NullBlox - Do Not Distribute or Modify with outPermission.","textures":{"particle":"item/nubx/nulls_light_gray","texture":"item/nubx/nulls_pink"},"elements":[{"__comment":"Gray","from":[-9.5,10,6.4375],"to":[7,10.5,6.9375],"faces":{"down":{"uv":[0,0,1,1],"texture":"#particle","cullface":"west"},"up":{"uv":[0,0,1,1],"texture":"#particle","cullface":"west"},"north":{"uv":[0,0,1,1],"texture":"#particle","cullface":"west"},"south":{"uv":[0,0,1,1],"texture":"#particle","cullface":"west"},"west":{"uv":[0,0,1,1],"texture":"#particle","cullface":"west"},"east":{"uv":[0,0,1,1],"texture":"#particle","cullface":"west"}}},{"__comment":"Brown","from":[-3,9.25,6.25],"to":[8,10.25,7.75],"faces":{"down":{"uv":[0,0,1,1],"texture":"#texture","cullface":"west"},"up":{"uv":[0,0,1,1],"texture":"#texture","cullface":"west"},"north":{"uv":[0,0,1,1],"texture":"#texture","cullface":"west"},"south":{"uv":[0,0,1,1],"texture":"#texture","cullface":"west"},"west":{"uv":[0,0,1,1],"texture":"#texture","cullface":"west"}}},{"__comment":"Gray*","from":[-9.5,10,7.0625],"to":[7,10.5,7.5625],"faces":{"down":{"uv":[0,0,1,1],"texture":"#particle","cullface":"west"},"up":{"uv":[0,0,1,1],"texture":"#particle","cullface":"west"},"north":{"uv":[0,0,1,1],"texture":"#particle","cullface":"west"},"south":{"uv":[0,0,1,1],"texture":"#particle","cullface":"west"},"west":{"uv":[0,0,1,1],"texture":"#particle","cullface":"west"},"east":{"uv":[0,0,1,1],"texture":"#particle","cullface":"west"}}},{"__comment":"Brown*","from":[-1.5,8.75,6.5],"to":[8,9.25,7.5],"faces":{"down":{"uv":[0,0,1,1],"texture":"#texture","cullface":"west"},"north":{"uv":[0,0,1,1],"texture":"#texture","cullface":"west"},"south":{"uv":[0,0,1,1],"texture":"#texture","cullface":"west"},"west":{"uv":[0,0,1,1],"texture":"#texture","cullface":"west"},"east":{"uv":[0,0,1,1],"texture":"#texture","cullface":"west"}}},{"__comment":"Gray*","from":[7.1875,10,7.0625],"to":[7.6875,10.5,7.5625],"faces":{"down":{"uv":[0,0,1,1],"texture":"#particle"},"up":{"uv":[0,0,1,1],"texture":"#particle"},"north":{"uv":[0,0,1,1],"texture":"#particle"},"south":{"uv":[0,0,1,1],"texture":"#particle"},"west":{"uv":[0,0,1,1],"texture":"#particle"},"east":{"uv":[0,0,1,1],"texture":"#particle"}}},{"__comment":"Gray*","from":[7.25,10,6.5],"to":[7.75,10.5,7],"faces":{"down":{"uv":[0,0,1,1],"texture":"#particle"},"up":{"uv":[0,0,1,1],"texture":"#particle"},"north":{"uv":[0,0,1,1],"texture":"#particle"},"south":{"uv":[0,0,1,1],"texture":"#particle"},"west":{"uv":[0,0,1,1],"texture":"#particle"},"east":{"uv":[0,0,1,1],"texture":"#particle"}}},{"__comment":"Brown*","from":[8,9.25,6.25],"to":[14.5,10.25,7.75],"rotation":{"origin":[8,10.25,6.25],"axis":"z","angle":-22.5 },"faces":{"down":{"uv":[0,0,1,1],"texture":"#texture"},"up":{"uv":[0,0,1,1],"texture":"#texture"},"north":{"uv":[0,0,1,1],"texture":"#texture"},"south":{"uv":[0,0,1,1],"texture":"#texture"},"east":{"uv":[0,0,1,1],"texture":"#texture"}}},{"__comment":"Brown*","from":[11,7.9375,6.25],"to":[16.5,9.5,7.75],"faces":{"down":{"uv":[0,0,1,1],"texture":"#texture","cullface":"east"},"up":{"uv":[0,0,1,1],"texture":"#texture","cullface":"east"},"north":{"uv":[0,0,1,1],"texture":"#texture","cullface":"east"},"south":{"uv":[0,0,1,1],"texture":"#texture","cullface":"east"},"west":{"uv":[0,0,1,1],"texture":"#texture","cullface":"east"},"east":{"uv":[0,0,1,1],"texture":"#texture","cullface":"east"}}},{"__comment":"Brown*","from":[7.3125,9.125,6.5],"to":[14.3125,10.125,7.5],"rotation":{"origin":[7.3125,10.125,6.5],"axis":"z","angle":-22.5 },"faces":{"down":{"uv":[0,0,1,1],"texture":"#texture"},"up":{"uv":[0,0,1,1],"texture":"#texture"},"north":{"uv":[0,0,1,1],"texture":"#texture"},"south":{"uv":[0,0,1,1],"texture":"#texture"},"west":{"uv":[0,0,1,1],"texture":"#texture"},"east":{"uv":[0,0,1,1],"texture":"#texture"}}},{"__comment":"Gray*","from":[7.875,9.875,7.5625],"to":[8.1875,10.875,8.0625],"rotation":{"origin":[7.875,10.875,7.5625],"axis":"z","angle":-45 },"faces":{"down":{"uv":[0,0,1,1],"texture":"#particle"},"up":{"uv":[0,0,1,1],"texture":"#particle"},"north":{"uv":[0,0,1,1],"texture":"#particle"},"south":{"uv":[0,0,1,1],"texture":"#particle"},"west":{"uv":[0,0,1,1],"texture":"#particle"},"east":{"uv":[0,0,1,1],"texture":"#particle"}}},{"__comment":"Gray*","from":[7.9375,9.9375,6.0625],"to":[8.25,10.9375,6.5625],"rotation":{"origin":[7.9375,10.9375,6.0625],"axis":"z","angle":-45 },"faces":{"down":{"uv":[0,0,1,1],"texture":"#particle"},"up":{"uv":[0,0,1,1],"texture":"#particle"},"north":{"uv":[0,0,1,1],"texture":"#particle"},"south":{"uv":[0,0,1,1],"texture":"#particle"},"west":{"uv":[0,0,1,1],"texture":"#particle"},"east":{"uv":[0,0,1,1],"texture":"#particle"}}},{"__comment":"Brown*","from":[11,9.5,6.5],"to":[16.5,10,7.5],"faces":{"up":{"uv":[0,0,1,1],"texture":"#texture","cullface":"east"},"north":{"uv":[0,0,1,1],"texture":"#texture","cullface":"east"},"south":{"uv":[0,0,1,1],"texture":"#texture","cullface":"east"},"west":{"uv":[0,0,1,1],"texture":"#texture","cullface":"east"},"east":{"uv":[0,0,1,1],"texture":"#texture","cullface":"east"}}},{"__comment":"Brown*","from":[15.4375,7.5,6.25],"to":[16.9375,9,7.75],"rotation":{"origin":[15.4375,9,6.25],"axis":"z","angle":-45 },"faces":{"down":{"uv":[0,0,1,1],"texture":"#texture","cullface":"east"},"up":{"uv":[0,0,1,1],"texture":"#texture","cullface":"east"},"north":{"uv":[0,0,1,1],"texture":"#texture","cullface":"east"},"south":{"uv":[0,0,1,1],"texture":"#texture","cullface":"east"},"west":{"uv":[0,0,1,1],"texture":"#texture","cullface":"east"},"east":{"uv":[0,0,1,1],"texture":"#texture","cullface":"east"}}},{"__comment":"Brown*","from":[11,8.375,6.25],"to":[12,9.375,7.75],"rotation":{"origin":[11,9.375,6.25],"axis":"z","angle":-45 },"faces":{"down":{"uv":[0,0,1,1],"texture":"#texture"},"up":{"uv":[0,0,1,1],"texture":"#texture"},"north":{"uv":[0,0,1,1],"texture":"#texture"},"south":{"uv":[0,0,1,1],"texture":"#texture"},"west":{"uv":[0,0,1,1],"texture":"#texture"},"east":{"uv":[0,0,1,1],"texture":"#texture"}}},{"__comment":"Gray*","from":[8,10,6.8125],"to":[10,10.5,7.3125],"rotation":{"origin":[8,10.5,6.8125],"axis":"z","angle":-22.5 },"faces":{"down":{"uv":[0,0,1,1],"texture":"#particle"},"up":{"uv":[0,0,1,1],"texture":"#particle"},"north":{"uv":[0,0,1,1],"texture":"#particle"},"south":{"uv":[0,0,1,1],"texture":"#particle"},"west":{"uv":[0,0,1,1],"texture":"#particle"},"east":{"uv":[0,0,1,1],"texture":"#particle"}}},{"__comment":"Gray*","from":[7.5,7.5,6.8125],"to":[9,8,7.3125],"faces":{"down":{"uv":[0,0,1,1],"texture":"#particle"},"up":{"uv":[0,0,1,1],"texture":"#particle"},"north":{"uv":[0,0,1,1],"texture":"#particle"},"south":{"uv":[0,0,1,1],"texture":"#particle"}}},{"__comment":"Gray*","from":[7,7.5,6.8125],"to":[7.5,9,7.3125],"faces":{"down":{"uv":[0,0,1,1],"texture":"#particle"},"up":{"uv":[0,0,1,1],"texture":"#particle"},"north":{"uv":[0,0,1,1],"texture":"#particle"},"south":{"uv":[0,0,1,1],"texture":"#particle"},"west":{"uv":[0,0,1,1],"texture":"#particle"},"east":{"uv":[0,0,1,1],"texture":"#particle"}}},{"__comment":"Gray*","from":[9,7.5,6.8125],"to":[9.5,9,7.3125],"faces":{"down":{"uv":[0,0,1,1],"texture":"#particle"},"up":{"uv":[0,0,1,1],"texture":"#particle"},"north":{"uv":[0,0,1,1],"texture":"#particle"},"south":{"uv":[0,0,1,1],"texture":"#particle"},"west":{"uv":[0,0,1,1],"texture":"#particle"},"east":{"uv":[0,0,1,1],"texture":"#particle"}}},{"__comment":"Gray*","from":[8.375,8.25,6.8125],"to":[8.875,9.75,7.3125],"rotation":{"origin":[8.375,9.75,6.8125],"axis":"z","angle":-22.5 },"faces":{"down":{"uv":[0,0,1,1],"texture":"#particle"},"up":{"uv":[0,0,1,1],"texture":"#particle"},"north":{"uv":[0,0,1,1],"texture":"#particle"},"south":{"uv":[0,0,1,1],"texture":"#particle"},"west":{"uv":[0,0,1,1],"texture":"#particle"},"east":{"uv":[0,0,1,1],"texture":"#particle"}}}],"display":{"thirdperson_righthand":{"rotation":[0,-48,0],"translation":[-1.32,-0.38,0.19],"scale":[0.7,0.7,0.7 ]},"thirdperson_lefthand":{"rotation":[0,148,0],"translation":[-1.32,-0.38,0.19],"scale":[0.7,0.7,0.7 ]},"head":{"rotation":[0,0,45],"translation":[4.54,-12.66,5.29],"scale":[1,1,1 ]},"ground":{"rotation":[0,0,0],"translation":[0,3.21,0],"scale":[0.6,0.6,0.6 ]},"fixed":{"rotation":[0,0,0],"translation":[3.02,-0.38,0],"scale":[0.7,0.7,0.7 ]},"firstperson_righthand":{"rotation":[0,-94,0],"translation":[0,0.94,0],"scale":[1,1,1 ]},"firstperson_lefthand":{"rotation":[0,94,0],"translation":[0,0.94,0],"scale":[1,1,1 ]},"gui":{"rotation":[30,45,0],"translation":[1.7,0.38,0],"scale":[0.62,0.62,0.62 ]}}}