{
	"__comment": "Designed by Robotnikman with Cubik Studio - https://cubik.studio",
	"textures": {
		"atlas": "robotnikman/vehicles/scout_car"
	},
	"elements": [ 	 
		{
			"__comment": "Box1",
			"from": [ 2, -2, -7.5 ],
			"to": [ 14, 6, 15.5 ],
			"faces": {
				"down": { "uv": [ 6.25, 3, 9.25, 8.75 ], "texture": "#atlas", "cullface": "north" },
				"up": { "uv": [ 2.5, 3, 5.5, 8.75 ], "texture": "#atlas", "cullface": "north", "rotation": 180 },
				"north": { "uv": [ 6.5, 11, 9.5, 13 ], "texture": "#atlas", "cullface": "north" },
				"south": { "uv": [ 14, 6, 16, 9 ], "texture": "#atlas", "cullface": "north", "rotation": 90 },
				"west": { "uv": [ 10.25, 9.5, 16, 11.5 ], "texture": "#atlas", "cullface": "north" },
				"east": { "uv": [ 10.25, 3.5, 16, 5.5 ], "texture": "#atlas", "cullface": "north" }
			}
		},
		{
			"__comment": "Box3",
			"from": [ 2, 0, -11.5 ],
			"to": [ 14, 2, -9.5 ],
			"faces": {
				"down": { "uv": [ 6.5, 10.5, 9.5, 11 ], "texture": "#atlas", "cullface": "north" },
				"up": { "uv": [ 6.5, 10.5, 9.5, 11 ], "texture": "#atlas", "cullface": "north" },
				"north": { "uv": [ 6.5, 12, 9.5, 12.5 ], "texture": "#atlas", "cullface": "north" },
				"west": { "uv": [ 10, 12, 10.5, 12.5 ], "texture": "#atlas", "cullface": "north" },
				"east": { "uv": [ 5.5, 12, 6, 12.5 ], "texture": "#atlas", "cullface": "north" }
			}
		},
		{
			"__comment": "Box4",
			"from": [ 2, -2, -9.5 ],
			"to": [ 14, 4, -7.5 ],
			"faces": {
				"down": { "uv": [ 6.5, 10, 9.5, 10.5 ], "texture": "#atlas", "cullface": "north" },
				"up": { "uv": [ 6.5, 10, 9.5, 10.5 ], "texture": "#atlas", "cullface": "north" },
				"north": { "uv": [ 6.5, 11.5, 9.5, 13 ], "texture": "#atlas", "cullface": "north" },
				"west": { "uv": [ 6, 11.5, 6.5, 13 ], "texture": "#atlas", "cullface": "north" },
				"east": { "uv": [ 9.5, 11.5, 10, 13 ], "texture": "#atlas", "cullface": "north" }
			}
		},
		{
			"__comment": "Box6",
			"from": [ 4.5, 6, 6 ],
			"to": [ 11.5, 8, 13 ],
			"faces": {
				"up": { "uv": [ 3, 12.25, 4.75, 14 ], "texture": "#atlas", "rotation": 90 },
				"north": { "uv": [ 3, 14.75, 4.75, 15.25 ], "texture": "#atlas" },
				"south": { "uv": [ 3, 14.75, 4.75, 15.25 ], "texture": "#atlas" },
				"west": { "uv": [ 3, 14.75, 4.75, 15.25 ], "texture": "#atlas" },
				"east": { "uv": [ 3.25, 14.25, 4.5, 14.75 ], "texture": "#atlas" }
			}
		},
		{
			"__comment": "Box2",
			"from": [ 14, -6, -5.5 ],
			"to": [ 16, 0, 0.5 ],
			"faces": {
				"down": { "uv": [ 3.5, 10, 4, 11.5 ], "texture": "#atlas", "cullface": "down" },
				"up": { "uv": [ 3.5, 10, 4, 11.5 ], "texture": "#atlas" },
				"north": { "uv": [ 3.5, 10, 4, 11.5 ], "texture": "#atlas" },
				"south": { "uv": [ 3.5, 10, 4, 11.5 ], "texture": "#atlas" },
				"west": { "uv": [ 4, 10, 5.5, 11.5 ], "texture": "#atlas" },
				"east": { "uv": [ 4, 10, 5.5, 11.5 ], "texture": "#atlas" }
			}
		},
		{
			"__comment": "Box2",
			"from": [ 14, -6, 8 ],
			"to": [ 16, 0, 14 ],
			"faces": {
				"down": { "uv": [ 3.5, 10, 4, 11.5 ], "texture": "#atlas", "cullface": "down" },
				"up": { "uv": [ 3.5, 10, 4, 11.5 ], "texture": "#atlas" },
				"north": { "uv": [ 3.5, 10, 4, 11.5 ], "texture": "#atlas" },
				"south": { "uv": [ 3.5, 10, 4, 11.5 ], "texture": "#atlas" },
				"west": { "uv": [ 4, 10, 5.5, 11.5 ], "texture": "#atlas" },
				"east": { "uv": [ 4, 10, 5.5, 11.5 ], "texture": "#atlas" }
			}
		},
		{
			"__comment": "Box2",
			"from": [ 0, -6, 8 ],
			"to": [ 2, 0, 14 ],
			"faces": {
				"down": { "uv": [ 3.5, 10, 4, 11.5 ], "texture": "#atlas", "cullface": "down" },
				"up": { "uv": [ 3.5, 10, 4, 11.5 ], "texture": "#atlas" },
				"north": { "uv": [ 3.5, 10, 4, 11.5 ], "texture": "#atlas" },
				"south": { "uv": [ 3.5, 10, 4, 11.5 ], "texture": "#atlas" },
				"west": { "uv": [ 4, 10, 5.5, 11.5 ], "texture": "#atlas" },
				"east": { "uv": [ 4, 10, 5.5, 11.5 ], "texture": "#atlas" }
			}
		},
		{
			"__comment": "Box2",
			"from": [ 0, -6, -5.5 ],
			"to": [ 2, 0, 0.5 ],
			"faces": {
				"down": { "uv": [ 3.5, 10, 4, 11.5 ], "texture": "#atlas", "cullface": "down" },
				"up": { "uv": [ 3.5, 10, 4, 11.5 ], "texture": "#atlas" },
				"north": { "uv": [ 3.5, 10, 4, 11.5 ], "texture": "#atlas" },
				"south": { "uv": [ 3.5, 10, 4, 11.5 ], "texture": "#atlas" },
				"west": { "uv": [ 4, 10, 5.5, 11.5 ], "texture": "#atlas" },
				"east": { "uv": [ 4, 10, 5.5, 11.5 ], "texture": "#atlas" }
			}
		},
		{
			"__comment": "Box9",
			"from": [ 11.5, 6, 7 ],
			"to": [ 12.5, 8, 12 ],
			"faces": {
				"up": { "uv": [ 4.75, 12.5, 5, 13.75 ], "texture": "#atlas" },
				"north": { "uv": [ 4.5, 14.75, 4.75, 15.25 ], "texture": "#atlas" },
				"south": { "uv": [ 4.5, 14.75, 4.75, 15.25 ], "texture": "#atlas" },
				"east": { "uv": [ 3.25, 14.25, 4.5, 14.75 ], "texture": "#atlas" }
			}
		},
		{
			"__comment": "Box9",
			"from": [ 5.5, 6, 5 ],
			"to": [ 10.5, 8, 6 ],
			"faces": {
				"up": { "uv": [ 3.25, 12, 4.5, 12.25 ], "texture": "#atlas" },
				"north": { "uv": [ 3.25, 14.25, 4.5, 14.75 ], "texture": "#atlas" },
				"west": { "uv": [ 3.25, 14.25, 3.5, 14.75 ], "texture": "#atlas" },
				"east": { "uv": [ 4.25, 14.25, 4.5, 14.75 ], "texture": "#atlas" }
			}
		},
		{
			"__comment": "Box9",
			"from": [ 5.5, 6, 13 ],
			"to": [ 10.5, 8, 14 ],
			"faces": {
				"up": { "uv": [ 3.25, 14, 4.5, 14.25 ], "texture": "#atlas" },
				"south": { "uv": [ 3.25, 14.25, 4.5, 14.75 ], "texture": "#atlas" },
				"west": { "uv": [ 3.25, 14.25, 3.5, 14.75 ], "texture": "#atlas" },
				"east": { "uv": [ 4.25, 14.25, 4.5, 14.75 ], "texture": "#atlas" }
			}
		},
		{
			"__comment": "Box9",
			"from": [ 3.5, 6, 7 ],
			"to": [ 4.5, 8, 12 ],
			"faces": {
				"up": { "uv": [ 2.75, 12.5, 3, 13.75 ], "texture": "#atlas" },
				"north": { "uv": [ 3, 14.75, 3.25, 15.25 ], "texture": "#atlas" },
				"south": { "uv": [ 3, 14.75, 3.25, 15.25 ], "texture": "#atlas" },
				"west": { "uv": [ 3.25, 14.25, 4.5, 14.75 ], "texture": "#atlas" }
			}
		},
		{
			"__comment": "Box14",
			"from": [ 14, 1, -7.5 ],
			"to": [ 15, 6, 15.5 ],
			"faces": {
				"down": { "uv": [ 5.5, 3, 5.75, 8.75 ], "texture": "#atlas", "cullface": "north" },
				"up": { "uv": [ 5.5, 3, 5.75, 8.75 ], "texture": "#atlas", "cullface": "north" },
				"north": { "uv": [ 2.25, 7.5, 2.5, 8.75 ], "texture": "#atlas", "cullface": "north" },
				"south": { "uv": [ 2.25, 3, 2.5, 4.25 ], "texture": "#atlas", "cullface": "north" },
				"east": { "uv": [ 10.25, 3.5, 16, 4.75 ], "texture": "#atlas", "cullface": "north" }
			}
		},
		{
			"__comment": "Box14",
			"from": [ 1, 1, -7.5 ],
			"to": [ 2, 6, 15.5 ],
			"faces": {
				"down": { "uv": [ 2.25, 3, 2.5, 8.75 ], "texture": "#atlas", "cullface": "north" },
				"up": { "uv": [ 2.25, 3, 2.5, 8.75 ], "texture": "#atlas", "cullface": "north" },
				"north": { "uv": [ 4.5, 5.5, 4.75, 6.75 ], "texture": "#atlas", "cullface": "north" },
				"south": { "uv": [ 4.5, 4, 4.75, 5.25 ], "texture": "#atlas", "cullface": "north" },
				"west": { "uv": [ 10.25, 9.5, 16, 10.75 ], "texture": "#atlas", "cullface": "north" }
			}
		},
		{
			"__comment": "Box16",
			"from": [ 6, 6, -1 ],
			"to": [ 10, 10, -0.5 ],
			"rotation": { "origin": [ 6, 6, -1 ], "axis": "x", "angle": 45 },
			"faces": {
				"up": { "uv": [ 3.25, 9.25, 4.25, 9.5 ], "texture": "#atlas", "cullface": "north" },
				"north": { "uv": [ 3.25, 8.75, 4.25, 9.5 ], "texture": "#atlas", "cullface": "north" },
				"south": { "uv": [ 3.25, 8.75, 4.25, 9.5 ], "texture": "#atlas", "cullface": "north" },
				"west": { "uv": [ 4, 8.75, 4.25, 9.5 ], "texture": "#atlas", "cullface": "north" },
				"east": { "uv": [ 3.25, 8.75, 3.5, 9.5 ], "texture": "#atlas", "cullface": "north" }
			}
		}
	],
	"display": {
		"gui": {
			"rotation":  [ 30, 135, 0 ],
			"translation":  [ 3, 2, 0 ],
			"scale":  [ 0.6, 0.6, 0.6 ]
		},
		"head": {
			"scale":  [ 3, 3, 3 ]
		}
	}
}