{
	"parent": "item/handheld",
	"textures": {
		"layer0": "item/feather"
	},
	"overrides": [
		{"predicate": {"custom_model_data":1}, "model":"item/weapons/uzi"},
		{"predicate": {"custom_model_data":11}, "model":"item/weapons/uziaiming"},
		{"predicate": {"custom_model_data":16}, "model":"item/weapons/uzisprinting"},
		
		{"predicate": {"custom_model_data":21}, "model":"item/weapons/aug"},
		{"predicate": {"custom_model_data":31}, "model":"item/weapons/augaiming"},
		{"predicate": {"custom_model_data":36}, "model":"item/weapons/augsprinting"},
		
		{"predicate": {"custom_model_data":81}, "model":"item/weapons/origin12"},
		{"predicate": {"custom_model_data":91}, "model":"item/weapons/origin12aiming"},
		{"predicate": {"custom_model_data":96}, "model":"item/weapons/origin12sprinting"},
		
		{"predicate": {"custom_model_data":101}, "model":"item/weapons/rpg7"},
		{"predicate": {"custom_model_data":111}, "model":"item/weapons/rpg7aiming"},
		{"predicate": {"custom_model_data":116}, "model":"item/weapons/rpg7sprinting"},
		
		{"predicate": {"custom_model_data":121}, "model":"item/weapons/ak47"},
		{"predicate": {"custom_model_data":131}, "model":"item/weapons/ak47aiming"},
		{"predicate": {"custom_model_data":136}, "model":"item/weapons/ak47sprinting"},
		
		{"predicate": {"custom_model_data":141}, "model":"item/weapons/fnfal"},
		{"predicate": {"custom_model_data":151}, "model":"item/weapons/fnfalaiming"},
		{"predicate": {"custom_model_data":156}, "model":"item/weapons/fnfalsprinting"},
		
		{"predicate": {"custom_model_data":161}, "model":"item/weapons/m4a1"},
		{"predicate": {"custom_model_data":171}, "model":"item/weapons/m4a1aiming"},
		{"predicate": {"custom_model_data":176}, "model":"item/weapons/m4a1sprinting"},
		
		{"predicate": {"custom_model_data":181}, "model":"item/weapons/coltpython"},
		{"predicate": {"custom_model_data":191}, "model":"item/weapons/coltpythonaiming"},
		{"predicate": {"custom_model_data":196}, "model":"item/weapons/coltpythonsprinting"},
		
		{"predicate": {"custom_model_data":201}, "model":"item/weapons/deserteagle"},
		{"predicate": {"custom_model_data":211}, "model":"item/weapons/deserteagleaiming"},
		{"predicate": {"custom_model_data":216}, "model":"item/weapons/deserteaglesprinting"},
		
		{"predicate": {"custom_model_data":221}, "model":"item/weapons/kar98k"},
		{"predicate": {"custom_model_data":231}, "model":"item/weapons/kar98kaiming"},
		{"predicate": {"custom_model_data":236}, "model":"item/weapons/kar98ksprinting"},
		
		{"predicate": {"custom_model_data":241}, "model":"item/weapons/mg34"},
		{"predicate": {"custom_model_data":251}, "model":"item/weapons/mg34aiming"},
		{"predicate": {"custom_model_data":256}, "model":"item/weapons/mg34sprinting"},
		
		{"predicate": {"custom_model_data":261}, "model":"item/weapons/flashbang"},
		
		{"predicate": {"custom_model_data":271}, "model":"item/weapons/semtex"},
		
		{"predicate": {"custom_model_data":281}, "model":"item/weapons/grenade"},
		
		{"predicate": {"custom_model_data":291}, "model":"item/weapons/clusterbomb"},
		
		{"predicate": {"custom_model_data":301}, "model":"item/weapons/airstrike"},
		
		{"predicate": {"custom_model_data":311}, "model":"item/weapons/famasg2"},
		{"predicate": {"custom_model_data":321}, "model":"item/weapons/famasg2aiming"},
		{"predicate": {"custom_model_data":326}, "model":"item/weapons/famasg2sprinting"},
		{"predicate": {"custom_model_data":331}, "model":"item/weapons/famasg2reloading"},
		
		{"predicate": {"custom_model_data":341}, "model":"item/weapons/ammo_rocket"},
		
		{"predicate": {"custom_model_data":351}, "model":"item/weapons/combatknife"},

		{"predicate": {"custom_model_data":361}, "model":"item/weapons/ax50"},
		{"predicate": {"custom_model_data":371}, "model":"item/weapons/ax50sprinting"},

		{"predicate": {"custom_model_data":381}, "model":"item/weapons/dp12"},
		{"predicate": {"custom_model_data":391}, "model":"item/weapons/dp12aiming"},
		{"predicate": {"custom_model_data":396}, "model":"item/weapons/dp12sprinting"},

		{"predicate": {"custom_model_data":400}, "model":"item/weapons/bazooka"},
		{"predicate": {"custom_model_data":401}, "model":"item/weapons/bazooka_blue"},
		{"predicate": {"custom_model_data":402}, "model":"item/weapons/bazooka_pink"},
 
		{"predicate": {"custom_model_data":403}, "model":"item/weapons/carbine"},
		{"predicate": {"custom_model_data":404}, "model":"item/weapons/carbine_blue"},
		{"predicate": {"custom_model_data":405}, "model":"item/weapons/carbine_pink"}, 
		{"predicate": {"custom_model_data":406}, "model":"item/weapons/carbine_red"}, 

		{"predicate": {"custom_model_data":407}, "model":"item/weapons/gauss"}, 
		{"predicate": {"custom_model_data":408}, "model":"item/weapons/gauss_blue"}, 
		{"predicate": {"custom_model_data":409}, "model":"item/weapons/gauss_pink"}, 
		{"predicate": {"custom_model_data":410}, "model":"item/weapons/gauss_red"}, 

		{"predicate": {"custom_model_data":411}, "model":"item/weapons/olympia"}, 
		{"predicate": {"custom_model_data":412}, "model":"item/weapons/olympia_blue"}, 
		{"predicate": {"custom_model_data":413}, "model":"item/weapons/olympia_pink"}, 
		{"predicate": {"custom_model_data":414}, "model":"item/weapons/olympia_red"}, 

		{"predicate": {"custom_model_data":415}, "model":"item/weapons/python"}, 
		{"predicate": {"custom_model_data":416}, "model":"item/weapons/python_blue"}, 
		{"predicate": {"custom_model_data":417}, "model":"item/weapons/python_pink"}, 
		{"predicate": {"custom_model_data":418}, "model":"item/weapons/python_red"}, 
        
		{"predicate": {"custom_model_data":419}, "model":"item/weapons/type95"}, 
		{"predicate": {"custom_model_data":420}, "model":"item/weapons/type95_blue"}, 
		{"predicate": {"custom_model_data":421}, "model":"item/weapons/type95_pink"}, 
		{"predicate": {"custom_model_data":422}, "model":"item/weapons/type95_red"}, 

		{"predicate": {"custom_model_data":423}, "model":"item/weapons/hunting"}, 
		{"predicate": {"custom_model_data":424}, "model":"item/weapons/hunting_scope"}, 
		{"predicate": {"custom_model_data":425}, "model":"item/weapons/hunting_blue"}, 
		{"predicate": {"custom_model_data":426}, "model":"item/weapons/hunting_blue_scope"}, 
		{"predicate": {"custom_model_data":427}, "model":"item/weapons/hunting_pink"}, 
		{"predicate": {"custom_model_data":428}, "model":"item/weapons/hunting_pink_scope"}, 
		{"predicate": {"custom_model_data":429}, "model":"item/weapons/hunting_red"}, 
		{"predicate": {"custom_model_data":430}, "model":"item/weapons/hunting_red_scope"}, 
        
		{"predicate": {"custom_model_data":431}, "model":"item/weapons/cocopops"}, 
		{"predicate": {"custom_model_data":432}, "model":"item/weapons/cocopops_blue"}, 
		{"predicate": {"custom_model_data":433}, "model":"item/weapons/cocopops_pink"}, 
		{"predicate": {"custom_model_data":444}, "model":"item/weapons/cocopops_red"}, 

		{"predicate": {"custom_model_data":445}, "model":"item/weapons/flashbang"}, 
		{"predicate": {"custom_model_data":446}, "model":"item/weapons/flashbang_blue"}, 
		{"predicate": {"custom_model_data":447}, "model":"item/weapons/flashbang_pink"}, 
		{"predicate": {"custom_model_data":448}, "model":"item/weapons/flashbang_red"}, 

		{"predicate": {"custom_model_data":449}, "model":"item/weapons/grenade"}, 
		{"predicate": {"custom_model_data":450}, "model":"item/weapons/grenade_blue"}, 
		{"predicate": {"custom_model_data":451}, "model":"item/weapons/grenade_pink"}, 
		{"predicate": {"custom_model_data":452}, "model":"item/weapons/grenade_red"}, 

		{"predicate": {"custom_model_data":453}, "model":"item/weapons/putty"}, 
		{"predicate": {"custom_model_data":454}, "model":"item/weapons/putty_blue"}, 
		{"predicate": {"custom_model_data":455}, "model":"item/weapons/putty_pink"}, 
		{"predicate": {"custom_model_data":456}, "model":"item/weapons/putty_red"}, 

		{"predicate": {"custom_model_data":457}, "model":"item/weapons/green_x"}, 
		{"predicate": {"custom_model_data":458}, "model":"item/weapons/red_x"},
        
		{"predicate": {"custom_model_data":459}, "model":"item/weapons/monkey_bomb"}, 
		{"predicate": {"custom_model_data":460}, "model":"item/weapons/monkey_bomb_blue"}, 
		{"predicate": {"custom_model_data":461}, "model":"item/weapons/monkey_bomb_pink"}, 
		{"predicate": {"custom_model_data":462}, "model":"item/weapons/monkey_bomb_red"}, 

		{"predicate": {"custom_model_data":463}, "model":"item/weapons/recoiless"}, 
		{"predicate": {"custom_model_data":464}, "model":"item/weapons/recoiless"},
		{"predicate": {"custom_model_data":465}, "model":"item/weapons/recoiless"},

		{"predicate": {"custom_model_data":466}, "model":"item/weapons/big_drill"}, 
		{"predicate": {"custom_model_data":467}, "model":"item/weapons/big_drill"},
		{"predicate": {"custom_model_data":468}, "model":"item/weapons/big_drill"},

		{"predicate": {"custom_model_data":469}, "model":"item/weapons/tow"}, 
		{"predicate": {"custom_model_data":470}, "model":"item/weapons/tow"},
		{"predicate": {"custom_model_data":471}, "model":"item/weapons/tow"},

		{"predicate": {"custom_model_data":472}, "model":"item/weapons/fliegerfaust"}, 
		{"predicate": {"custom_model_data":473}, "model":"item/weapons/fliegerfaust"},
		{"predicate": {"custom_model_data":474}, "model":"item/weapons/fliegerfaust"},

		{"predicate": {"custom_model_data":475}, "model":"item/weapons/m32"}, 
		{"predicate": {"custom_model_data":476}, "model":"item/weapons/m32"},
		{"predicate": {"custom_model_data":477}, "model":"item/weapons/m32"},

		{"predicate": {"custom_model_data":478}, "model":"item/weapons/rivet_gun"}, 
		{"predicate": {"custom_model_data":479}, "model":"item/weapons/rivet_gun"},
		{"predicate": {"custom_model_data":480}, "model":"item/weapons/rivet_gun"},

		{"predicate": {"custom_model_data":481}, "model":"item/weapons/exorcist"}, 
		{"predicate": {"custom_model_data":482}, "model":"item/weapons/exorcist"},
		{"predicate": {"custom_model_data":483}, "model":"item/weapons/exorcist"},

		{"predicate": {"custom_model_data":484}, "model":"item/weapons/autocannon"}, 
		{"predicate": {"custom_model_data":485}, "model":"item/weapons/autocannon"},
		{"predicate": {"custom_model_data":486}, "model":"item/weapons/autocannon"},

		{"predicate": {"custom_model_data":487}, "model":"item/weapons/m1919a6"}, 
		{"predicate": {"custom_model_data":488}, "model":"item/weapons/m1919a6"},
		{"predicate": {"custom_model_data":489}, "model":"item/weapons/m1919a6"},

		{"predicate": {"custom_model_data":490}, "model":"item/weapons/mp5"}, 
		{"predicate": {"custom_model_data":491}, "model":"item/weapons/mp5"},
		{"predicate": {"custom_model_data":492}, "model":"item/weapons/mp5"},

		{"predicate": {"custom_model_data":493}, "model":"item/weapons/launcher"}, 
		{"predicate": {"custom_model_data":494}, "model":"item/weapons/launcher"},
		{"predicate": {"custom_model_data":495}, "model":"item/weapons/launcher"},

		{"predicate": {"custom_model_data":496}, "model":"item/weapons/thompson"}, 
		{"predicate": {"custom_model_data":497}, "model":"item/weapons/thompson"},
		{"predicate": {"custom_model_data":498}, "model":"item/weapons/thompson"},

		{"predicate": {"custom_model_data":499}, "model":"item/weapons/m202_flash"}, 
		{"predicate": {"custom_model_data":500}, "model":"item/weapons/m202_flash"},
		{"predicate": {"custom_model_data":501}, "model":"item/weapons/m202_flash"},

		{"predicate": {"custom_model_data":502}, "model":"item/weapons/m2_flamethrower"}, 
		{"predicate": {"custom_model_data":503}, "model":"item/weapons/m2_flamethrower"},
		{"predicate": {"custom_model_data":504}, "model":"item/weapons/m2_flamethrower"},

		{"predicate": {"custom_model_data":505}, "model":"item/weapons/minigun"}, 
		{"predicate": {"custom_model_data":506}, "model":"item/weapons/minigun"},
		{"predicate": {"custom_model_data":507}, "model":"item/weapons/minigun"},

		{"predicate": {"custom_model_data":508}, "model":"item/weapons/kiloton"}, 
		{"predicate": {"custom_model_data":509}, "model":"item/weapons/kiloton"},
		{"predicate": {"custom_model_data":510}, "model":"item/weapons/kiloton"},

		{"predicate": {"custom_model_data":511}, "model":"item/weapons/ptrs"}, 
		{"predicate": {"custom_model_data":512}, "model":"item/weapons/ptrs"},
		{"predicate": {"custom_model_data":513}, "model":"item/weapons/ptrs"},  

		{"predicate": {"custom_model_data":514}, "model":"item/weapons/m4"}, 
		{"predicate": {"custom_model_data":515}, "model":"item/weapons/m4"},
		{"predicate": {"custom_model_data":516}, "model":"item/weapons/m4"}, 

		{"predicate": {"custom_model_data":517}, "model":"item/weapons/avre"}, 
		{"predicate": {"custom_model_data":518}, "model":"item/weapons/avre"},
		{"predicate": {"custom_model_data":519}, "model":"item/weapons/avre"}, 

		{"predicate": {"custom_model_data":520}, "model":"item/weapons/mp40"}, 
		{"predicate": {"custom_model_data":521}, "model":"item/weapons/mp40"},
		{"predicate": {"custom_model_data":522}, "model":"item/weapons/mp40"}, 
        
		{"predicate": {"custom_model_data":523}, "model":"item/weapons/exterminatus_infernus_gauntlet"},
		{"predicate": {"custom_model_data":524}, "model":"item/weapons/exterminatus_infernus_gauntlet"},
		{"predicate": {"custom_model_data":525}, "model":"item/weapons/exterminatus_infernus_gauntlet"},
        
		{"predicate": {"custom_model_data":526}, "model":"item/weapons/m1919a6_vehicle"}, 
		{"predicate": {"custom_model_data":527}, "model":"item/weapons/m1919a6_vehicle"},
		{"predicate": {"custom_model_data":528}, "model":"item/weapons/m1919a6_vehicle"}, 

		{"predicate": {"custom_model_data":529}, "model":"item/vehicles/scout_car"}, 

		{"predicate": {"custom_model_data":530}, "model":"item/emplacements/flak_cannon"},        
		{"predicate": {"custom_model_data":531}, "model":"item/emplacements/flak_cannon_base"},       

		{"predicate": {"custom_model_data":532}, "model":"item/mobs/exterminatus_infernus_head"}, 
        
		{"predicate": {"custom_model_data":533}, "model":"item/items/plasmacharge"},
		{"predicate": {"custom_model_data":534}, "model":"item/items/robotnik_mustache"}, 
		{"predicate": {"custom_model_data":535}, "model":"item/items/eggman_egg"},
		{"predicate": {"custom_model_data":536}, "model":"item/items/angry_eggman_egg"},
		{"predicate": {"custom_model_data":537}, "model":"item/items/wilowisp_defense"},
		{"predicate": {"custom_model_data":538}, "model":"item/items/wilowisp_generator"},
        
		{"predicate": {"custom_model_data":539}, "model":"item/weapons/sentry_cannon_small"}, 
		{"predicate": {"custom_model_data":540}, "model":"item/weapons/sentry_cannon"}, 
		{"predicate": {"custom_model_data":541}, "model":"item/weapons/sentry_howitzer"},
		{"predicate": {"custom_model_data":542}, "model":"item/weapons/sentry_howitzer_small"},
		{"predicate": {"custom_model_data":543}, "model":"item/weapons/heavy_flak_cannon"},
		{"predicate": {"custom_model_data":544}, "model":"item/weapons/flakvierling"},

		{"predicate": {"custom_model_data":545}, "model":"item/fx/lava_sphere"},

		{"predicate": {"custom_model_data":546}, "model":"item/block/question_block"},
		
		{"predicate": {"custom_model_data":9999}, "model":"item/weapons/reticle_pmii"}
	]
}