{
	"__comment": "Designed by Robotnikman with Cubik Studio - https://cubik.studio",
	"textures": {
		"atlas": "item/robotnikman/items/robotnik_mustache"
	},
	"elements": [ 	 
		{
			"__comment": "Cube1",
			"from": [ 7, 0, -1 ],
			"to": [ 9, 6, 1 ],
			"faces": {
				"down": { "uv": [ 7, 12, 8, 13 ], "texture": "#atlas" },
				"up": { "uv": [ 7, 10, 8, 11 ], "texture": "#atlas" },
				"north": { "uv": [ 7, 10, 8, 13 ], "texture": "#atlas" },
				"south": { "uv": [ 7, 10, 8, 13 ], "texture": "#atlas" },
				"west": { "uv": [ 7, 10, 8, 13 ], "texture": "#atlas" },
				"east": { "uv": [ 7.5, 10, 8.5, 13 ], "texture": "#atlas" }
			}
		},
		{
			"__comment": "Cube3",
			"from": [ 11, 3, 1 ],
			"to": [ 21, 4, 2 ],
			"faces": {
				"down": { "uv": [ 2, 10, 7, 11 ], "texture": "#atlas" },
				"north": { "uv": [ 2, 10, 7, 11 ], "texture": "#atlas" },
				"south": { "uv": [ 2, 10, 7, 11 ], "texture": "#atlas" },
				"west": { "uv": [ 6, 10, 7, 11 ], "texture": "#atlas" },
				"east": { "uv": [ 2, 10, 3, 11 ], "texture": "#atlas" }
			}
		},
		{
			"__comment": "Cube3",
			"from": [ -6, 4, 1 ],
			"to": [ 22, 6, 2 ],
			"faces": {
				"down": { "uv": [ 1, 8, 15, 9 ], "texture": "#atlas" },
				"up": { "uv": [ 1, 9, 15, 10 ], "texture": "#atlas" },
				"north": { "uv": [ 1, 8, 15, 10 ], "texture": "#atlas" },
				"south": { "uv": [ 1, 8, 15, 10 ], "texture": "#atlas" },
				"west": { "uv": [ 14, 8, 15, 10 ], "texture": "#atlas" },
				"east": { "uv": [ 1, 8, 2, 10 ], "texture": "#atlas" }
			}
		},
		{
			"__comment": "Cube5",
			"from": [ 15, 2, 1 ],
			"to": [ 22, 3, 2 ],
			"faces": {
				"down": { "uv": [ 1, 11, 4, 12 ], "texture": "#atlas" },
				"up": { "uv": [ 1, 11, 4, 12 ], "texture": "#atlas" },
				"north": { "uv": [ 1, 11, 4, 12 ], "texture": "#atlas" },
				"south": { "uv": [ 1, 11, 4, 12 ], "texture": "#atlas" },
				"west": { "uv": [ 3, 11, 4, 12 ], "texture": "#atlas" },
				"east": { "uv": [ 1, 11, 2, 12 ], "texture": "#atlas" }
			}
		},
		{
			"__comment": "Cube3",
			"from": [ 11, 6, 1 ],
			"to": [ 21, 7, 2 ],
			"faces": {
				"up": { "uv": [ 2, 7, 7, 8 ], "texture": "#atlas" },
				"north": { "uv": [ 2, 7, 7, 8 ], "texture": "#atlas" },
				"south": { "uv": [ 2, 7, 7, 8 ], "texture": "#atlas" },
				"west": { "uv": [ 6, 7, 7, 8 ], "texture": "#atlas" },
				"east": { "uv": [ 2, 7, 3, 8 ], "texture": "#atlas" }
			}
		},
		{
			"__comment": "Cube5",
			"from": [ 15, 7, 1 ],
			"to": [ 22, 8, 2 ],
			"faces": {
				"down": { "uv": [ 1, 6, 4, 7 ], "texture": "#atlas" },
				"up": { "uv": [ 1, 6, 4, 7 ], "texture": "#atlas" },
				"north": { "uv": [ 1, 6, 4, 7 ], "texture": "#atlas" },
				"south": { "uv": [ 1, 6, 4, 7 ], "texture": "#atlas" },
				"west": { "uv": [ 3, 6, 4, 7 ], "texture": "#atlas" },
				"east": { "uv": [ 1, 6, 2, 7 ], "texture": "#atlas" }
			}
		},
		{
			"__comment": "Cube5",
			"from": [ -6, 7, 1 ],
			"to": [ 1, 8, 2 ],
			"faces": {
				"down": { "uv": [ 12, 6, 15, 7 ], "texture": "#atlas" },
				"up": { "uv": [ 12, 6, 15, 7 ], "texture": "#atlas" },
				"north": { "uv": [ 12, 6, 15, 7 ], "texture": "#atlas" },
				"south": { "uv": [ 12, 6, 15, 7 ], "texture": "#atlas" },
				"west": { "uv": [ 14, 6, 15, 7 ], "texture": "#atlas" },
				"east": { "uv": [ 13, 6, 14, 7 ], "texture": "#atlas" }
			}
		},
		{
			"__comment": "Cube3",
			"from": [ -5, 6, 1 ],
			"to": [ 5, 7, 2 ],
			"faces": {
				"up": { "uv": [ 9, 7, 14, 8 ], "texture": "#atlas" },
				"north": { "uv": [ 9, 7, 14, 8 ], "texture": "#atlas" },
				"south": { "uv": [ 2, 7, 7, 8 ], "texture": "#atlas" },
				"west": { "uv": [ 13, 7, 14, 8 ], "texture": "#atlas" },
				"east": { "uv": [ 9, 7, 10, 8 ], "texture": "#atlas" }
			}
		},
		{
			"__comment": "Cube3",
			"from": [ -5, 3, 1 ],
			"to": [ 5, 4, 2 ],
			"faces": {
				"down": { "uv": [ 9, 10, 14, 11 ], "texture": "#atlas" },
				"north": { "uv": [ 9, 10, 14, 11 ], "texture": "#atlas" },
				"south": { "uv": [ 9, 10, 14, 11 ], "texture": "#atlas" },
				"west": { "uv": [ 13, 10, 14, 11 ], "texture": "#atlas" },
				"east": { "uv": [ 9, 10, 10, 11 ], "texture": "#atlas" }
			}
		},
		{
			"__comment": "Cube5",
			"from": [ -6, 2, 1 ],
			"to": [ 1, 3, 2 ],
			"faces": {
				"down": { "uv": [ 12, 11, 15, 12 ], "texture": "#atlas" },
				"up": { "uv": [ 12, 11, 15, 12 ], "texture": "#atlas" },
				"north": { "uv": [ 12, 11, 15, 12 ], "texture": "#atlas" },
				"south": { "uv": [ 12, 11, 15, 12 ], "texture": "#atlas" },
				"west": { "uv": [ 14, 11, 15, 12 ], "texture": "#atlas" },
				"east": { "uv": [ 15, 6, 16, 7 ], "texture": "#atlas" }
			}
		},
		{
			"__comment": "Cube12",
			"from": [ 7, 0, -2 ],
			"to": [ 9, 4, -1 ],
			"faces": {
				"down": { "uv": [ 8, 12, 9, 13 ], "texture": "#atlas" },
				"up": { "uv": [ 7, 10, 8, 11 ], "texture": "#atlas" },
				"north": { "uv": [ 7, 11, 8, 13 ], "texture": "#atlas" },
				"west": { "uv": [ 8, 11, 9, 13 ], "texture": "#atlas" },
				"east": { "uv": [ 8, 11, 9, 13 ], "texture": "#atlas" }
			}
		}
	]
}