{
	"__comment": "Designed by Robotnikman with Cubik Studio - https://cubik.studio",
	"textures": {
		"atlas": "item/robotnikman/guns/exterminatus_gauntlet"
	},
	"elements": [ 	 
		{
			"__comment": "Box1",
			"from": [ 6.5, 3.5, 5 ],
			"to": [ 10.1, 7.1, 18.2 ],
			"faces": {
				"down": { "uv": [ 0, 0, 3, 10 ], "texture": "#atlas" },
				"up": { "uv": [ 0, 6, 3, 16 ], "texture": "#atlas" },
				"north": { "uv": [ 12, 0, 15, 3 ], "texture": "#atlas" },
				"south": { "uv": [ 4, 13, 7, 16 ], "texture": "#atlas" },
				"west": { "uv": [ 0, 9, 10, 12 ], "texture": "#atlas" },
				"east": { "uv": [ 6, 9, 16, 12 ], "texture": "#atlas" }
			}
		}
	],
	"display": {
		"gui": {
			"rotation":  [ 30, 45, 0 ],
			"scale":  [ 0.5, 0.5, 0.5 ]
		},
		"head": {
			"translation":  [ 3, -17, 4 ],
			"scale":  [ 1.5, 1.5, 1.5 ]
		}
	}
}