{
	"__comment": "Designed by Robotnikman with Cubik Studio - https://cubik.studio",
	"textures": {
		"atlas": "item/robotnikman/guns/fliegerfaust"
	},
	"elements": [
		{
			"__comment": "Cube1",
			"from": [ 9.5, 12, -4.5 ],
			"to": [ 11, 13.5, 20.5 ],
			"faces": {
				"down": { "uv": [ 1.25, 9.75, 1.5, 16 ], "texture": "#atlas" },
				"up": { "uv": [ 1.25, 3.5, 1.5, 9.75 ], "texture": "#atlas" },
				"north": { "uv": [ 6, 4, 7, 5 ], "texture": "#atlas" },
				"south": { "uv": [ 6, 4, 7, 5 ], "texture": "#atlas" },
				"west": { "uv": [ 1.75, 15.75, 8, 16 ], "texture": "#atlas" },
				"east": { "uv": [ 8, 15.75, 14.25, 16 ], "texture": "#atlas" }
			}
		},
		{
			"__comment": "Cube1",
			"from": [ 6.5, 9, -4.5 ],
			"to": [ 8, 10.5, 20.5 ],
			"faces": {
				"down": { "uv": [ 1.75, 9.5, 2, 15.75 ], "texture": "#atlas" },
				"up": { "uv": [ 1.75, 3.25, 2, 9.5 ], "texture": "#atlas" },
				"north": { "uv": [ 6, 4, 7, 5 ], "texture": "#atlas" },
				"south": { "uv": [ 6, 4, 7, 5 ], "texture": "#atlas" },
				"west": { "uv": [ 8.25, 15.5, 14.5, 15.75 ], "texture": "#atlas" },
				"east": { "uv": [ 2.25, 15.25, 8.5, 15.5 ], "texture": "#atlas" }
			}
		},
		{
			"__comment": "Cube1",
			"from": [ 8.5, 9, -4.5 ],
			"to": [ 10, 10.5, 20.5 ],
			"faces": {
				"down": { "uv": [ 2, 3, 2.25, 9.25 ], "texture": "#atlas" },
				"up": { "uv": [ 2.25, 9, 2.5, 15.25 ], "texture": "#atlas" },
				"north": { "uv": [ 6, 4, 7, 5 ], "texture": "#atlas" },
				"south": { "uv": [ 6, 4, 7, 5 ], "texture": "#atlas" },
				"west": { "uv": [ 8.75, 15, 15, 15.25 ], "texture": "#atlas" },
				"east": { "uv": [ 2.5, 14.75, 8.75, 15 ], "texture": "#atlas" }
			}
		},
		{
			"__comment": "Cube1",
			"from": [ 9.5, 10.5, -4.5 ],
			"to": [ 11, 12, 20.5 ],
			"faces": {
				"down": { "uv": [ 2.25, 2.75, 2.5, 9 ], "texture": "#atlas" },
				"up": { "uv": [ 2.5, 8.5, 2.75, 14.75 ], "texture": "#atlas" },
				"north": { "uv": [ 6, 4, 7, 5 ], "texture": "#atlas" },
				"south": { "uv": [ 6, 4, 7, 5 ], "texture": "#atlas" },
				"west": { "uv": [ 2.75, 14.5, 9, 14.75 ], "texture": "#atlas" },
				"east": { "uv": [ 9, 14.5, 15.25, 14.75 ], "texture": "#atlas" }
			}
		},
		{
			"__comment": "Cube1",
			"from": [ 5.5, 10.5, -4.5 ],
			"to": [ 7, 12, 20.5 ],
			"faces": {
				"down": { "uv": [ 2.75, 8.25, 3, 14.5 ], "texture": "#atlas" },
				"up": { "uv": [ 2.75, 2, 3, 8.25 ], "texture": "#atlas" },
				"north": { "uv": [ 6, 4, 7, 5 ], "texture": "#atlas" },
				"south": { "uv": [ 6, 4, 7, 5 ], "texture": "#atlas" },
				"west": { "uv": [ 8.5, 15.25, 14.75, 15.5 ], "texture": "#atlas" },
				"east": { "uv": [ 3.25, 14, 9.5, 14.25 ], "texture": "#atlas" }
			}
		},
		{
			"__comment": "Cube1",
			"from": [ 5.5, 12, -4.5 ],
			"to": [ 7, 13.5, 20.5 ],
			"faces": {
				"down": { "uv": [ 3, 1.75, 3.25, 8 ], "texture": "#atlas" },
				"up": { "uv": [ 3.25, 7.75, 3.5, 14 ], "texture": "#atlas" },
				"north": { "uv": [ 6, 4, 7, 5 ], "texture": "#atlas" },
				"south": { "uv": [ 6, 4, 7, 5 ], "texture": "#atlas" },
				"west": { "uv": [ 3.5, 13.75, 9.75, 14 ], "texture": "#atlas" },
				"east": { "uv": [ 9.75, 13.75, 16, 14 ], "texture": "#atlas" }
			}
		},
		{
			"__comment": "Cube1",
			"from": [ 6, 13.5, -4.5 ],
			"to": [ 7.5, 15, 20.5 ],
			"faces": {
				"down": { "uv": [ 1.5, 9.75, 1.75, 16 ], "texture": "#atlas" },
				"up": { "uv": [ 1.5, 3.5, 1.75, 9.75 ], "texture": "#atlas" },
				"north": { "uv": [ 6, 4, 7, 5 ], "texture": "#atlas" },
				"south": { "uv": [ 6, 5, 7, 4 ], "texture": "#atlas" },
				"west": { "uv": [ 2.5, 15, 8.75, 15.25 ], "texture": "#atlas" },
				"east": { "uv": [ 8.75, 14.75, 15, 15 ], "texture": "#atlas" }
			}
		},
		{
			"__comment": "Cube1",
			"from": [ 7.5, 13.5, -4.5 ],
			"to": [ 9, 15, 20.5 ],
			"faces": {
				"down": { "uv": [ 2.5, 2.25, 2.75, 8.5 ], "texture": "#atlas" },
				"up": { "uv": [ 2, 9.25, 2.25, 15.5 ], "texture": "#atlas" },
				"north": { "uv": [ 6, 4, 7, 5 ], "texture": "#atlas" },
				"south": { "uv": [ 6, 4, 7, 5 ], "texture": "#atlas" },
				"west": { "uv": [ 3, 14.25, 9.25, 14.5 ], "texture": "#atlas" },
				"east": { "uv": [ 9.25, 14.25, 15.5, 14.5 ], "texture": "#atlas" }
			}
		},
		{
			"__comment": "Cube1",
			"from": [ 9, 13.5, -4.5 ],
			"to": [ 10.5, 15, 20.5 ],
			"faces": {
				"down": { "uv": [ 3, 8, 3.25, 14.25 ], "texture": "#atlas" },
				"up": { "uv": [ 3.25, 1.5, 3.5, 7.75 ], "texture": "#atlas" },
				"north": { "uv": [ 6, 4, 7, 5 ], "texture": "#atlas" },
				"south": { "uv": [ 6, 4, 7, 5 ], "texture": "#atlas" },
				"west": { "uv": [ 9.5, 14, 15.75, 14.25 ], "texture": "#atlas" },
				"east": { "uv": [ 2, 15.5, 8.25, 15.75 ], "texture": "#atlas" }
			}
		},
		{
			"__comment": "Cube10",
			"from": [ 5, 8.5, 3 ],
			"to": [ 11.5, 15.5, 4 ],
			"faces": {
				"down": { "uv": [ 6, 5, 6.25, 6.5 ], "texture": "#atlas" },
				"up": { "uv": [ 6, 5, 6.25, 6.5 ], "texture": "#atlas" },
				"north": { "uv": [ 6, 5, 7.25, 6.5 ], "texture": "#atlas" },
				"south": { "uv": [ 6, 5, 7.25, 6.5 ], "texture": "#atlas" },
				"west": { "uv": [ 6, 5, 6.25, 6.5 ], "texture": "#atlas" },
				"east": { "uv": [ 6, 5, 6.25, 6.5 ], "texture": "#atlas" }
			}
		},
		{
			"__comment": "Cube10",
			"from": [ 5, 8.5, -3 ],
			"to": [ 11.5, 15.5, -2 ],
			"faces": {
				"down": { "uv": [ 6, 5, 6.25, 6.5 ], "texture": "#atlas" },
				"up": { "uv": [ 6, 5, 6.25, 6.5 ], "texture": "#atlas" },
				"north": { "uv": [ 6, 5, 7.25, 6.5 ], "texture": "#atlas" },
				"south": { "uv": [ 6, 5, 7.25, 6.5 ], "texture": "#atlas" },
				"west": { "uv": [ 6, 5, 6.25, 6.5 ], "texture": "#atlas" },
				"east": { "uv": [ 6, 5, 6.25, 6.5 ], "texture": "#atlas" }
			}
		},
		{
			"__comment": "Cube10",
			"from": [ 5, 8.5, 19 ],
			"to": [ 11.5, 15.5, 20 ],
			"faces": {
				"down": { "uv": [ 6, 5, 6.25, 6.5 ], "texture": "#atlas" },
				"up": { "uv": [ 6, 5, 6.25, 6.5 ], "texture": "#atlas" },
				"north": { "uv": [ 6, 5, 7.25, 6.5 ], "texture": "#atlas" },
				"south": { "uv": [ 6, 5, 7.25, 6.5 ], "texture": "#atlas" },
				"west": { "uv": [ 6, 5, 6.25, 6.5 ], "texture": "#atlas" },
				"east": { "uv": [ 6, 5, 6.25, 6.5 ], "texture": "#atlas" }
			}
		},
		{
			"__comment": "Cube10",
			"from": [ 5, 8.5, 8.5 ],
			"to": [ 11.5, 15.5, 9.5 ],
			"faces": {
				"down": { "uv": [ 6, 5, 6.25, 6.5 ], "texture": "#atlas" },
				"up": { "uv": [ 6, 5, 6.25, 6.5 ], "texture": "#atlas" },
				"north": { "uv": [ 6, 5, 7.25, 6.5 ], "texture": "#atlas" },
				"south": { "uv": [ 6, 5, 7.25, 6.5 ], "texture": "#atlas" },
				"west": { "uv": [ 6, 5, 6.25, 6.5 ], "texture": "#atlas" },
				"east": { "uv": [ 6, 5, 6.25, 6.5 ], "texture": "#atlas" }
			}
		},
		{
			"__comment": "Cube14",
			"from": [ 7.5, 6.5, 8.5 ],
			"to": [ 9, 9, 9.5 ],
			"faces": {
				"down": { "uv": [ 2.25, 1, 2.5, 1.25 ], "texture": "#atlas" },
				"up": { "uv": [ 2, 2.5, 2.25, 2.75 ], "texture": "#atlas" },
				"north": { "uv": [ 1.75, 0.75, 2, 1.25 ], "texture": "#atlas" },
				"south": { "uv": [ 1.75, 1.25, 2, 1.75 ], "texture": "#atlas" },
				"west": { "uv": [ 1.25, 2.5, 1.5, 3 ], "texture": "#atlas" },
				"east": { "uv": [ 1.75, 0.25, 2, 0.75 ], "texture": "#atlas" }
			}
		},
		{
			"__comment": "Cube14",
			"from": [ 7.5, 6.5, 3 ],
			"to": [ 9, 9, 4 ],
			"faces": {
				"down": { "uv": [ 15.75, 15.75, 16, 16 ], "texture": "#atlas" },
				"up": { "uv": [ 15, 14.75, 15.25, 15 ], "texture": "#atlas" },
				"north": { "uv": [ 1.25, 2, 1.5, 2.5 ], "texture": "#atlas" },
				"south": { "uv": [ 1.25, 3, 1.5, 3.5 ], "texture": "#atlas" },
				"west": { "uv": [ 1.25, 1.5, 1.5, 2 ], "texture": "#atlas" },
				"east": { "uv": [ 1.25, 1, 1.5, 1.5 ], "texture": "#atlas" }
			}
		},
		{
			"__comment": "Cube16",
			"from": [ 7.5, 7, 15 ],
			"to": [ 8.5, 9, 15.5 ],
			"faces": {
				"down": { "uv": [ 2, 1.75, 2.25, 2 ], "texture": "#atlas" },
				"up": { "uv": [ 2, 1.5, 2.25, 1.75 ], "texture": "#atlas" },
				"north": { "uv": [ 1.25, 0.5, 1.5, 1 ], "texture": "#atlas" },
				"south": { "uv": [ 1.25, 0, 1.5, 0.5 ], "texture": "#atlas" },
				"west": { "uv": [ 1.5, 3, 1.75, 3.5 ], "texture": "#atlas" },
				"east": { "uv": [ 1.5, 2.5, 1.75, 3 ], "texture": "#atlas" }
			}
		},
		{
			"__comment": "Cube17",
			"from": [ 6, 14.5, 4.5 ],
			"to": [ 6.5, 16.5, 5 ],
			"rotation": { "origin": [ 6, 14.5, -2 ], "axis": "z", "angle": 45 },
			"faces": {
				"down": { "uv": [ 2, 0.25, 2.25, 0.5 ], "texture": "#atlas" },
				"up": { "uv": [ 2.25, 0.75, 2.5, 1 ], "texture": "#atlas" },
				"north": { "uv": [ 1.5, 1.5, 1.75, 2 ], "texture": "#atlas" },
				"south": { "uv": [ 1.5, 1, 1.75, 1.5 ], "texture": "#atlas" },
				"west": { "uv": [ 1.5, 0.5, 1.75, 1 ], "texture": "#atlas" },
				"east": { "uv": [ 1.5, 0, 1.75, 0.5 ], "texture": "#atlas" }
			}
		},
		{
			"__comment": "Cube17",
			"from": [ 6, 14.5, -2 ],
			"to": [ 6.5, 16.5, -1.5 ],
			"rotation": { "origin": [ 6, 14.5, -2 ], "axis": "z", "angle": 45 },
			"faces": {
				"down": { "uv": [ 2.25, 1.5, 2.5, 1.75 ], "texture": "#atlas" },
				"up": { "uv": [ 2.25, 1.25, 2.5, 1.5 ], "texture": "#atlas" },
				"north": { "uv": [ 1.75, 2.75, 2, 3.25 ], "texture": "#atlas" },
				"south": { "uv": [ 1.5, 2, 1.75, 2.5 ], "texture": "#atlas" },
				"west": { "uv": [ 1.75, 2.25, 2, 2.75 ], "texture": "#atlas" },
				"east": { "uv": [ 1.75, 1.75, 2, 2.25 ], "texture": "#atlas" }
			}
		},
		{
			"__comment": "Cube19",
			"from": [ 6, 16, -1.5 ],
			"to": [ 6.5, 16.5, 4.5 ],
			"rotation": { "origin": [ 6, 14.5, -2 ], "axis": "z", "angle": 45 },
			"faces": {
				"down": { "uv": [ 0.25, 2.5, 0.5, 4 ], "texture": "#atlas" },
				"up": { "uv": [ 0.25, 1, 0.5, 2.5 ], "texture": "#atlas" },
				"north": { "uv": [ 15.25, 15, 15.5, 15.25 ], "texture": "#atlas" },
				"south": { "uv": [ 15.5, 15, 15.75, 15.25 ], "texture": "#atlas" },
				"west": { "uv": [ 14.25, 15.75, 15.75, 16 ], "texture": "#atlas" },
				"east": { "uv": [ 14.5, 15.5, 16, 15.75 ], "texture": "#atlas" }
			}
		}
	],
	"display": {
		"head": {
			"scale":  [ 1.5, 1.5, 1.5 ],
			"translation":  [ 3, -17, 4 ]
		},
		"gui": {
			"rotation":  [ 30, 45, 0 ],
			"scale":  [ 0.5, 0.5, 0.5 ]
		}
	}
}