{
	"__comment": "Designed by Robotnikman with Cubik Studio - https://cubik.studio",
	"textures": {
		"atlas": "item/robotnikman/guns/mp40"
	},
	"elements": [ 	 
		{
			"__comment": "Box1",
			"from": [ 7, 10.25, 2.5 ],
			"to": [ 9, 11.75, 11 ],
			"faces": {
				"down": { "uv": [ 6.5, 7, 12, 8 ], "texture": "#atlas", "rotation": 270 },
				"up": { "uv": [ 7, 7, 12.5, 8 ], "texture": "#atlas", "rotation": 270 },
				"north": { "uv": [ 7, 12, 8, 12.5 ], "texture": "#atlas" },
				"south": { "uv": [ 11.5, 7, 12.5, 7.5 ], "texture": "#atlas" },
				"west": { "uv": [ 7, 7, 12.5, 8 ], "texture": "#atlas" },
				"east": { "uv": [ 7, 7, 12.5, 8 ], "texture": "#atlas" }
			}
		},
		{
			"__comment": "Box2",
			"from": [ 7.5, 10.75, -7.5 ],
			"to": [ 8.5, 11.75, -2 ],
			"faces": {
				"down": { "uv": [ 1, 7, 3.5, 7.5 ], "texture": "#atlas", "cullface": "north" },
				"up": { "uv": [ 1, 7, 3.5, 7.5 ], "texture": "#atlas", "cullface": "north" },
				"north": { "uv": [ 1, 4.5, 3, 6.5 ], "texture": "#atlas", "cullface": "north" },
				"west": { "uv": [ 1, 7, 3.5, 7.5 ], "texture": "#atlas", "cullface": "north" },
				"east": { "uv": [ 1, 7, 3.5, 7.5 ], "texture": "#atlas", "cullface": "north" }
			}
		},
		{
			"__comment": "Box3",
			"from": [ 7.5, 2.75, -0.25 ],
			"to": [ 8.5, 10.5, 1.25 ],
			"faces": {
				"down": { "uv": [ 6, 12.5, 6.5, 13 ], "texture": "#atlas", "cullface": "north" },
				"north": { "uv": [ 5, 8.5, 5.5, 12 ], "texture": "#atlas", "cullface": "north" },
				"south": { "uv": [ 7, 8.5, 7.5, 12 ], "texture": "#atlas", "cullface": "north" },
				"west": { "uv": [ 5, 8.5, 7.5, 13 ], "texture": "#atlas", "cullface": "north" },
				"east": { "uv": [ 5, 8.5, 7.5, 13 ], "texture": "#atlas", "cullface": "north" }
			}
		},
		{
			"__comment": "Box4",
			"from": [ 7.25, 9.25, 2.5 ],
			"to": [ 8.75, 10.25, 11 ],
			"faces": {
				"down": { "uv": [ 8.5, 8.5, 12.5, 9 ], "texture": "#atlas" },
				"north": { "uv": [ 6.5, 12, 7, 12.5 ], "texture": "#atlas" },
				"south": { "uv": [ 1, 8, 1.5, 8.5 ], "texture": "#atlas" },
				"west": { "uv": [ 8.5, 8.5, 12.5, 9 ], "texture": "#atlas" },
				"east": { "uv": [ 8.5, 8.5, 12.5, 9 ], "texture": "#atlas" }
			}
		},
		{
			"__comment": "Box5",
			"from": [ 7.25, 10.5, -2 ],
			"to": [ 8.75, 11.75, 2.5 ],
			"faces": {
				"down": { "uv": [ 6, 12, 6.5, 14 ], "texture": "#atlas", "cullface": "north" },
				"north": { "uv": [ 5, 7, 7, 8 ], "texture": "#atlas", "cullface": "north" },
				"west": { "uv": [ 5, 7, 7, 8 ], "texture": "#atlas", "cullface": "north" },
				"east": { "uv": [ 5, 7, 7, 8 ], "texture": "#atlas", "cullface": "north" }
			}
		},
		{
			"__comment": "Box4",
			"from": [ 7.25, 11.75, -2 ],
			"to": [ 8.75, 12.25, 10 ],
			"faces": {
				"down": { "uv": [ 5, 6.5, 11.5, 7 ], "texture": "#atlas", "cullface": "north", "rotation": 90 },
				"up": { "uv": [ 5, 6.5, 11.5, 7 ], "texture": "#atlas", "cullface": "north", "rotation": 90 },
				"north": { "uv": [ 5, 6.5, 11, 7 ], "texture": "#atlas", "cullface": "north" },
				"south": { "uv": [ 5, 6.5, 11, 7 ], "texture": "#atlas", "cullface": "north" },
				"west": { "uv": [ 5, 6.5, 11, 7 ], "texture": "#atlas", "cullface": "north" },
				"east": { "uv": [ 5, 6.5, 11, 7 ], "texture": "#atlas", "cullface": "north" }
			}
		},
		{
			"__comment": "Box7",
			"from": [ 7.5, 6.25, 10.25 ],
			"to": [ 8.5, 9.75, 11.25 ],
			"rotation": { "origin": [ 7.5, 6.25, 10.25 ], "axis": "x", "angle": -22.5 },
			"faces": {
				"down": { "uv": [ 2, 8, 2.5, 8.5 ], "texture": "#atlas" },
				"north": { "uv": [ 11.5, 6.5, 12, 8 ], "texture": "#atlas" },
				"south": { "uv": [ 11.5, 6.5, 12, 8 ], "texture": "#atlas" },
				"west": { "uv": [ 11.5, 6.5, 12, 8 ], "texture": "#atlas" },
				"east": { "uv": [ 11.5, 6.5, 12, 8 ], "texture": "#atlas" }
			}
		},
		{
			"__comment": "Box8",
			"from": [ 7.75, 9.5, 10 ],
			"to": [ 8.25, 10, 17 ],
			"faces": {
				"down": { "uv": [ 11, 12.5, 14.5, 13 ], "texture": "#atlas", "cullface": "south" },
				"up": { "uv": [ 11, 12.5, 14.5, 13 ], "texture": "#atlas", "cullface": "south" },
				"west": { "uv": [ 11, 12.5, 14.5, 13 ], "texture": "#atlas", "cullface": "south" },
				"east": { "uv": [ 11, 12.5, 14.5, 13 ], "texture": "#atlas", "cullface": "south" }
			}
		},
		{
			"__comment": "Box9",
			"from": [ 7.75, 8.25, 17 ],
			"to": [ 8.25, 11.25, 17.5 ],
			"faces": {
				"down": { "uv": [ 14.5, 14, 15, 14.5 ], "texture": "#atlas", "cullface": "south" },
				"up": { "uv": [ 14.5, 11, 15, 11.5 ], "texture": "#atlas", "cullface": "south" },
				"north": { "uv": [ 14.5, 11, 15, 14.5 ], "texture": "#atlas", "cullface": "south" },
				"south": { "uv": [ 14.5, 11, 15, 14.5 ], "texture": "#atlas", "cullface": "south" },
				"west": { "uv": [ 14.5, 11, 15, 14.5 ], "texture": "#atlas", "cullface": "south" },
				"east": { "uv": [ 14.5, 11, 15, 14.5 ], "texture": "#atlas", "cullface": "south" }
			}
		},
		{
			"__comment": "Box10",
			"from": [ 7.75, 11.75, -6.75 ],
			"to": [ 8.25, 12.75, -6.25 ],
			"faces": {
				"up": { "uv": [ 1, 7, 1.5, 7.5 ], "texture": "#atlas", "cullface": "north" },
				"north": { "uv": [ 1, 7, 1.5, 7.5 ], "texture": "#atlas", "cullface": "north" },
				"south": { "uv": [ 1, 7, 1.5, 7.5 ], "texture": "#atlas", "cullface": "north" },
				"west": { "uv": [ 1, 7, 1.5, 7.5 ], "texture": "#atlas", "cullface": "north" },
				"east": { "uv": [ 1, 7, 1.5, 7.5 ], "texture": "#atlas", "cullface": "north" }
			}
		}
	],
	"display": {
		"thirdperson_righthand": {
			"scale":  [ 0.6, 0.6, 0.6 ]
		},
		"thirdperson_lefthand": {
			"scale":  [ 0.6, 0.6, 0.6 ]
		},
		"firstperson_righthand": {
			"scale":  [ 0.6, 0.6, 0.6 ]
		},
		"firstperson_lefthand": {
			"scale":  [ 0.6, 0.6, 0.6 ]
		},
		"gui": {
			"rotation":  [ 30, 45, 0 ],
			"scale":  [ 0.6, 0.6, 0.6 ]
		}
	}
}