{
	"__comment": "Designed by Robotnikman with Cubik Studio - https://cubik.studio",
	"textures": {
		"atlas": "item/robotnikman/guns/mp5"
	},
	"elements": [
		{
			"__comment": "Cube1",
			"from": [ 7, 8.25, 4 ],
			"to": [ 8, 10.5, 9.25 ],
			"faces": {
				"down": { "uv": [ 5, 11, 6, 16 ], "texture": "#atlas" },
				"up": { "uv": [ 6, 11, 7, 16 ], "texture": "#atlas" },
				"north": { "uv": [ 10, 8, 11, 10 ], "texture": "#atlas" },
				"south": { "uv": [ 10, 8, 11, 10 ], "texture": "#atlas" },
				"west": { "uv": [ 0, 14, 5, 16 ], "texture": "#atlas" },
				"east": { "uv": [ 0, 12, 5, 14 ], "texture": "#atlas" }
			}
		},
		{
			"__comment": "Cube2",
			"from": [ 7.25, 4.5, 2.75 ],
			"to": [ 7.75, 9, 3.5 ],
			"rotation": { "origin": [ 7.25, 4.5, 2.75 ], "axis": "x", "angle": 22.5 },
			"faces": {
				"down": { "uv": [ 11, 14, 12, 15 ], "texture": "#atlas" },
				"north": { "uv": [ 0, 8, 1, 12 ], "texture": "#atlas" },
				"south": { "uv": [ 1, 8, 2, 12 ], "texture": "#atlas" },
				"west": { "uv": [ 2, 8, 3, 12 ], "texture": "#atlas" },
				"east": { "uv": [ 3, 8, 4, 12 ], "texture": "#atlas" }
			}
		},
		{
			"__comment": "Cube3",
			"from": [ 7, 9.25, 2.25 ],
			"to": [ 8, 10.5, 4 ],
			"faces": {
				"down": { "uv": [ 13, 14, 14, 15 ], "texture": "#atlas" },
				"up": { "uv": [ 14, 14, 15, 15 ], "texture": "#atlas" },
				"north": { "uv": [ 15, 14, 16, 15 ], "texture": "#atlas" },
				"west": { "uv": [ 11, 13, 12, 14 ], "texture": "#atlas" },
				"east": { "uv": [ 15, 15, 16, 16 ], "texture": "#atlas" }
			}
		},
		{
			"__comment": "Cube4",
			"from": [ 7.25, 7.25, 14.25 ],
			"to": [ 7.75, 10.5, 15.5 ],
			"faces": {
				"down": { "uv": [ 8, 8, 9, 9 ], "texture": "#atlas" },
				"up": { "uv": [ 9, 8, 10, 9 ], "texture": "#atlas" },
				"north": { "uv": [ 6, 8, 7, 11 ], "texture": "#atlas" },
				"south": { "uv": [ 5, 8, 6, 11 ], "texture": "#atlas" },
				"west": { "uv": [ 7, 8, 8, 11 ], "texture": "#atlas" },
				"east": { "uv": [ 8, 12, 9, 15 ], "texture": "#atlas" }
			}
		},
		{
			"__comment": "Cube5",
			"from": [ 7.25, 9.25, 10.25 ],
			"to": [ 7.75, 9.75, 14.25 ],
			"faces": {
				"down": { "uv": [ 4, 8, 5, 12 ], "texture": "#atlas" },
				"up": { "uv": [ 7, 11, 8, 15 ], "texture": "#atlas" },
				"west": { "uv": [ 11, 15, 15, 16 ], "texture": "#atlas" },
				"east": { "uv": [ 7, 15, 11, 16 ], "texture": "#atlas" }
			}
		},
		{
			"__comment": "Cube6",
			"from": [ 7.25, 5.25, 8.25 ],
			"to": [ 7.75, 8.5, 9.25 ],
			"rotation": { "origin": [ 7.25, 5.25, 8.25 ], "axis": "x", "angle": -22.5 },
			"faces": {
				"down": { "uv": [ 12, 14, 13, 15 ], "texture": "#atlas" },
				"north": { "uv": [ 8, 9, 9, 12 ], "texture": "#atlas" },
				"south": { "uv": [ 9, 12, 10, 15 ], "texture": "#atlas" },
				"west": { "uv": [ 9, 9, 10, 12 ], "texture": "#atlas" },
				"east": { "uv": [ 10, 12, 11, 15 ], "texture": "#atlas" }
			}
		},
		{
			"__comment": "Cube3",
			"from": [ 7, 8.75, 9.25 ],
			"to": [ 8, 10.25, 10.25 ],
			"faces": {
				"down": { "uv": [ 12, 13, 13, 14 ], "texture": "#atlas" },
				"up": { "uv": [ 13, 13, 14, 14 ], "texture": "#atlas" },
				"south": { "uv": [ 14, 13, 15, 14 ], "texture": "#atlas" },
				"west": { "uv": [ 15, 13, 16, 14 ], "texture": "#atlas" },
				"east": { "uv": [ 11, 12, 12, 13 ], "texture": "#atlas" }
			}
		},
		{
			"__comment": "Cube9",
			"from": [ 7.25, 9.5, 1.75 ],
			"to": [ 7.75, 10, 2.25 ],
			"faces": {
				"down": { "uv": [ 13, 12, 14, 13 ], "texture": "#atlas" },
				"up": { "uv": [ 13, 12, 14, 13 ], "texture": "#atlas" },
				"north": { "uv": [ 12, 3, 16, 7 ], "texture": "#atlas" },
				"west": { "uv": [ 15, 12, 16, 13 ], "texture": "#atlas" },
				"east": { "uv": [ 11, 11, 12, 12 ], "texture": "#atlas" }
			}
		},
		{
			"__comment": "Cube10",
			"from": [ 7.25, 10.5, 7.5 ],
			"to": [ 7.75, 11, 8.5 ],
			"faces": {
				"up": { "uv": [ 11, 10, 12, 11 ], "texture": "#atlas" },
				"north": { "uv": [ 11, 9, 12, 10 ], "texture": "#atlas" },
				"south": { "uv": [ 11, 8, 12, 9 ], "texture": "#atlas" },
				"west": { "uv": [ 12, 11, 13, 12 ], "texture": "#atlas" },
				"east": { "uv": [ 13, 11, 14, 12 ], "texture": "#atlas" }
			}
		},
		{
			"__comment": "Cube11",
			"from": [ 7, 7.5, 2.5 ],
			"to": [ 8, 9.25, 3.25 ],
			"faces": {
				"down": { "uv": [ 14, 11, 15, 12 ], "texture": "#atlas" },
				"north": { "uv": [ 15, 11, 16, 12 ], "texture": "#atlas" },
				"south": { "uv": [ 12, 10, 13, 11 ], "texture": "#atlas" },
				"west": { "uv": [ 12, 9, 13, 10 ], "texture": "#atlas" },
				"east": { "uv": [ 12, 8, 13, 9 ], "texture": "#atlas" }
			}
		}
	],
	"display": {
		"head": {
			"scale":  [ 1.5, 1.5, 1.5 ],
			"translation":  [ 3, -17, 4 ]
		},
		"gui": {
			"rotation":  [ 30, 45, 0 ],
			"scale":  [ 0.8, 0.8, 0.8 ]
		}
	}
}