{
	"__comment": "Designed by Robotnikman with Cubik Studio - https://cubik.studio",
	"textures": {
		"atlas": "item/robotnikman/guns/ptrs"
	},
	"elements": [
		{
			"__comment": "Cube1",
			"from": [ 8, 8.75, -15.75 ],
			"to": [ 9, 9.75, 5.5 ],
			"faces": {
				"down": { "uv": [ 0, 5.5, 0.5, 16 ], "texture": "#atlas", "cullface": "north" },
				"up": { "uv": [ 0.5, 5.5, 1, 16 ], "texture": "#atlas", "cullface": "north" },
				"north": { "uv": [ 2, 14, 4, 16 ], "texture": "#atlas", "cullface": "north" },
				"west": { "uv": [ 1, 5.5, 1.5, 16 ], "texture": "#atlas", "cullface": "north", "rotation": 270 },
				"east": { "uv": [ 1.5, 5.5, 2, 16 ], "texture": "#atlas", "cullface": "north", "rotation": 270 }
			}
		},
		{
			"__comment": "Cube2",
			"from": [ 7.75, 7.75, 5.5 ],
			"to": [ 9.25, 9.75, 8.75 ],
			"faces": {
				"down": { "uv": [ 0, 1, 0.5, 2.5 ], "texture": "#atlas" },
				"up": { "uv": [ 0, 4, 0.5, 5.5 ], "texture": "#atlas" },
				"north": { "uv": [ 0, 0, 0.5, 1 ], "texture": "#atlas" },
				"south": { "uv": [ 1, 3, 1.5, 4 ], "texture": "#atlas" },
				"west": { "uv": [ 4, 14, 5.5, 15 ], "texture": "#atlas" },
				"east": { "uv": [ 4, 15, 5.5, 16 ], "texture": "#atlas" }
			}
		},
		{
			"__comment": "Cube3",
			"from": [ 8.25, 9.75, -5 ],
			"to": [ 8.75, 10.25, 8.75 ],
			"faces": {
				"down": { "uv": [ 3, 7.5, 3.5, 14 ], "texture": "#atlas", "cullface": "north" },
				"up": { "uv": [ 3.5, 7.5, 4, 14 ], "texture": "#atlas", "cullface": "north" },
				"north": { "uv": [ 1.5, 4.5, 2, 5 ], "texture": "#atlas", "cullface": "north" },
				"south": { "uv": [ 1.5, 5, 2, 5.5 ], "texture": "#atlas", "cullface": "north" },
				"west": { "uv": [ 2, 7.5, 2.5, 14 ], "texture": "#atlas", "cullface": "north", "rotation": 270 },
				"east": { "uv": [ 2.5, 7.5, 3, 14 ], "texture": "#atlas", "cullface": "north", "rotation": 270 }
			}
		},
		{
			"__comment": "Cube4",
			"from": [ 8, 8.25, 8.75 ],
			"to": [ 9, 9.75, 12.5 ],
			"faces": {
				"down": { "uv": [ 6.5, 14, 8, 14.5 ], "texture": "#atlas", "rotation": 90 },
				"up": { "uv": [ 6, 13.5, 7.5, 14 ], "texture": "#atlas", "rotation": 270 },
				"south": { "uv": [ 1, 0, 1.5, 0.5 ], "texture": "#atlas", "cullface": "south" },
				"west": { "uv": [ 6, 13, 7.5, 13.5 ], "texture": "#atlas" },
				"east": { "uv": [ 4, 12.5, 5.5, 13 ], "texture": "#atlas" }
			}
		},
		{
			"__comment": "Cube5",
			"from": [ 8.25, 5.5, 11.5 ],
			"to": [ 8.75, 8.75, 12.5 ],
			"rotation": { "origin": [ 8.25, 5.5, 11.5 ], "axis": "x", "angle": -22.5 },
			"faces": {
				"down": { "uv": [ 1, 0.5, 1.5, 1 ], "texture": "#atlas" },
				"north": { "uv": [ 0.5, 4, 1, 5.5 ], "texture": "#atlas" },
				"south": { "uv": [ 0.5, 2.5, 1, 4 ], "texture": "#atlas" },
				"west": { "uv": [ 0.5, 1, 1, 2.5 ], "texture": "#atlas" },
				"east": { "uv": [ 1, 4, 1.5, 5.5 ], "texture": "#atlas" }
			}
		},
		{
			"__comment": "Cube6",
			"from": [ 8, 8.25, 12.5 ],
			"to": [ 9, 9.25, 16 ],
			"faces": {
				"down": { "uv": [ 5.5, 12.5, 7, 13 ], "texture": "#atlas", "cullface": "south", "rotation": 270 },
				"up": { "uv": [ 4, 12, 5.5, 12.5 ], "texture": "#atlas", "cullface": "south", "rotation": 270 },
				"west": { "uv": [ 5.5, 12, 7, 12.5 ], "texture": "#atlas", "cullface": "south" },
				"east": { "uv": [ 4, 11.5, 5.5, 12 ], "texture": "#atlas", "cullface": "south" }
			}
		},
		{
			"__comment": "Cube7",
			"from": [ 8, 6.75, 16 ],
			"to": [ 9, 9.25, 18 ],
			"faces": {
				"down": { "uv": [ 5.5, 14, 6.5, 14.5 ], "texture": "#atlas", "cullface": "south", "rotation": 270 },
				"up": { "uv": [ 7, 12.5, 8, 13 ], "texture": "#atlas", "cullface": "south", "rotation": 270 },
				"north": { "uv": [ 0.5, 0, 1, 1 ], "texture": "#atlas", "cullface": "south" },
				"south": { "uv": [ 0, 2.5, 0.5, 4 ], "texture": "#atlas", "cullface": "south" },
				"west": { "uv": [ 5.5, 14.5, 6.5, 16 ], "texture": "#atlas", "cullface": "south" },
				"east": { "uv": [ 6.5, 14.5, 7.5, 16 ], "texture": "#atlas", "cullface": "south" }
			}
		},
		{
			"__comment": "Cube8",
			"from": [ 7.5, 8.25, -15.5 ],
			"to": [ 9.5, 10.25, -14.5 ],
			"faces": {
				"down": { "uv": [ 7, 12, 8, 12.5 ], "texture": "#atlas", "cullface": "north" },
				"up": { "uv": [ 5.5, 11.5, 6.5, 12 ], "texture": "#atlas", "cullface": "north" },
				"north": { "uv": [ 5, 13, 6, 14 ], "texture": "#atlas", "cullface": "north" },
				"south": { "uv": [ 4, 13, 5, 14 ], "texture": "#atlas", "cullface": "north" },
				"west": { "uv": [ 1, 2, 1.5, 3 ], "texture": "#atlas", "cullface": "north" },
				"east": { "uv": [ 1, 1, 1.5, 2 ], "texture": "#atlas", "cullface": "north" }
			}
		}
	],
	"display": {
		"head": {
			"scale":  [ 1.5, 1.5, 1.5 ],
			"translation":  [ 3, -17, 4 ]
		},
		"gui": {
			"rotation":  [ 30, 45, 0 ],
			"scale":  [ 0.5, 0.5, 0.5 ]
		}
	}
}