{"__comment":"Crafted by NullBlox - Do Not Distribute or Modify with outPermission.","textures":{"particle":"item/nubx/nulls_dark_red","texture":"item/nubx/nulls_dark_red","nulls_white":"item/nubx/nulls_white"},"elements":[{"__comment":"Gray","from":[5,2,3.5],"to":[11,11.5,6],"faces":{"down":{"uv":[0,0,1,1],"texture":"#particle"},"up":{"uv":[0,0,1,1],"texture":"#particle"},"north":{"uv":[0,0,1,1],"texture":"#particle"},"south":{"uv":[0,0,1,1],"texture":"#particle"},"west":{"uv":[0,0,1,1],"texture":"#particle"},"east":{"uv":[0,0,1,1],"texture":"#particle"}}},{"__comment":"Silver","from":[6.5,6.5,6],"to":[9.5,9.5,6.5],"faces":{"down":{"uv":[0,0,1,1],"texture":"#nulls_white"},"up":{"uv":[0,0,1,1],"texture":"#nulls_white"},"south":{"uv":[0,0,1,1],"texture":"#nulls_white"},"west":{"uv":[0,0,1,1],"texture":"#nulls_white"},"east":{"uv":[0,0,1,1],"texture":"#nulls_white"}}},{"__comment":"Red","from":[7,7,6.5],"to":[9,9,7.5],"faces":{"down":{"uv":[0,0,1,1],"texture":"#texture"},"up":{"uv":[0,0,1,1],"texture":"#texture"},"south":{"uv":[0,0,1,1],"texture":"#texture"},"west":{"uv":[0,0,1,1],"texture":"#texture"},"east":{"uv":[0,0,1,1],"texture":"#texture"}}},{"__comment":"Silver*","from":[7.5,11.5,4],"to":[8.5,13,5],"faces":{"up":{"uv":[0,0,1,1],"texture":"#nulls_white"},"north":{"uv":[0,0,1,1],"texture":"#nulls_white"},"south":{"uv":[0,0,1,1],"texture":"#nulls_white"},"west":{"uv":[0,0,1,1],"texture":"#nulls_white"},"east":{"uv":[0,0,1,1],"texture":"#nulls_white"}}},{"__comment":"Silver*","from":[7.75,13,4.25],"to":[8.25,18,4.75],"faces":{"north":{"uv":[0,0,1,1],"texture":"#nulls_white","cullface":"up"},"south":{"uv":[0,0,1,1],"texture":"#nulls_white","cullface":"up"},"west":{"uv":[0,0,1,1],"texture":"#nulls_white","cullface":"up"},"east":{"uv":[0,0,1,1],"texture":"#nulls_white","cullface":"up"}}},{"__comment":"Silver*","from":[7.5,18,4],"to":[8.5,18.5,5],"faces":{"down":{"uv":[0,0,1,1],"texture":"#nulls_white","cullface":"up"},"up":{"uv":[0,0,1,1],"texture":"#nulls_white","cullface":"up"},"north":{"uv":[0,0,1,1],"texture":"#nulls_white","cullface":"up"},"south":{"uv":[0,0,1,1],"texture":"#nulls_white","cullface":"up"},"west":{"uv":[0,0,1,1],"texture":"#nulls_white","cullface":"up"},"east":{"uv":[0,0,1,1],"texture":"#nulls_white","cullface":"up"}}},{"__comment":"Gray*","from":[5,2,2.5],"to":[11,11.5,3],"faces":{"down":{"uv":[0,0,1,1],"texture":"#particle"},"up":{"uv":[0,0,1,1],"texture":"#particle"},"north":{"uv":[0,0,1,1],"texture":"#particle"},"south":{"uv":[0,0,1,1],"texture":"#particle"},"west":{"uv":[0,0,1,1],"texture":"#particle"},"east":{"uv":[0,0,1,1],"texture":"#particle"}}},{"__comment":"Gray*","from":[5.25,2.25,3],"to":[10.75,11.25,3.5],"faces":{"down":{"uv":[0,0,1,1],"texture":"#particle"},"up":{"uv":[0,0,1,1],"texture":"#particle"},"west":{"uv":[0,0,1,1],"texture":"#particle"},"east":{"uv":[0,0,1,1],"texture":"#particle"}}}],"display":{"thirdperson_righthand":{"rotation":[0,-58,0],"translation":[-2.27,0,0],"scale":[0.4,0.4,0.4 ]},"thirdperson_lefthand":{"rotation":[0,-58,0],"translation":[-1.89,0,0],"scale":[0.4,0.4,0.4 ]},"head":{"rotation":[0,0,27],"translation":[3.4,-21.73,5.67],"scale":[0.5,0.5,0.5 ]},"ground":{"rotation":[0,0,0],"translation":[0.76,4.35,1.89],"scale":[0.5,0.5,0.5 ]},"fixed":{"rotation":[0,180,0],"translation":[0,-1.32,-3.78],"scale":[0.8,0.8,0.8 ]},"firstperson_righthand":{"rotation":[0,-34,20],"translation":[0.76,1.7,0],"scale":[0.7,0.7,0.7 ]},"firstperson_lefthand":{"rotation":[0,-34,20],"translation":[0.76,1.7,0],"scale":[0.7,0.7,0.7 ]},"gui":{"rotation":[30,-45,0],"translation":[-1.51,-1.13,2.27],"scale":[0.62,0.62,0.62 ]}}}