{
	"__comment": "Designed by Robotnikman with Cubik Studio - https://cubik.studio",
	"textures": {
		"atlas": "item/robotnikman/guns/sentry_cannon"
	},
	"elements": [ 	 
		{
			"__comment": "Box1",
			"from": [ 4.5, 4.5, 8 ],
			"to": [ 11.5, 11.5, 24 ],
			"faces": {
				"down": { "uv": [ 3.75, 14.25, 5.5, 16 ], "texture": "#atlas", "cullface": "south" },
				"up": { "uv": [ 3.75, 14.25, 5.5, 16 ], "texture": "#atlas", "cullface": "south" },
				"north": { "uv": [ 3.75, 14.25, 5.5, 16 ], "texture": "#atlas", "cullface": "south" },
				"south": { "uv": [ 3.75, 14.25, 5.5, 16 ], "texture": "#atlas", "cullface": "south" },
				"west": { "uv": [ 5.75, 14.25, 9.75, 16 ], "texture": "#atlas", "cullface": "south" },
				"east": { "uv": [ 5.75, 14.25, 9.75, 16 ], "texture": "#atlas", "cullface": "south" }
			}
		},
		{
			"__comment": "Box2",
			"from": [ 6, 3.5, 8 ],
			"to": [ 10, 4.5, 24 ],
			"faces": {
				"down": { "uv": [ 5.75, 14.75, 9.75, 15.75 ], "texture": "#atlas", "cullface": "south", "rotation": 90 },
				"north": { "uv": [ 5.25, 12.75, 6.25, 13 ], "texture": "#atlas", "cullface": "south" },
				"south": { "uv": [ 5.5, 12.75, 6.5, 13 ], "texture": "#atlas", "cullface": "south" },
				"west": { "uv": [ 5.75, 14.5, 9.75, 14.75 ], "texture": "#atlas", "cullface": "south" },
				"east": { "uv": [ 5.75, 15.5, 9.75, 15.75 ], "texture": "#atlas", "cullface": "south" }
			}
		},
		{
			"__comment": "Box2",
			"from": [ 6, 11.5, 8 ],
			"to": [ 10, 12.5, 24 ],
			"faces": {
				"up": { "uv": [ 5.75, 14.75, 9.75, 15.75 ], "texture": "#atlas", "cullface": "south", "rotation": 90 },
				"north": { "uv": [ 5.5, 11.25, 6.5, 11.5 ], "texture": "#atlas", "cullface": "south" },
				"south": { "uv": [ 5.5, 11.25, 6.5, 11.5 ], "texture": "#atlas", "cullface": "south" },
				"west": { "uv": [ 5.75, 14.25, 9.75, 14.5 ], "texture": "#atlas", "cullface": "south" },
				"east": { "uv": [ 5.75, 15.75, 9.75, 16 ], "texture": "#atlas", "cullface": "south" }
			}
		},
		{
			"__comment": "Box4",
			"from": [ 11.5, 6, 8 ],
			"to": [ 12.5, 10, 24 ],
			"faces": {
				"down": { "uv": [ 5.75, 15.75, 9.75, 16 ], "texture": "#atlas", "cullface": "south", "rotation": 270 },
				"up": { "uv": [ 5.75, 14.25, 9.75, 14.5 ], "texture": "#atlas", "cullface": "south", "rotation": 270 },
				"north": { "uv": [ 5, 11.5, 5.25, 12.5 ], "texture": "#atlas", "cullface": "south" },
				"south": { "uv": [ 6.5, 11.75, 6.75, 12.75 ], "texture": "#atlas", "cullface": "south" },
				"east": { "uv": [ 5.75, 14.75, 9.75, 15.75 ], "texture": "#atlas", "cullface": "south" }
			}
		},
		{
			"__comment": "Box4",
			"from": [ 3.5, 6, 8 ],
			"to": [ 4.5, 10, 24 ],
			"faces": {
				"down": { "uv": [ 5.75, 15.75, 9.75, 16 ], "texture": "#atlas", "cullface": "south", "rotation": 270 },
				"up": { "uv": [ 5.75, 14.25, 9.75, 14.5 ], "texture": "#atlas", "cullface": "south", "rotation": 270 },
				"north": { "uv": [ 6.5, 11.5, 6.75, 12.5 ], "texture": "#atlas", "cullface": "south" },
				"south": { "uv": [ 5, 11.5, 5.25, 12.5 ], "texture": "#atlas", "cullface": "south" },
				"west": { "uv": [ 5.75, 14.75, 9.75, 15.75 ], "texture": "#atlas", "cullface": "south" }
			}
		},
		{
			"__comment": "Box6",
			"from": [ 6, 6, -16 ],
			"to": [ 10, 10, 8 ],
			"faces": {
				"down": { "uv": [ 9.75, 14.75, 15.75, 15.75 ], "texture": "#atlas", "cullface": "north", "rotation": 90 },
				"up": { "uv": [ 9.75, 14.75, 15.75, 15.75 ], "texture": "#atlas", "cullface": "north", "rotation": 90 },
				"north": { "uv": [ 10.75, 4, 13.25, 6.5 ], "texture": "#atlas", "cullface": "north" },
				"west": { "uv": [ 9.75, 14.75, 15.75, 15.75 ], "texture": "#atlas", "cullface": "north" },
				"east": { "uv": [ 9.75, 14.75, 15.75, 15.75 ], "texture": "#atlas", "cullface": "north" }
			}
		},
		{
			"__comment": "Box7",
			"from": [ 7, 5, -16 ],
			"to": [ 9, 6, 8 ],
			"faces": {
				"down": { "uv": [ 9.75, 15, 15.75, 15.5 ], "texture": "#atlas", "cullface": "north", "rotation": 90 },
				"north": { "uv": [ 11.25, 6.5, 12.75, 7 ], "texture": "#atlas", "cullface": "north" },
				"west": { "uv": [ 9.75, 14.75, 15.75, 15 ], "texture": "#atlas", "cullface": "north" },
				"east": { "uv": [ 9.749999, 15.5, 15.75, 15.75 ], "texture": "#atlas", "cullface": "north" }
			}
		},
		{
			"__comment": "Box7",
			"from": [ 7, 10, -16 ],
			"to": [ 9, 11, 8 ],
			"faces": {
				"up": { "uv": [ 9.75, 15, 15.75, 15.5 ], "texture": "#atlas", "cullface": "north", "rotation": 90 },
				"north": { "uv": [ 11.25, 3.5, 12.75, 4 ], "texture": "#atlas", "cullface": "north" },
				"west": { "uv": [ 9.75, 15.5, 15.75, 15.75 ], "texture": "#atlas", "cullface": "north" },
				"east": { "uv": [ 9.75, 14.75, 15.75, 15 ], "texture": "#atlas", "cullface": "north" }
			}
		},
		{
			"__comment": "Box9",
			"from": [ 5, 7, -16 ],
			"to": [ 6, 9, 8 ],
			"faces": {
				"down": { "uv": [ 9.75, 15.5, 15.75, 15.75 ], "texture": "#atlas", "cullface": "north", "rotation": 90 },
				"up": { "uv": [ 9.75, 15.5, 15.75, 15.75 ], "texture": "#atlas", "cullface": "north", "rotation": 90 },
				"north": { "uv": [ 13.25, 4.5, 13.75, 6 ], "texture": "#atlas", "cullface": "north" },
				"west": { "uv": [ 9.750001, 15, 15.75, 15.5 ], "texture": "#atlas", "cullface": "north" }
			}
		},
		{
			"__comment": "Box9",
			"from": [ 10, 7, -16 ],
			"to": [ 11, 9, 8 ],
			"faces": {
				"down": { "uv": [ 9.75, 15.5, 15.75, 15.75 ], "texture": "#atlas", "cullface": "north", "rotation": 90 },
				"up": { "uv": [ 9.75, 15.5, 15.75, 15.75 ], "texture": "#atlas", "cullface": "north", "rotation": 90 },
				"north": { "uv": [ 10.25, 4.5, 10.75, 6 ], "texture": "#atlas", "cullface": "north" },
				"east": { "uv": [ 9.75, 15, 15.75, 15.5 ], "texture": "#atlas", "cullface": "north" }
			}
		},
		{
			"__comment": "Box11",
			"from": [ 9, 1, 9 ],
			"to": [ 10, 3.5, 23 ],
			"faces": {
				"down": { "uv": [ 11.5, 12.75, 15, 13 ], "texture": "#atlas", "cullface": "south", "rotation": 90 },
				"north": { "uv": [ 15, 11.75, 15.25, 12.25 ], "texture": "#atlas", "cullface": "south" },
				"south": { "uv": [ 14.25, 11.75, 14.5, 12.25 ], "texture": "#atlas", "cullface": "south" },
				"west": { "uv": [ 11.5, 12.25, 15, 12.75 ], "texture": "#atlas", "cullface": "south" },
				"east": { "uv": [ 11.5, 11.75, 15, 12.25 ], "texture": "#atlas", "cullface": "south" }
			}
		},
		{
			"__comment": "Box12",
			"from": [ 10, 2, 9 ],
			"to": [ 11, 3, 23 ],
			"faces": {
				"down": { "uv": [ 11.5, 11.75, 15, 12 ], "texture": "#atlas", "cullface": "south", "rotation": 90 },
				"up": { "uv": [ 11.5, 11.75, 15, 12 ], "texture": "#atlas", "cullface": "south", "rotation": 90 },
				"north": { "uv": [ 15.25, 12.25, 15.5, 12.5 ], "texture": "#atlas", "cullface": "south" },
				"south": { "uv": [ 14, 12, 14.25, 12.25 ], "texture": "#atlas", "cullface": "south" },
				"east": { "uv": [ 11.5, 11.75, 15, 12 ], "texture": "#atlas", "cullface": "south" }
			}
		},
		{
			"__comment": "Box12",
			"from": [ 8, 2, 9 ],
			"to": [ 9, 3, 23 ],
			"faces": {
				"down": { "uv": [ 11.5, 13, 15, 13.25 ], "texture": "#atlas", "cullface": "south", "rotation": 90 },
				"up": { "uv": [ 11.5, 12.75, 15, 13 ], "texture": "#atlas", "cullface": "south", "rotation": 90 },
				"north": { "uv": [ 15.25, 12.25, 15.5, 12.5 ], "texture": "#atlas", "cullface": "south" },
				"south": { "uv": [ 14, 12, 14.25, 12.25 ], "texture": "#atlas", "cullface": "south" }
			}
		},
		{
			"__comment": "Box14",
			"from": [ 9, 2, 8.5 ],
			"to": [ 10, 3, 9 ],
			"faces": {
				"down": { "uv": [ 15.25, 12.25, 15.5, 12.5 ], "texture": "#atlas" },
				"up": { "uv": [ 15.25, 12.25, 15.5, 12.5 ], "texture": "#atlas" },
				"north": { "uv": [ 15.25, 12.25, 15.5, 12.5 ], "texture": "#atlas" },
				"west": { "uv": [ 15.25, 12.25, 15.5, 12.5 ], "texture": "#atlas" },
				"east": { "uv": [ 15.25, 12.25, 15.5, 12.5 ], "texture": "#atlas" }
			}
		},
		{
			"__comment": "Box14",
			"from": [ 6, 2, 23 ],
			"to": [ 7, 3, 23.5 ],
			"faces": {
				"down": { "uv": [ 15.25, 12.25, 15.5, 12.5 ], "texture": "#atlas", "cullface": "south" },
				"up": { "uv": [ 15.25, 12.25, 15.5, 12.5 ], "texture": "#atlas", "cullface": "south" },
				"south": { "uv": [ 15.25, 12.25, 15.5, 12.5 ], "texture": "#atlas", "cullface": "south" },
				"west": { "uv": [ 15.25, 12.25, 15.5, 12.5 ], "texture": "#atlas", "cullface": "south" },
				"east": { "uv": [ 15.25, 12.25, 15.5, 12.5 ], "texture": "#atlas", "cullface": "south" }
			}
		},
		{
			"__comment": "Box11",
			"from": [ 6, 1, 9 ],
			"to": [ 7, 3.5, 23 ],
			"faces": {
				"down": { "uv": [ 11.5, 12.75, 15, 13 ], "texture": "#atlas", "cullface": "south", "rotation": 90 },
				"north": { "uv": [ 15, 12.75, 15.25, 13.25 ], "texture": "#atlas", "cullface": "south" },
				"south": { "uv": [ 14.5, 12.75, 14.75, 13.25 ], "texture": "#atlas", "cullface": "south" },
				"west": { "uv": [ 11.5, 11.75, 15, 12.25 ], "texture": "#atlas", "cullface": "south" },
				"east": { "uv": [ 11.5, 12.75, 15, 13.25 ], "texture": "#atlas", "cullface": "south" }
			}
		},
		{
			"__comment": "Box12",
			"from": [ 7, 2, 9 ],
			"to": [ 8, 3, 23 ],
			"faces": {
				"down": { "uv": [ 11.5, 12.25, 15, 12.5 ], "texture": "#atlas", "cullface": "south", "rotation": 90 },
				"up": { "uv": [ 11.5, 12.75, 15, 13 ], "texture": "#atlas", "cullface": "south", "rotation": 90 },
				"north": { "uv": [ 12.25, 11.75, 12.5, 12 ], "texture": "#atlas", "cullface": "south" },
				"south": { "uv": [ 14, 12, 14.25, 12.25 ], "texture": "#atlas", "cullface": "south" }
			}
		},
		{
			"__comment": "Box12",
			"from": [ 5, 2, 9 ],
			"to": [ 6, 3, 23 ],
			"faces": {
				"down": { "uv": [ 11.5, 12.75, 15, 13 ], "texture": "#atlas", "cullface": "south", "rotation": 90 },
				"up": { "uv": [ 11.5, 12.75, 15, 13 ], "texture": "#atlas", "cullface": "south", "rotation": 90 },
				"north": { "uv": [ 15.25, 12.25, 15.5, 12.5 ], "texture": "#atlas", "cullface": "south" },
				"south": { "uv": [ 14, 12, 14.25, 12.25 ], "texture": "#atlas", "cullface": "south" },
				"west": { "uv": [ 11.5, 12.75, 15, 13 ], "texture": "#atlas", "cullface": "south" }
			}
		},
		{
			"__comment": "Box14",
			"from": [ 6, 2, 8.5 ],
			"to": [ 7, 3, 9 ],
			"faces": {
				"down": { "uv": [ 15.25, 12.25, 15.5, 12.5 ], "texture": "#atlas" },
				"up": { "uv": [ 15.25, 12.25, 15.5, 12.5 ], "texture": "#atlas" },
				"north": { "uv": [ 15.25, 12.25, 15.5, 12.5 ], "texture": "#atlas" },
				"west": { "uv": [ 15.25, 12.25, 15.5, 12.5 ], "texture": "#atlas" },
				"east": { "uv": [ 15.25, 12.25, 15.5, 12.5 ], "texture": "#atlas" }
			}
		},
		{
			"__comment": "Box14",
			"from": [ 9, 2, 23 ],
			"to": [ 10, 3, 23.5 ],
			"faces": {
				"down": { "uv": [ 15.25, 12.25, 15.5, 12.5 ], "texture": "#atlas", "cullface": "south" },
				"up": { "uv": [ 15.25, 12.25, 15.5, 12.5 ], "texture": "#atlas", "cullface": "south" },
				"south": { "uv": [ 15.25, 12.25, 15.5, 12.5 ], "texture": "#atlas", "cullface": "south" },
				"west": { "uv": [ 15.25, 12.25, 15.5, 12.5 ], "texture": "#atlas", "cullface": "south" },
				"east": { "uv": [ 15.25, 12.25, 15.5, 12.5 ], "texture": "#atlas", "cullface": "south" }
			}
		},
		{
			"__comment": "Box24",
			"from": [ 8, 12, 8.5 ],
			"to": [ 10, 14, 23.5 ],
			"rotation": { "origin": [ 8, 12, 8.5 ], "axis": "z", "angle": 45 },
			"faces": {
				"down": { "uv": [ 11.5, 12.75, 15.25, 13.25 ], "texture": "#atlas", "cullface": "south" },
				"up": { "uv": [ 11.5, 11.75, 15.25, 12.25 ], "texture": "#atlas", "cullface": "south" },
				"north": { "uv": [ 11.5, 11.75, 12, 12.25 ], "texture": "#atlas", "cullface": "south" },
				"south": { "uv": [ 14.75, 12.25, 15.25, 12.75 ], "texture": "#atlas", "cullface": "south" },
				"west": { "uv": [ 11.5, 12.75, 15.25, 13.25 ], "texture": "#atlas", "cullface": "south" },
				"east": { "uv": [ 11.5, 11.75, 15.25, 12.25 ], "texture": "#atlas", "cullface": "south" }
			}
		},
		{
			"__comment": "Box22",
			"from": [ 5.5, 5.5, 24 ],
			"to": [ 10.5, 10.5, 25 ],
			"faces": {
				"down": { "uv": [ 2.25, 15.5, 3.5, 15.75 ], "texture": "#atlas", "cullface": "south" },
				"up": { "uv": [ 2.25, 14.5, 3.5, 14.75 ], "texture": "#atlas", "cullface": "south" },
				"south": { "uv": [ 2.25, 14.5, 3.5, 15.75 ], "texture": "#atlas", "cullface": "south" },
				"west": { "uv": [ 2.25, 14.5, 2.5, 15.75 ], "texture": "#atlas", "cullface": "south" },
				"east": { "uv": [ 3.25, 14.5, 3.5, 15.75 ], "texture": "#atlas", "cullface": "south" }
			}
		},
		{
			"__comment": "Box23",
			"from": [ 5, 7.5, 26 ],
			"to": [ 8.5, 8.5, 27 ],
			"faces": {
				"down": { "uv": [ 1, 15, 1.75, 15.25 ], "texture": "#atlas", "cullface": "south" },
				"up": { "uv": [ 1, 15, 1.75, 15.25 ], "texture": "#atlas", "cullface": "south" },
				"north": { "uv": [ 1, 15, 1.75, 15.25 ], "texture": "#atlas", "cullface": "south" },
				"south": { "uv": [ 1, 15, 1.75, 15.25 ], "texture": "#atlas", "cullface": "south" },
				"west": { "uv": [ 1.75, 15, 2, 15.25 ], "texture": "#atlas", "cullface": "south" },
				"east": { "uv": [ 1.75, 14.75, 2, 15 ], "texture": "#atlas", "cullface": "south" }
			}
		},
		{
			"__comment": "Box24",
			"from": [ 7.5, 7.5, 25 ],
			"to": [ 8.5, 8.5, 26 ],
			"faces": {
				"down": { "uv": [ 1.75, 14.5, 2, 14.75 ], "texture": "#atlas", "cullface": "south" },
				"up": { "uv": [ 1.75, 14.5, 2, 14.75 ], "texture": "#atlas", "cullface": "south" },
				"west": { "uv": [ 1.75, 14.5, 2, 14.75 ], "texture": "#atlas", "cullface": "south" },
				"east": { "uv": [ 1.75, 14.5, 2, 14.75 ], "texture": "#atlas", "cullface": "south" }
			}
		},
		{
			"__comment": "Box25",
			"from": [ 10.5, 6.5, 24 ],
			"to": [ 11, 9.5, 24.5 ],
			"faces": {
				"down": { "uv": [ 3.5, 15.25, 3.75, 15.5 ], "texture": "#atlas", "cullface": "south" },
				"up": { "uv": [ 3.5, 14.75, 3.75, 15 ], "texture": "#atlas", "cullface": "south" },
				"south": { "uv": [ 3.5, 14.75, 3.75, 15.5 ], "texture": "#atlas", "cullface": "south" },
				"east": { "uv": [ 3.5, 14.75, 3.75, 15.5 ], "texture": "#atlas", "cullface": "south" }
			}
		}
	],
	"display": {
		"head": {
			"scale":  [ 2.5, 2.5, 2.5 ],
			"translation":  [ 0, -3, 0 ]
		},
		"ground": {
			"translation":  [ 0, 12, 0 ],
			"scale":  [ 0.4, 0.4, 0.4 ]
		}
	}
}