{
	"__comment": "Designed by Robotnikman with Cubik Studio - https://cubik.studio",
	"textures": {
		"atlas": "robotnikman/guns/autocannon"
	},
	"elements": [ 	 
		{
			"__comment": "Cube1",
			"from": [ 10, 5, 5.5 ],
			"to": [ 13, 8, 18.5 ],
			"faces": {
				"down": { "uv": [ 10, 4.5, 11.5, 11.5 ], "texture": "#atlas" },
				"up": { "uv": [ 10, 4.5, 11.5, 11.5 ], "texture": "#atlas" },
				"north": { "uv": [ 4.5, 13, 3, 11.5 ], "texture": "#atlas" },
				"south": { "uv": [ 3, 13, 1.5, 11.5 ], "texture": "#atlas" },
				"west": { "uv": [ 11.5, 4.5, 13, 11.5 ], "texture": "#atlas", "rotation": 90 },
				"east": { "uv": [ 10, 4.5, 11.5, 11.5 ], "texture": "#atlas" }
			}
		},
		{
			"__comment": "Cube2",
			"from": [ 11.0607, 6.9393, 2.5 ],
			"to": [ 13.0607, 8.939301, 5.5 ],
			"rotation": { "origin": [ 10, 8, 18.5 ], "axis": "z", "angle": -45 },
			"faces": {
				"down": { "uv": [ 0, 9, 1.5, 12.5 ], "texture": "#atlas" },
				"up": { "uv": [ 0, 9, 1.5, 12.5 ], "texture": "#atlas" },
				"north": { "uv": [ 7, 10.5, 6, 9.5 ], "texture": "#atlas", "rotation": 90 },
				"west": { "uv": [ 0, 9, 1.5, 12.5 ], "texture": "#atlas", "rotation": 90 },
				"east": { "uv": [ 0, 9, 1.5, 12.5 ], "texture": "#atlas", "rotation": 90 }
			}
		},
		{
			"__comment": "Cube3",
			"from": [ 11, 6, -8.5 ],
			"to": [ 12, 7, 2.5 ],
			"faces": {
				"down": { "uv": [ 5.5, 10.5, 6, 16 ], "texture": "#atlas" },
				"up": { "uv": [ 5, 10.5, 5.5, 16 ], "texture": "#atlas" },
				"south": { "uv": [ 10, 9.5, 9.5, 9 ], "texture": "#atlas" },
				"west": { "uv": [ 6, 15.5, 11.5, 16 ], "texture": "#atlas", "rotation": 180 },
				"east": { "uv": [ 6, 15, 11.5, 15.5 ], "texture": "#atlas", "rotation": 180 }
			}
		},
		{
			"__comment": "Cube7",
			"from": [ -4.6976, 9, 17.8333 ],
			"to": [ -2.1976, 10, 20.8333 ],
			"rotation": { "origin": [ 10, 8, 22 ], "axis": "y", "angle": -45 },
			"faces": {
				"down": { "uv": [ 14, 8, 16, 10.5 ], "texture": "#atlas", "rotation": 180 },
				"up": { "uv": [ 14, 8, 16, 10.5 ], "texture": "#atlas", "rotation": 180 },
				"north": { "uv": [ 2.5, 8, 3.5, 8.5 ], "texture": "#atlas" },
				"south": { "uv": [ 6, 8, 7, 8.5 ], "texture": "#atlas" },
				"west": { "uv": [ 11.5, 15.5, 13, 16 ], "texture": "#atlas" },
				"east": { "uv": [ 3.5, 8, 5, 8.5 ], "texture": "#atlas" }
			}
		},
		{
			"__comment": "Cube7",
			"from": [ 13, 6, 10.5 ],
			"to": [ 15.5, 7, 13.5 ],
			"faces": {
				"down": { "uv": [ 14, 8, 16, 10.5 ], "texture": "#atlas" },
				"up": { "uv": [ 14, 8, 16, 10.5 ], "texture": "#atlas" },
				"north": { "uv": [ 12.5, 15.5, 11.5, 15 ], "texture": "#atlas" },
				"south": { "uv": [ 13.5, 15.5, 12.5, 15 ], "texture": "#atlas" },
				"east": { "uv": [ 3.5, 10, 5, 10.5 ], "texture": "#atlas", "rotation": 180 }
			}
		},
		{
			"__comment": "Cube7",
			"from": [ 16.9159, 6, 6.1268 ],
			"to": [ 19.4159, 6.98, 8.876801 ],
			"rotation": { "origin": [ 27.75, 5, 14.625 ], "axis": "y", "angle": 22.5 },
			"faces": {
				"down": { "uv": [ 14, 8, 16, 10.5 ], "texture": "#atlas", "rotation": 180 },
				"up": { "uv": [ 14, 8, 16, 10.5 ], "texture": "#atlas", "rotation": 180 },
				"north": { "uv": [ 14.5, 15, 15.5, 15.5 ], "texture": "#atlas" },
				"south": { "uv": [ 13.5, 15, 14.5, 15.5 ], "texture": "#atlas" },
				"west": { "uv": [ 13, 15.5, 14.5, 16 ], "texture": "#atlas" }
			}
		},
		{
			"__comment": "Cube14",
			"from": [ 11, 8, 8 ],
			"to": [ 12, 10.5, 9 ],
			"faces": {
				"up": { "uv": [ 5, 8, 5.5, 8.5 ], "texture": "#atlas" },
				"north": { "uv": [ 5, 10, 4.5, 9 ], "texture": "#atlas" },
				"south": { "uv": [ 5, 13, 4.5, 12 ], "texture": "#atlas" },
				"west": { "uv": [ 8, 8, 8.5, 9 ], "texture": "#atlas", "rotation": 180 },
				"east": { "uv": [ 9.5, 13.5, 10, 14.5 ], "texture": "#atlas", "rotation": 180 }
			}
		},
		{
			"__comment": "Cube14",
			"from": [ 11, 8, 6 ],
			"to": [ 12, 10.5, 7 ],
			"faces": {
				"up": { "uv": [ 10.5, 14, 11, 14.5 ], "texture": "#atlas" },
				"north": { "uv": [ 9.5, 11, 9, 10 ], "texture": "#atlas" },
				"south": { "uv": [ 9, 9, 8.5, 8 ], "texture": "#atlas" },
				"west": { "uv": [ 9, 9, 9.5, 10 ], "texture": "#atlas", "rotation": 180 },
				"east": { "uv": [ 9, 8, 9.5, 9 ], "texture": "#atlas", "rotation": 180 }
			}
		},
		{
			"__comment": "Cube6",
			"from": [ 10.875, 5.875, -9.5 ],
			"to": [ 12.125, 7.125, -8.5 ],
			"faces": {
				"down": { "uv": [ 15, 14, 15.5, 14.5 ], "texture": "#atlas" },
				"up": { "uv": [ 14.5, 14, 15, 14.5 ], "texture": "#atlas" },
				"north": { "uv": [ 16, 13.5, 13.5, 11 ], "texture": "#atlas" },
				"south": { "uv": [ 16, 14.5, 15.5, 14 ], "texture": "#atlas" },
				"west": { "uv": [ 10, 13.5, 10.5, 14 ], "texture": "#atlas", "rotation": 180 },
				"east": { "uv": [ 10.5, 13.5, 11, 14 ], "texture": "#atlas", "rotation": 180 }
			}
		},
		{
			"__comment": "Cube6",
			"from": [ 10.75, 5.75, -10.5 ],
			"to": [ 12.25, 7.25, -9.5 ],
			"faces": {
				"down": { "uv": [ 15, 14, 15.5, 14.5 ], "texture": "#atlas" },
				"up": { "uv": [ 14.5, 14, 15, 14.5 ], "texture": "#atlas" },
				"north": { "uv": [ 16, 13.5, 13.5, 11 ], "texture": "#atlas" },
				"south": { "uv": [ 16, 14.5, 15.5, 14 ], "texture": "#atlas" },
				"west": { "uv": [ 10, 13.5, 10.5, 14 ], "texture": "#atlas", "rotation": 180 },
				"east": { "uv": [ 10.5, 13.5, 11, 14 ], "texture": "#atlas", "rotation": 180 }
			}
		},
		{
			"__comment": "Cube1",
			"from": [ 10, 8, 5.5 ],
			"to": [ 13, 11, 18.5 ],
			"faces": {
				"down": { "uv": [ 10, 4.5, 11.5, 11.5 ], "texture": "#atlas" },
				"up": { "uv": [ 10, 4.5, 11.5, 11.5 ], "texture": "#atlas" },
				"north": { "uv": [ 4.5, 13, 3, 11.5 ], "texture": "#atlas" },
				"south": { "uv": [ 3, 13, 1.5, 11.5 ], "texture": "#atlas" },
				"west": { "uv": [ 11.5, 4.5, 13, 11.5 ], "texture": "#atlas", "rotation": 90 },
				"east": { "uv": [ 10, 4.5, 11.5, 11.5 ], "texture": "#atlas" }
			}
		},
		{
			"__comment": "Cube2",
			"from": [ 8.9393, 9.060699, 2.5 ],
			"to": [ 10.9393, 11.0607, 5.5 ],
			"rotation": { "origin": [ 10, 8, 18.5 ], "axis": "z", "angle": -45 },
			"faces": {
				"down": { "uv": [ 0, 9, 1.5, 12.5 ], "texture": "#atlas" },
				"up": { "uv": [ 0, 9, 1.5, 12.5 ], "texture": "#atlas" },
				"north": { "uv": [ 7, 10.5, 6, 9.5 ], "texture": "#atlas", "rotation": 90 },
				"west": { "uv": [ 0, 9, 1.5, 12.5 ], "texture": "#atlas", "rotation": 90 },
				"east": { "uv": [ 0, 9, 1.5, 12.5 ], "texture": "#atlas", "rotation": 90 }
			}
		},
		{
			"__comment": "Cube3",
			"from": [ 11, 9, -8.5 ],
			"to": [ 12, 10, 2.5 ],
			"faces": {
				"down": { "uv": [ 5.5, 10.5, 6, 16 ], "texture": "#atlas" },
				"up": { "uv": [ 5, 10.5, 5.5, 16 ], "texture": "#atlas" },
				"south": { "uv": [ 10, 9.5, 9.5, 9 ], "texture": "#atlas" },
				"west": { "uv": [ 6, 15.5, 11.5, 16 ], "texture": "#atlas", "rotation": 180 },
				"east": { "uv": [ 6, 15, 11.5, 15.5 ], "texture": "#atlas", "rotation": 180 }
			}
		},
		{
			"__comment": "Cube7",
			"from": [ 13, 9, 10.5 ],
			"to": [ 15.5, 10, 13.5 ],
			"faces": {
				"down": { "uv": [ 14, 8, 16, 10.5 ], "texture": "#atlas" },
				"up": { "uv": [ 14, 8, 16, 10.5 ], "texture": "#atlas" },
				"north": { "uv": [ 12.5, 15.5, 11.5, 15 ], "texture": "#atlas" },
				"south": { "uv": [ 13.5, 15.5, 12.5, 15 ], "texture": "#atlas" },
				"east": { "uv": [ 3.5, 10, 5, 10.5 ], "texture": "#atlas", "rotation": 180 }
			}
		},
		{
			"__comment": "Cube7",
			"from": [ -0.8341, 6, 13.5018 ],
			"to": [ 1.6659, 6.98, 16.2518 ],
			"rotation": { "origin": [ 10, 8, 22 ], "axis": "y", "angle": -22.5 },
			"faces": {
				"down": { "uv": [ 14, 8, 16, 10.5 ], "texture": "#atlas", "rotation": 180 },
				"up": { "uv": [ 14, 8, 16, 10.5 ], "texture": "#atlas", "rotation": 180 },
				"north": { "uv": [ 14.5, 15, 15.5, 15.5 ], "texture": "#atlas" },
				"south": { "uv": [ 13.5, 15, 14.5, 15.5 ], "texture": "#atlas" },
				"west": { "uv": [ 13, 15.5, 14.5, 16 ], "texture": "#atlas" }
			}
		},
		{
			"__comment": "Cube14",
			"from": [ 11, 11, 15.5 ],
			"to": [ 12, 13.5, 16.5 ],
			"faces": {
				"up": { "uv": [ 10.5, 14, 11, 14.5 ], "texture": "#atlas" },
				"north": { "uv": [ 9.5, 11, 9, 10 ], "texture": "#atlas" },
				"south": { "uv": [ 9, 9, 8.5, 8 ], "texture": "#atlas" },
				"west": { "uv": [ 9, 9, 9.5, 10 ], "texture": "#atlas", "rotation": 180 },
				"east": { "uv": [ 9, 8, 9.5, 9 ], "texture": "#atlas", "rotation": 180 }
			}
		},
		{
			"__comment": "Cube6",
			"from": [ 10.875, 8.875, -9.5 ],
			"to": [ 12.125, 10.125, -8.5 ],
			"faces": {
				"down": { "uv": [ 15, 14, 15.5, 14.5 ], "texture": "#atlas" },
				"up": { "uv": [ 14.5, 14, 15, 14.5 ], "texture": "#atlas" },
				"north": { "uv": [ 16, 13.5, 13.5, 11 ], "texture": "#atlas" },
				"south": { "uv": [ 16, 14.5, 15.5, 14 ], "texture": "#atlas" },
				"west": { "uv": [ 10, 13.5, 10.5, 14 ], "texture": "#atlas", "rotation": 180 },
				"east": { "uv": [ 10.5, 13.5, 11, 14 ], "texture": "#atlas", "rotation": 180 }
			}
		},
		{
			"__comment": "Cube6",
			"from": [ 10.75, 8.75, -10.5 ],
			"to": [ 12.25, 10.25, -9.5 ],
			"faces": {
				"down": { "uv": [ 15, 14, 15.5, 14.5 ], "texture": "#atlas" },
				"up": { "uv": [ 14.5, 14, 15, 14.5 ], "texture": "#atlas" },
				"north": { "uv": [ 16, 13.5, 13.5, 11 ], "texture": "#atlas" },
				"south": { "uv": [ 16, 14.5, 15.5, 14 ], "texture": "#atlas" },
				"west": { "uv": [ 10, 13.5, 10.5, 14 ], "texture": "#atlas", "rotation": 180 },
				"east": { "uv": [ 10.5, 13.5, 11, 14 ], "texture": "#atlas", "rotation": 180 }
			}
		},
		{
			"__comment": "Cube1",
			"from": [ 7, 8, 5.5 ],
			"to": [ 10, 11, 18.5 ],
			"faces": {
				"down": { "uv": [ 10, 4.5, 11.5, 11.5 ], "texture": "#atlas", "rotation": 180 },
				"up": { "uv": [ 10, 4.5, 11.5, 11.5 ], "texture": "#atlas", "rotation": 180 },
				"north": { "uv": [ 3, 11.5, 4.5, 13 ], "texture": "#atlas" },
				"south": { "uv": [ 1.5, 11.5, 3, 13 ], "texture": "#atlas" },
				"west": { "uv": [ 10, 4.5, 11.5, 11.5 ], "texture": "#atlas", "rotation": 180 },
				"east": { "uv": [ 11.5, 4.5, 13, 11.5 ], "texture": "#atlas", "rotation": 270 }
			}
		},
		{
			"__comment": "Cube2",
			"from": [ 8, 7.5, 2.5 ],
			"to": [ 10, 9.5, 5.5 ],
			"rotation": { "origin": [ 10, 9.5, 5.5 ], "axis": "z", "angle": -45 },
			"faces": {
				"down": { "uv": [ 0, 9, 1.5, 12.5 ], "texture": "#atlas", "rotation": 180 },
				"up": { "uv": [ 0, 9, 1.5, 12.5 ], "texture": "#atlas", "rotation": 180 },
				"north": { "uv": [ 6, 9.5, 7, 10.5 ], "texture": "#atlas", "rotation": 90 },
				"west": { "uv": [ 0, 9, 1.5, 12.5 ], "texture": "#atlas", "rotation": 270 },
				"east": { "uv": [ 0, 9, 1.5, 12.5 ], "texture": "#atlas", "rotation": 270 }
			}
		},
		{
			"__comment": "Cube3",
			"from": [ 8, 9, -8.5 ],
			"to": [ 9, 10, 2.5 ],
			"faces": {
				"down": { "uv": [ 5, 10.5, 5.5, 16 ], "texture": "#atlas", "rotation": 180 },
				"up": { "uv": [ 5.5, 10.5, 6, 16 ], "texture": "#atlas", "rotation": 180 },
				"south": { "uv": [ 9.5, 9, 10, 9.5 ], "texture": "#atlas" },
				"west": { "uv": [ 6, 15, 11.5, 15.5 ], "texture": "#atlas" },
				"east": { "uv": [ 6, 15.5, 11.5, 16 ], "texture": "#atlas" }
			}
		},
		{
			"__comment": "Cube7",
			"from": [ 17.125, 6, 7.75 ],
			"to": [ 19.625, 7, 10.75 ],
			"rotation": { "origin": [ 19.625, 6, 10.75 ], "axis": "y", "angle": 45 },
			"faces": {
				"down": { "uv": [ 14, 8, 16, 10.5 ], "texture": "#atlas", "rotation": 180 },
				"up": { "uv": [ 14, 8, 16, 10.5 ], "texture": "#atlas", "rotation": 180 },
				"north": { "uv": [ 2.5, 8, 3.5, 8.5 ], "texture": "#atlas" },
				"south": { "uv": [ 6, 8, 7, 8.5 ], "texture": "#atlas" },
				"west": { "uv": [ 11.5, 15.5, 13, 16 ], "texture": "#atlas" },
				"east": { "uv": [ 3.5, 8, 5, 8.5 ], "texture": "#atlas" }
			}
		},
		{
			"__comment": "Cube7",
			"from": [ 4.5, 9, 10.5 ],
			"to": [ 7, 10, 13.5 ],
			"faces": {
				"down": { "uv": [ 14, 8, 16, 10.5 ], "texture": "#atlas", "rotation": 180 },
				"up": { "uv": [ 14, 8, 16, 10.5 ], "texture": "#atlas", "rotation": 180 },
				"north": { "uv": [ 11.5, 15, 12.5, 15.5 ], "texture": "#atlas" },
				"south": { "uv": [ 12.5, 15, 13.5, 15.5 ], "texture": "#atlas" },
				"west": { "uv": [ 3.5, 10, 5, 10.5 ], "texture": "#atlas" }
			}
		},
		{
			"__comment": "Cube7",
			"from": [ 2, 9, 10.75 ],
			"to": [ 4.5, 9.98, 13.5 ],
			"rotation": { "origin": [ 4.5, 9, 13.5 ], "axis": "y", "angle": -22.5 },
			"faces": {
				"down": { "uv": [ 14, 8, 16, 10.5 ], "texture": "#atlas", "rotation": 180 },
				"up": { "uv": [ 14, 8, 16, 10.5 ], "texture": "#atlas", "rotation": 180 },
				"north": { "uv": [ 14.5, 15, 15.5, 15.5 ], "texture": "#atlas" },
				"south": { "uv": [ 13.5, 15, 14.5, 15.5 ], "texture": "#atlas" },
				"west": { "uv": [ 13, 15.5, 14.5, 16 ], "texture": "#atlas" }
			}
		},
		{
			"__comment": "Cube10",
			"from": [ 9.45, 11, 6 ],
			"to": [ 10.45, 12, 6.5 ],
			"faces": {
				"north": { "uv": [ 10, 14, 10.5, 14.5 ], "texture": "#atlas" },
				"south": { "uv": [ 9.5, 8.5, 10, 9 ], "texture": "#atlas" },
				"west": { "uv": [ 5.5, 8, 6, 8.5 ], "texture": "#atlas" },
				"east": { "uv": [ 11, 14, 11.5, 14.5 ], "texture": "#atlas" }
			}
		},
		{
			"__comment": "Cube11",
			"from": [ 8.7, 14, 6 ],
			"to": [ 11.2, 14.5, 6.5 ],
			"faces": {
				"down": { "uv": [ 9.5, 14.5, 10.5, 15 ], "texture": "#atlas", "rotation": 180 },
				"up": { "uv": [ 10.5, 14.5, 11.5, 15 ], "texture": "#atlas", "rotation": 180 },
				"north": { "uv": [ 1.5, 8, 2.5, 8.5 ], "texture": "#atlas" },
				"south": { "uv": [ 11.5, 14.5, 12.5, 15 ], "texture": "#atlas" },
				"west": { "uv": [ 15.5, 15, 16, 15.5 ], "texture": "#atlas" },
				"east": { "uv": [ 15.5, 15.5, 16, 16 ], "texture": "#atlas" }
			}
		},
		{
			"__comment": "Cube12",
			"from": [ 8.7, 12.5, 6 ],
			"to": [ 9.2, 14, 6.5 ],
			"faces": {
				"north": { "uv": [ 9.5, 13, 10, 13.5 ], "texture": "#atlas" },
				"south": { "uv": [ 15.5, 14.5, 16, 15 ], "texture": "#atlas" },
				"west": { "uv": [ 9.5, 12, 10, 12.5 ], "texture": "#atlas" },
				"east": { "uv": [ 9.5, 12.5, 10, 13 ], "texture": "#atlas" }
			}
		},
		{
			"__comment": "Cube12",
			"from": [ 10.7, 12.5, 6 ],
			"to": [ 11.2, 14, 6.5 ],
			"faces": {
				"north": { "uv": [ 9.5, 11, 10, 11.5 ], "texture": "#atlas" },
				"south": { "uv": [ 9.5, 11.5, 10, 12 ], "texture": "#atlas" },
				"west": { "uv": [ 9.5, 9.5, 10, 10 ], "texture": "#atlas" },
				"east": { "uv": [ 9.5, 10, 10, 10.5 ], "texture": "#atlas" }
			}
		},
		{
			"__comment": "Cube11",
			"from": [ 8.7, 12, 6 ],
			"to": [ 11.2, 12.5, 6.5 ],
			"faces": {
				"down": { "uv": [ 12.5, 14.5, 13.5, 15 ], "texture": "#atlas", "rotation": 180 },
				"up": { "uv": [ 13.5, 14.5, 14.5, 15 ], "texture": "#atlas", "rotation": 180 },
				"north": { "uv": [ 14.5, 15.5, 15.5, 16 ], "texture": "#atlas" },
				"south": { "uv": [ 14.5, 14.5, 15.5, 15 ], "texture": "#atlas" },
				"west": { "uv": [ 12.5, 14, 13, 14.5 ], "texture": "#atlas" },
				"east": { "uv": [ 11.5, 14, 12, 14.5 ], "texture": "#atlas" }
			}
		},
		{
			"__comment": "Cube13",
			"from": [ 9.9, 12.5, 6.25 ],
			"to": [ 10, 13, 6.5 ],
			"faces": {
				"up": { "uv": [ 13, 14, 13.5, 14.5 ], "texture": "#atlas", "rotation": 180 },
				"north": { "uv": [ 14, 14, 14.5, 14.5 ], "texture": "#atlas" },
				"south": { "uv": [ 13.5, 14, 14, 14.5 ], "texture": "#atlas" },
				"west": { "uv": [ 4.5, 8.5, 5, 9 ], "texture": "#atlas" },
				"east": { "uv": [ 4.5, 11.5, 5, 12 ], "texture": "#atlas" }
			}
		},
		{
			"__comment": "Cube14",
			"from": [ 8, 5.5, 8 ],
			"to": [ 9, 8, 9 ],
			"faces": {
				"down": { "uv": [ 5, 8, 5.5, 8.5 ], "texture": "#atlas", "rotation": 180 },
				"north": { "uv": [ 4.5, 9, 5, 10 ], "texture": "#atlas" },
				"south": { "uv": [ 4.5, 12, 5, 13 ], "texture": "#atlas" },
				"west": { "uv": [ 9.5, 13.5, 10, 14.5 ], "texture": "#atlas" },
				"east": { "uv": [ 8, 8, 8.5, 9 ], "texture": "#atlas" }
			}
		},
		{
			"__comment": "Cube14",
			"from": [ 8, 5.5, 6 ],
			"to": [ 9, 8, 7 ],
			"faces": {
				"down": { "uv": [ 10.5, 14, 11, 14.5 ], "texture": "#atlas", "rotation": 180 },
				"north": { "uv": [ 9, 10, 9.5, 11 ], "texture": "#atlas" },
				"south": { "uv": [ 8.5, 8, 9, 9 ], "texture": "#atlas" },
				"west": { "uv": [ 9, 8, 9.5, 9 ], "texture": "#atlas" },
				"east": { "uv": [ 9, 9, 9.5, 10 ], "texture": "#atlas" }
			}
		},
		{
			"__comment": "Cube6",
			"from": [ 7.875, 8.875, -9.5 ],
			"to": [ 9.125, 10.125, -8.5 ],
			"faces": {
				"down": { "uv": [ 14.5, 14, 15, 14.5 ], "texture": "#atlas", "rotation": 180 },
				"up": { "uv": [ 15, 14, 15.5, 14.5 ], "texture": "#atlas", "rotation": 180 },
				"north": { "uv": [ 13.5, 11, 16, 13.5 ], "texture": "#atlas" },
				"south": { "uv": [ 15.5, 14, 16, 14.5 ], "texture": "#atlas" },
				"west": { "uv": [ 10.5, 13.5, 11, 14 ], "texture": "#atlas" },
				"east": { "uv": [ 10, 13.5, 10.5, 14 ], "texture": "#atlas" }
			}
		},
		{
			"__comment": "Cube6",
			"from": [ 7.75, 8.75, -10.5 ],
			"to": [ 9.25, 10.25, -9.5 ],
			"faces": {
				"down": { "uv": [ 14.5, 14, 15, 14.5 ], "texture": "#atlas", "rotation": 180 },
				"up": { "uv": [ 15, 14, 15.5, 14.5 ], "texture": "#atlas", "rotation": 180 },
				"north": { "uv": [ 13.5, 11, 16, 13.5 ], "texture": "#atlas" },
				"south": { "uv": [ 15.5, 14, 16, 14.5 ], "texture": "#atlas" },
				"west": { "uv": [ 10.5, 13.5, 11, 14 ], "texture": "#atlas" },
				"east": { "uv": [ 10, 13.5, 10.5, 14 ], "texture": "#atlas" }
			}
		},
		{
			"__comment": "Cube1",
			"from": [ 7, 5, 5.5 ],
			"to": [ 10, 8, 18.5 ],
			"faces": {
				"down": { "uv": [ 10, 4.5, 11.5, 11.5 ], "texture": "#atlas", "rotation": 180 },
				"up": { "uv": [ 10, 4.5, 11.5, 11.5 ], "texture": "#atlas", "rotation": 180 },
				"north": { "uv": [ 3, 11.5, 4.5, 13 ], "texture": "#atlas" },
				"south": { "uv": [ 1.5, 11.5, 3, 13 ], "texture": "#atlas" },
				"west": { "uv": [ 10, 4.5, 11.5, 11.5 ], "texture": "#atlas", "rotation": 180 },
				"east": { "uv": [ 11.5, 4.5, 13, 11.5 ], "texture": "#atlas", "rotation": 270 }
			}
		},
		{
			"__comment": "Cube2",
			"from": [ 8, 4.5, 2.5 ],
			"to": [ 10, 6.5, 5.5 ],
			"rotation": { "origin": [ 10, 6.5, 5.500001 ], "axis": "z", "angle": -45 },
			"faces": {
				"down": { "uv": [ 0, 9, 1.5, 12.5 ], "texture": "#atlas", "rotation": 180 },
				"up": { "uv": [ 0, 9, 1.5, 12.5 ], "texture": "#atlas", "rotation": 180 },
				"north": { "uv": [ 6, 9.5, 7, 10.5 ], "texture": "#atlas", "rotation": 90 },
				"west": { "uv": [ 0, 9, 1.5, 12.5 ], "texture": "#atlas", "rotation": 270 },
				"east": { "uv": [ 0, 9, 1.5, 12.5 ], "texture": "#atlas", "rotation": 270 }
			}
		},
		{
			"__comment": "Cube3",
			"from": [ 8, 6, -8.5 ],
			"to": [ 9, 7, 2.5 ],
			"faces": {
				"down": { "uv": [ 5, 10.5, 5.5, 16 ], "texture": "#atlas", "rotation": 180 },
				"up": { "uv": [ 5.5, 10.5, 6, 16 ], "texture": "#atlas", "rotation": 180 },
				"south": { "uv": [ 9.5, 9, 10, 9.5 ], "texture": "#atlas" },
				"west": { "uv": [ 6, 15, 11.5, 15.5 ], "texture": "#atlas" },
				"east": { "uv": [ 6, 15.5, 11.5, 16 ], "texture": "#atlas" }
			}
		},
		{
			"__comment": "Cube7",
			"from": [ -0.3, 6, 9.55 ],
			"to": [ 2.2, 7, 12.55 ],
			"rotation": { "origin": [ 2.200002, 6, 12.55 ], "axis": "y", "angle": -45 },
			"faces": {
				"down": { "uv": [ 14, 8, 16, 10.5 ], "texture": "#atlas", "rotation": 180 },
				"up": { "uv": [ 14, 8, 16, 10.5 ], "texture": "#atlas", "rotation": 180 },
				"north": { "uv": [ 2.5, 8, 3.5, 8.5 ], "texture": "#atlas" },
				"south": { "uv": [ 6, 8, 7, 8.5 ], "texture": "#atlas" },
				"west": { "uv": [ 11.5, 15.5, 13, 16 ], "texture": "#atlas" },
				"east": { "uv": [ 3.5, 8, 5, 8.5 ], "texture": "#atlas" }
			}
		},
		{
			"__comment": "Cube7",
			"from": [ 4.5, 6, 10.5 ],
			"to": [ 7, 7, 13.5 ],
			"faces": {
				"down": { "uv": [ 14, 8, 16, 10.5 ], "texture": "#atlas", "rotation": 180 },
				"up": { "uv": [ 14, 8, 16, 10.5 ], "texture": "#atlas", "rotation": 180 },
				"north": { "uv": [ 11.5, 15, 12.5, 15.5 ], "texture": "#atlas" },
				"south": { "uv": [ 12.5, 15, 13.5, 15.5 ], "texture": "#atlas" },
				"west": { "uv": [ 3.5, 10, 5, 10.5 ], "texture": "#atlas" }
			}
		},
		{
			"__comment": "Cube13",
			"from": [ 8.45, 4.5, -1.25 ],
			"to": [ 8.55, 5, -1 ],
			"faces": {
				"up": { "uv": [ 13, 14, 13.5, 14.5 ], "texture": "#atlas", "rotation": 180 },
				"north": { "uv": [ 14, 14, 14.5, 14.5 ], "texture": "#atlas" },
				"south": { "uv": [ 13.5, 14, 14, 14.5 ], "texture": "#atlas" },
				"west": { "uv": [ 4.5, 8.5, 5, 9 ], "texture": "#atlas" },
				"east": { "uv": [ 4.5, 11.5, 5, 12 ], "texture": "#atlas" }
			}
		},
		{
			"__comment": "Cube6",
			"from": [ 7.875, 5.875, -9.5 ],
			"to": [ 9.125, 7.125, -8.5 ],
			"faces": {
				"down": { "uv": [ 14.5, 14, 15, 14.5 ], "texture": "#atlas", "rotation": 180 },
				"up": { "uv": [ 15, 14, 15.5, 14.5 ], "texture": "#atlas", "rotation": 180 },
				"north": { "uv": [ 13.5, 11, 16, 13.5 ], "texture": "#atlas" },
				"south": { "uv": [ 15.5, 14, 16, 14.5 ], "texture": "#atlas" },
				"west": { "uv": [ 10.5, 13.5, 11, 14 ], "texture": "#atlas" },
				"east": { "uv": [ 10, 13.5, 10.5, 14 ], "texture": "#atlas" }
			}
		},
		{
			"__comment": "Cube6",
			"from": [ 7.75, 5.75, -10.5 ],
			"to": [ 9.25, 7.25, -9.5 ],
			"faces": {
				"down": { "uv": [ 14.5, 14, 15, 14.5 ], "texture": "#atlas", "rotation": 180 },
				"up": { "uv": [ 15, 14, 15.5, 14.5 ], "texture": "#atlas", "rotation": 180 },
				"north": { "uv": [ 13.5, 11, 16, 13.5 ], "texture": "#atlas" },
				"south": { "uv": [ 15.5, 14, 16, 14.5 ], "texture": "#atlas" },
				"west": { "uv": [ 10.5, 13.5, 11, 14 ], "texture": "#atlas" },
				"east": { "uv": [ 10, 13.5, 10.5, 14 ], "texture": "#atlas" }
			}
		},
		{
			"__comment": "Cube7",
			"from": [ 16.9159, 9, 6.1268 ],
			"to": [ 19.4159, 9.98, 8.876801 ],
			"rotation": { "origin": [ 27.75, 8, 14.625 ], "axis": "y", "angle": 22.5 },
			"faces": {
				"down": { "uv": [ 14, 8, 16, 10.5 ], "texture": "#atlas", "rotation": 180 },
				"up": { "uv": [ 14, 8, 16, 10.5 ], "texture": "#atlas", "rotation": 180 },
				"north": { "uv": [ 14.5, 15, 15.5, 15.5 ], "texture": "#atlas" },
				"south": { "uv": [ 13.5, 15, 14.5, 15.5 ], "texture": "#atlas" },
				"west": { "uv": [ 13, 15.5, 14.5, 16 ], "texture": "#atlas" }
			}
		},
		{
			"__comment": "Cube7",
			"from": [ 17.125, 9, 7.75 ],
			"to": [ 19.625, 10, 10.75 ],
			"rotation": { "origin": [ 19.625, 9, 10.75 ], "axis": "y", "angle": 45 },
			"faces": {
				"down": { "uv": [ 14, 8, 16, 10.5 ], "texture": "#atlas", "rotation": 180 },
				"up": { "uv": [ 14, 8, 16, 10.5 ], "texture": "#atlas", "rotation": 180 },
				"north": { "uv": [ 2.5, 8, 3.5, 8.5 ], "texture": "#atlas" },
				"south": { "uv": [ 6, 8, 7, 8.5 ], "texture": "#atlas" },
				"west": { "uv": [ 11.5, 15.5, 13, 16 ], "texture": "#atlas" },
				"east": { "uv": [ 3.5, 8, 5, 8.5 ], "texture": "#atlas" }
			}
		},
		{
			"__comment": "Box57",
			"from": [ -1.5, 4, 5.5 ],
			"to": [ 7, 12, 5.501 ],
			"rotation": { "origin": [ 7, 12, 5.5 ], "axis": "y", "angle": 22.5 },
			"faces": {
				"down": { "uv": [ 13, 5.5, 16, 6.5 ], "texture": "#atlas", "rotation": 180 },
				"up": { "uv": [ 13, 9.5, 16, 10.5 ], "texture": "#atlas", "rotation": 180 },
				"north": { "uv": [ 10, 13.5, 5, 8 ], "texture": "#atlas" },
				"south": { "uv": [ 10, 13.5, 5, 8 ], "texture": "#atlas" },
				"west": { "uv": [ 9.5, 4, 10.5, 12 ], "texture": "#atlas", "rotation": 180 },
				"east": { "uv": [ 5.5, 4, 6.5, 12 ], "texture": "#atlas", "rotation": 180 }
			}
		},
		{
			"__comment": "Box57",
			"from": [ 13, 4, 5.5 ],
			"to": [ 21.5, 12, 5.501 ],
			"rotation": { "origin": [ 13, 4, 5.5 ], "axis": "y", "angle": -22.5 },
			"faces": {
				"down": { "uv": [ 13, 9.5, 16, 10.5 ], "texture": "#atlas" },
				"up": { "uv": [ 13, 5.5, 16, 6.5 ], "texture": "#atlas" },
				"north": { "uv": [ 5, 8, 10, 13.5 ], "texture": "#atlas" },
				"south": { "uv": [ 5, 8, 10, 13.5 ], "texture": "#atlas" },
				"west": { "uv": [ 5.5, 4, 6.5, 12 ], "texture": "#atlas" },
				"east": { "uv": [ 9.5, 4, 10.5, 12 ], "texture": "#atlas" }
			}
		}
	],
	"display": {
		"head": {
			"scale":  [ 1.75, 1.75, 1.75 ],
			"translation":  [ 0, -3, 0 ]
		},
		"ground": {
			"translation":  [ 0, 12, 0 ],
			"scale":  [ 0.4, 0.4, 0.4 ]
		}
	}
}