{
	"__comment": "Designed by Robotnikman with Cubik Studio - https://cubik.studio",
	"textures": {
		"atlas": "robotnikman/guns/m1919a6"
	},
	"elements": [
		{
			"__comment": "Cube1",
			"from": [ 7.5, 8, 0.75 ],
			"to": [ 9.5, 10.5, 8.25 ],
			"faces": {
				"down": { "uv": [ 0, 12.5, 1, 16 ], "texture": "#atlas" },
				"up": { "uv": [ 0, 9, 1, 12.5 ], "texture": "#atlas" },
				"north": { "uv": [ 3.5, 13, 4.5, 14 ], "texture": "#atlas" },
				"south": { "uv": [ 3.5, 12, 4.5, 13 ], "texture": "#atlas" },
				"west": { "uv": [ 1, 15, 4.5, 16 ], "texture": "#atlas" },
				"east": { "uv": [ 1, 14, 4.5, 15 ], "texture": "#atlas" }
			}
		},
		{
			"__comment": "Cube2",
			"from": [ 8.25, 9.25, -10.625 ],
			"to": [ 8.75, 9.75, -9.875 ],
			"faces": {
				"down": { "uv": [ 7, 12.5, 7.5, 13 ], "texture": "#atlas" },
				"up": { "uv": [ 7, 11.5, 7.5, 12 ], "texture": "#atlas" },
				"west": { "uv": [ 4.5, 8, 5, 8.5 ], "texture": "#atlas" },
				"east": { "uv": [ 6, 10, 6.5, 10.5 ], "texture": "#atlas" }
			}
		},
		{
			"__comment": "Cube2",
			"from": [ 8, 9, -9.25 ],
			"to": [ 9, 10, 0.75 ],
			"faces": {
				"down": { "uv": [ 6, 7, 16, 8 ], "texture": "#atlas", "rotation": 270 },
				"up": { "uv": [ 6, 7, 16, 8 ], "texture": "#atlas", "rotation": 90 },
				"north": { "uv": [ 8, 13, 8.5, 13.5 ], "texture": "#atlas", "rotation": 270 },
				"west": { "uv": [ 6, 7, 16, 8 ], "texture": "#atlas" },
				"east": { "uv": [ 6, 7, 16, 8 ], "texture": "#atlas", "rotation": 180 }
			}
		},
		{
			"__comment": "Cube2",
			"from": [ 8, 9, -12.75 ],
			"to": [ 9, 10, -11.625 ],
			"faces": {
				"down": { "uv": [ 5, 8.5, 5.5, 9 ], "texture": "#atlas" },
				"up": { "uv": [ 5, 8, 5.5, 8.5 ], "texture": "#atlas" },
				"north": { "uv": [ 8.5, 8, 11, 10.5 ], "texture": "#atlas" },
				"south": { "uv": [ 6, 9.5, 6.5, 10 ], "texture": "#atlas" },
				"west": { "uv": [ 6.5, 9.5, 7, 10 ], "texture": "#atlas" },
				"east": { "uv": [ 7, 9.5, 7.5, 10 ], "texture": "#atlas" }
			}
		},
		{
			"__comment": "Cube2",
			"from": [ 8.125, 9.125, -9.875 ],
			"to": [ 8.875, 9.875, -9.25 ],
			"faces": {
				"down": { "uv": [ 5.5, 9, 6, 9.5 ], "texture": "#atlas" },
				"up": { "uv": [ 5.5, 8.5, 6, 9 ], "texture": "#atlas" },
				"north": { "uv": [ 5.5, 8, 6, 8.5 ], "texture": "#atlas" },
				"west": { "uv": [ 6, 9, 6.5, 9.5 ], "texture": "#atlas" },
				"east": { "uv": [ 6.5, 9, 7, 9.5 ], "texture": "#atlas" }
			}
		},
		{
			"__comment": "Cube2",
			"from": [ 8.125, 9.125, -11.625 ],
			"to": [ 8.875, 9.875, -10.625 ],
			"faces": {
				"down": { "uv": [ 8, 12.5, 8.5, 13 ], "texture": "#atlas" },
				"up": { "uv": [ 8, 14.5, 8.5, 15 ], "texture": "#atlas" },
				"south": { "uv": [ 8, 15, 8.5, 15.5 ], "texture": "#atlas" },
				"west": { "uv": [ 7.5, 8, 8, 8.5 ], "texture": "#atlas" },
				"east": { "uv": [ 7.5, 9, 8, 9.5 ], "texture": "#atlas" }
			}
		},
		{
			"__comment": "Cube8",
			"from": [ 7.875, 8.875, -6.25 ],
			"to": [ 9.125, 10.125, -5.25 ],
			"faces": {
				"down": { "uv": [ 7.5, 9.5, 8, 10 ], "texture": "#atlas" },
				"up": { "uv": [ 7.5, 11.5, 8, 12 ], "texture": "#atlas" },
				"north": { "uv": [ 6, 8.5, 6.5, 9 ], "texture": "#atlas" },
				"south": { "uv": [ 7, 9, 7.5, 9.5 ], "texture": "#atlas" },
				"west": { "uv": [ 8.5, 15, 9, 15.5 ], "texture": "#atlas" },
				"east": { "uv": [ 8, 8, 8.5, 8.5 ], "texture": "#atlas" }
			}
		},
		{
			"__comment": "Cube9",
			"from": [ 6.125, 4.75, -6 ],
			"to": [ 6.625, 9.5, -5.5 ],
			"rotation": { "origin": [ 6.125, 4.75, -6 ], "axis": "z", "angle": -22.5 },
			"faces": {
				"down": { "uv": [ 7.5, 13, 8, 13.5 ], "texture": "#atlas" },
				"north": { "uv": [ 6, 12.5, 6.5, 14.5 ], "texture": "#atlas" },
				"south": { "uv": [ 6.5, 12.5, 7, 14.5 ], "texture": "#atlas" },
				"west": { "uv": [ 2, 8, 2.5, 10 ], "texture": "#atlas" },
				"east": { "uv": [ 2.5, 8, 3, 10 ], "texture": "#atlas" }
			}
		},
		{
			"__comment": "Cube9",
			"from": [ 10.375, 4.75, -6 ],
			"to": [ 10.875, 9.5, -5.5 ],
			"rotation": { "origin": [ 10.875, 4.75, -6 ], "axis": "z", "angle": 22.5 },
			"faces": {
				"down": { "uv": [ 7.5, 14.5, 8, 15 ], "texture": "#atlas", "rotation": 270 },
				"north": { "uv": [ 3, 8, 3.5, 10 ], "texture": "#atlas" },
				"south": { "uv": [ 3.5, 8, 4, 10 ], "texture": "#atlas" },
				"west": { "uv": [ 4, 8, 4.5, 10 ], "texture": "#atlas" },
				"east": { "uv": [ 5.5, 12.5, 6, 14.5 ], "texture": "#atlas" }
			}
		},
		{
			"__comment": "Cube11",
			"from": [ 4.125, 7.875, 1.375 ],
			"to": [ 7.25, 9.875, 3.625 ],
			"faces": {
				"down": { "uv": [ 8.5, 12, 10.5, 13.5 ], "texture": "#atlas" },
				"up": { "uv": [ 8.5, 10.5, 10.5, 12 ], "texture": "#atlas" },
				"north": { "uv": [ 8.5, 10.5, 10.5, 12 ], "texture": "#atlas" },
				"south": { "uv": [ 8.5, 12, 10.5, 13.5 ], "texture": "#atlas" },
				"west": { "uv": [ 9, 12, 10.5, 13.5 ], "texture": "#atlas" },
				"east": { "uv": [ 9, 10.5, 10.5, 12 ], "texture": "#atlas" }
			}
		},
		{
			"__comment": "Cube12",
			"from": [ 6.25, 9.75, 1.625 ],
			"to": [ 7.5, 10.125, 3.375 ],
			"faces": {
				"down": { "uv": [ 13, 11, 15, 14 ], "texture": "#atlas", "rotation": 270 },
				"up": { "uv": [ 13, 11, 15, 14 ], "texture": "#atlas", "rotation": 270 },
				"north": { "uv": [ 13, 11, 13.5, 14 ], "texture": "#atlas", "rotation": 270 },
				"south": { "uv": [ 13, 11, 13.5, 14 ], "texture": "#atlas", "rotation": 270 },
				"west": { "uv": [ 13, 11, 15, 11.5 ], "texture": "#atlas" }
			}
		},
		{
			"__comment": "Cube13",
			"from": [ 8.625, 9.75, 0.25 ],
			"to": [ 8.875, 12.75, 0.75 ],
			"rotation": { "origin": [ 8.625, 9.75, 0.25 ], "axis": "z", "angle": -45 },
			"faces": {
				"up": { "uv": [ 8, 8.5, 8.5, 9 ], "texture": "#atlas" },
				"north": { "uv": [ 4.5, 10, 5, 11.5 ], "texture": "#atlas" },
				"south": { "uv": [ 7, 13, 7.5, 14.5 ], "texture": "#atlas" },
				"west": { "uv": [ 5.5, 10, 6, 11.5 ], "texture": "#atlas" },
				"east": { "uv": [ 5, 10, 5.5, 11.5 ], "texture": "#atlas" }
			}
		},
		{
			"__comment": "Cube13",
			"from": [ 10.375, 11.375, 0.75 ],
			"to": [ 10.875, 11.875, 2.375 ],
			"faces": {
				"down": { "uv": [ 13.5, 8, 16, 8.5 ], "texture": "#atlas", "rotation": 270 },
				"up": { "uv": [ 13.5, 8, 16, 8.5 ], "texture": "#atlas", "rotation": 270 },
				"north": { "uv": [ 15, 8, 15.5, 8.5 ], "texture": "#atlas" },
				"south": { "uv": [ 14, 8, 14.5, 8.5 ], "texture": "#atlas" },
				"west": { "uv": [ 13.5, 8, 16, 8.5 ], "texture": "#atlas" },
				"east": { "uv": [ 13.5, 8, 16, 8.5 ], "texture": "#atlas", "rotation": 180 }
			}
		},
		{
			"__comment": "Cube14",
			"from": [ 8, 10.5, 5.25 ],
			"to": [ 9, 11, 7.875 ],
			"faces": {
				"up": { "uv": [ 6.5, 10.5, 7, 11.5 ], "texture": "#atlas" },
				"north": { "uv": [ 7.5, 14, 8, 14.5 ], "texture": "#atlas" },
				"south": { "uv": [ 7.5, 13.5, 8, 14 ], "texture": "#atlas" },
				"west": { "uv": [ 3.5, 10, 4.5, 10.5 ], "texture": "#atlas" },
				"east": { "uv": [ 6, 11.5, 7, 12 ], "texture": "#atlas" }
			}
		},
		{
			"__comment": "Cube15",
			"from": [ 8.25, 11, 6.625 ],
			"to": [ 8.75, 11.25, 7.625 ],
			"faces": {
				"up": { "uv": [ 7.5, 12, 8, 12.5 ], "texture": "#atlas" },
				"north": { "uv": [ 9, 15, 9.5, 15.5 ], "texture": "#atlas" },
				"south": { "uv": [ 7.5, 11, 8, 11.5 ], "texture": "#atlas" },
				"west": { "uv": [ 7.5, 10.5, 8, 11 ], "texture": "#atlas" },
				"east": { "uv": [ 7.5, 10, 8, 10.5 ], "texture": "#atlas" }
			}
		},
		{
			"__comment": "Cube16",
			"from": [ 8.125, 9.25, 8.25 ],
			"to": [ 8.875, 10.125, 15.125 ],
			"faces": {
				"down": { "uv": [ 5, 11.5, 5.5, 14.5 ], "texture": "#atlas" },
				"up": { "uv": [ 4.5, 11.5, 5, 14.5 ], "texture": "#atlas" },
				"south": { "uv": [ 7.5, 8.5, 8, 9 ], "texture": "#atlas" },
				"west": { "uv": [ 4.5, 14.5, 7.5, 15 ], "texture": "#atlas" },
				"east": { "uv": [ 4.5, 15, 7.5, 15.5 ], "texture": "#atlas" }
			}
		},
		{
			"__comment": "Cube17",
			"from": [ 8.125, 8.25, 11.625 ],
			"to": [ 8.875, 9.25, 14.875 ],
			"faces": {
				"down": { "uv": [ 4.5, 8.5, 5, 10 ], "texture": "#atlas" },
				"north": { "uv": [ 8, 14, 8.5, 14.5 ], "texture": "#atlas" },
				"south": { "uv": [ 8, 13.5, 8.5, 14 ], "texture": "#atlas" },
				"west": { "uv": [ 6, 12, 7.5, 12.5 ], "texture": "#atlas" },
				"east": { "uv": [ 14.5, 15.5, 16, 16 ], "texture": "#atlas" }
			}
		},
		{
			"__comment": "Cube18",
			"from": [ 8.125, 7.25, 12.875 ],
			"to": [ 8.875, 8.25, 15.5 ],
			"faces": {
				"down": { "uv": [ 7, 10.5, 7.5, 11.5 ], "texture": "#atlas" },
				"up": { "uv": [ 5, 9, 5.5, 10 ], "texture": "#atlas" },
				"north": { "uv": [ 8, 11, 8.5, 11.5 ], "texture": "#atlas" },
				"south": { "uv": [ 8, 10.5, 8.5, 11 ], "texture": "#atlas" },
				"west": { "uv": [ 6.5, 10, 7.5, 10.5 ], "texture": "#atlas" },
				"east": { "uv": [ 3.5, 10.5, 4.5, 11 ], "texture": "#atlas" }
			}
		},
		{
			"__comment": "Cube19",
			"from": [ 8.25, 7.25, 9.5 ],
			"to": [ 8.75, 9.5, 10.25 ],
			"rotation": { "origin": [ 8.25, 7.25, 9.5 ], "axis": "x", "angle": -22.5 },
			"faces": {
				"down": { "uv": [ 8, 9, 8.5, 9.5 ], "texture": "#atlas" },
				"north": { "uv": [ 1, 8, 1.5, 9 ], "texture": "#atlas" },
				"south": { "uv": [ 1.5, 8, 2, 9 ], "texture": "#atlas" },
				"west": { "uv": [ 5.5, 11.5, 6, 12.5 ], "texture": "#atlas" },
				"east": { "uv": [ 6, 10.5, 6.5, 11.5 ], "texture": "#atlas" }
			}
		}
	],
	"display": {
		"head": {
			"scale":  [ 1.5, 1.5, 1.5 ],
			"translation":  [ 3, -17, 4 ]
		},
		"gui": {
			"rotation":  [ 30, 45, 0 ],
			"scale":  [ 0.6, 0.6, 0.6 ]
		}
	}
}