{
	"parent": "item/handheld",
	"textures": {
		"layer0": "item/stone_hoe"
	},
	"overrides": [
		{ "predicate": {"damaged": 0, "damage": 0}, "model": "item/weapons/stone_hoe"},
		{ "predicate": {"damaged": 0, "damage": 0.007633587786259542}, "model": "item/weapons/ak-47"},
		{ "predicate": {"damaged": 0, "damage": 0.015267175572519083}, "model": "item/weapons/ak-47_reload"},
		{ "predicate": {"damaged": 0, "damage": 0.022900763358778626}, "model": "item/weapons/ak-47_blue"},
		{ "predicate": {"damaged": 0, "damage": 0.030534351145038167}, "model": "item/weapons/ak-47_blue_reload"},
		{ "predicate": {"damaged": 0, "damage": 0.03816793893129771}, "model": "item/weapons/ak-47_pink"},
		{ "predicate": {"damaged": 0, "damage": 0.04580152671755725}, "model": "item/weapons/ak-47_pink_reload"},
		{ "predicate": {"damaged": 0, "damage": 0.05343511450381679}, "model": "item/weapons/ak-47_red"},
		{ "predicate": {"damaged": 0, "damage": 0.061068702290076333}, "model": "item/weapons/ak-47_red_reload"},
		{ "predicate": {"damaged": 0, "damage": 0.06870229007633588}, "model": "item/weapons/bazooka"},
		{ "predicate": {"damaged": 0, "damage": 0.07633587786259542}, "model": "item/weapons/bazooka_blue"},
		{ "predicate": {"damaged": 0, "damage": 0.08396946564885496}, "model": "item/weapons/bazooka_pink"},
		{ "predicate": {"damaged": 0, "damage": 0.0916030534351145}, "model": "item/weapons/bazooka_red"},
		{ "predicate": {"damaged": 0, "damage": 0.09923664122137404}, "model": "item/weapons/carbine"},
		{ "predicate": {"damaged": 0, "damage": 0.10687022900763359}, "model": "item/weapons/carbine_blue"},
		{ "predicate": {"damaged": 0, "damage": 0.11450381679389313}, "model": "item/weapons/carbine_pink"},
		{ "predicate": {"damaged": 0, "damage": 0.12213740458015267}, "model": "item/weapons/carbine_red"},
		{ "predicate": {"damaged": 0, "damage": 0.1297709923664122}, "model": "item/weapons/desert_eagle"},
		{ "predicate": {"damaged": 0, "damage": 0.13740458015267176}, "model": "item/weapons/desert_eagle_blue"},
		{ "predicate": {"damaged": 0, "damage": 0.1450381679389313}, "model": "item/weapons/desert_eagle_pink"},
		{ "predicate": {"damaged": 0, "damage": 0.15267175572519084}, "model": "item/weapons/desert_eagle_red"},
		{ "predicate": {"damaged": 0, "damage": 0.16030534351145037}, "model": "item/weapons/gauss"},
		{ "predicate": {"damaged": 0, "damage": 0.16793893129770993}, "model": "item/weapons/gauss_blue"},
		{ "predicate": {"damaged": 0, "damage": 0.17557251908396945}, "model": "item/weapons/gauss_pink"},
		{ "predicate": {"damaged": 0, "damage": 0.183206106870229}, "model": "item/weapons/gauss_red"},
		{ "predicate": {"damaged": 0, "damage": 0.19083969465648853}, "model": "item/weapons/olympia"},
		{ "predicate": {"damaged": 0, "damage": 0.1984732824427481}, "model": "item/weapons/olympia_blue"},
		{ "predicate": {"damaged": 0, "damage": 0.20610687022900762}, "model": "item/weapons/olympia_pink"},
		{ "predicate": {"damaged": 0, "damage": 0.21374045801526717}, "model": "item/weapons/olympia_red"},
		{ "predicate": {"damaged": 0, "damage": 0.2213740458015267}, "model": "item/weapons/python"},
		{ "predicate": {"damaged": 0, "damage": 0.22900763358778625}, "model": "item/weapons/python_blue"},
		{ "predicate": {"damaged": 0, "damage": 0.23664122137404578}, "model": "item/weapons/python_pink"},
		{ "predicate": {"damaged": 0, "damage": 0.24427480916030533}, "model": "item/weapons/python_red"},
		{ "predicate": {"damaged": 0, "damage": 0.25190839694656486}, "model": "item/weapons/type95"},
		{ "predicate": {"damaged": 0, "damage": 0.2595419847328244}, "model": "item/weapons/type95_blue"},
		{ "predicate": {"damaged": 0, "damage": 0.26717557251908397}, "model": "item/weapons/type95_pink"},
		{ "predicate": {"damaged": 0, "damage": 0.2748091603053435}, "model": "item/weapons/type95_red"},
		{ "predicate": {"damaged": 0, "damage": 0.282442748091603}, "model": "item/weapons/hunting"},
		{ "predicate": {"damaged": 0, "damage": 0.2900763358778626}, "model": "item/weapons/hunting_scope"},
		{ "predicate": {"damaged": 0, "damage": 0.29770992366412213}, "model": "item/weapons/hunting_blue"},
		{ "predicate": {"damaged": 0, "damage": 0.3053435114503817}, "model": "item/weapons/hunting_blue_scope"},
		{ "predicate": {"damaged": 0, "damage": 0.3129770992366412}, "model": "item/weapons/hunting_pink"},
		{ "predicate": {"damaged": 0, "damage": 0.32061068702290074}, "model": "item/weapons/hunting_pink_scope"},
		{ "predicate": {"damaged": 0, "damage": 0.3282442748091603}, "model": "item/weapons/hunting_red"},
		{ "predicate": {"damaged": 0, "damage": 0.33587786259541985}, "model": "item/weapons/hunting_red_scope"},
		{ "predicate": {"damaged": 0, "damage": 0.34351145038167935}, "model": "item/weapons/cocopops"},
		{ "predicate": {"damaged": 0, "damage": 0.3511450381679389}, "model": "item/weapons/cocopops_blue"},
		{ "predicate": {"damaged": 0, "damage": 0.35877862595419846}, "model": "item/weapons/cocopops_pink"},
		{ "predicate": {"damaged": 0, "damage": 0.366412213740458}, "model": "item/weapons/cocopops_red"},
		{ "predicate": {"damaged": 0, "damage": 0.37404580152671757}, "model": "item/weapons/flashbang"},
		{ "predicate": {"damaged": 0, "damage": 0.38167938931297707}, "model": "item/weapons/flashbang_blue"},
		{ "predicate": {"damaged": 0, "damage": 0.3893129770992366}, "model": "item/weapons/flashbang_pink"},
		{ "predicate": {"damaged": 0, "damage": 0.3969465648854962}, "model": "item/weapons/flashbang_red"},
		{ "predicate": {"damaged": 0, "damage": 0.40458015267175573}, "model": "item/weapons/grenade"},
		{ "predicate": {"damaged": 0, "damage": 0.41221374045801523}, "model": "item/weapons/grenade_blue"},
		{ "predicate": {"damaged": 0, "damage": 0.4198473282442748}, "model": "item/weapons/grenade_pink"},
		{ "predicate": {"damaged": 0, "damage": 0.42748091603053434}, "model": "item/weapons/grenade_red"},
		{ "predicate": {"damaged": 0, "damage": 0.4351145038167939}, "model": "item/weapons/putty"},
		{ "predicate": {"damaged": 0, "damage": 0.4427480916030534}, "model": "item/weapons/putty_blue"},
		{ "predicate": {"damaged": 0, "damage": 0.45038167938931295}, "model": "item/weapons/putty_pink"},
		{ "predicate": {"damaged": 0, "damage": 0.4580152671755725}, "model": "item/weapons/putty_red"},
		{ "predicate": {"damaged": 0, "damage": 0.46564885496183206}, "model": "item/weapons/tactical_knife"},
		{ "predicate": {"damaged": 0, "damage": 0.47328244274809156}, "model": "item/weapons/tactical_knife_blue"},
		{ "predicate": {"damaged": 0, "damage": 0.4809160305343511}, "model": "item/weapons/tactical_knife_pink"},
		{ "predicate": {"damaged": 0, "damage": 0.48854961832061067}, "model": "item/weapons/tactical_knife_red"},
		{ "predicate": {"damaged": 0, "damage": 0.4961832061068702}, "model": "item/weapons/green_x"},
		{ "predicate": {"damaged": 0, "damage": 0.5038167938931297}, "model": "item/weapons/red_x"},
		{ "predicate": {"damaged": 0, "damage": 0.5114503816793893}, "model": "item/weapons/monkey_bomb"},
		{ "predicate": {"damaged": 0, "damage": 0.5190839694656488}, "model": "item/weapons/monkey_bomb_blue"},
		{ "predicate": {"damaged": 0, "damage": 0.5267175572519084}, "model": "item/weapons/monkey_bomb_pink"},
		{ "predicate": {"damaged": 0, "damage": 0.5343511450381679}, "model": "item/weapons/monkey_bomb_red"},
		{ "predicate": {"damaged": 0, "damage": 0.5419847328244275}, "model": "item/weapons/recoiless"},
		{ "predicate": {"damaged": 0, "damage": 0.549618320610687}, "model": "item/weapons/big_drill"},
		{ "predicate": {"damaged": 0, "damage": 0.5572519083969465}, "model": "item/weapons/tow"},
		{ "predicate": {"damaged": 0, "damage": 0.564885496183206}, "model": "item/weapons/fliegerfaust"},
		{ "predicate": {"damaged": 0, "damage": 0.5725190839694656}, "model": "item/weapons/m32"},
		{ "predicate": {"damaged": 0, "damage": 0.5801526717557252}, "model": "item/weapons/rivet_gun"},
		{ "predicate": {"damaged": 0, "damage": 0.5877862595419847}, "model": "item/weapons/exorcist"},
		{ "predicate": {"damaged": 0, "damage": 0.5954198473282443}, "model": "item/weapons/autocannon"},
		{ "predicate": {"damaged": 0, "damage": 0.6030534351145038}, "model": "item/weapons/m1919a6"},
		{ "predicate": {"damaged": 0, "damage": 0.6106870229007634}, "model": "item/weapons/mp5"},
		{ "predicate": {"damaged": 0, "damage": 0.6183206106870229}, "model": "item/weapons/launcher"},
		{ "predicate": {"damaged": 0, "damage": 0.6259541984732824}, "model": "item/weapons/thompson"},
		{ "predicate": {"damaged": 0, "damage": 0.6335877862595419}, "model": "item/weapons/m202_flash"},
		{ "predicate": {"damaged": 0, "damage": 0.6412213740458015}, "model": "item/weapons/m2_flamethrower"},
		{ "predicate": {"damaged": 0, "damage": 0.648854961832061}, "model": "item/weapons/minigun"},
		{ "predicate": {"damaged": 0, "damage": 0.6564885496183206}, "model": "item/weapons/kiloton"},
		{ "predicate": {"damaged": 0, "damage": 0.6641221374045801}, "model": "item/weapons/ptrs"},
		{ "predicate": {"damaged": 0, "damage": 0.6717557251908397}, "model": "item/items/robotnik_mustache"},
		{ "predicate": {"damaged": 0, "damage": 0.6793893129770993}, "model": "item/items/robotnik_mustache"},
		{ "predicate": {"damaged": 0, "damage": 0.6870229007633587}, "model": "item/emplacements/flak_cannon"},
		{ "predicate": {"damaged": 0, "damage": 0.6946564885496183}, "model": "item/emplacements/flak_cannon_base"},
		{ "predicate": {"damaged": 0, "damage": 0.7022900763358778}, "model": "item/weapons/m4"},
		{ "predicate": {"damaged": 0, "damage": 0.7099236641221374}, "model": "item/weapons/avre"},
		{ "predicate": {"damaged": 0, "damage": 0.7175572519083969}, "model": "item/weapons/mp40"},
		{ "predicate": {"damaged": 0, "damage": 0.7251908396946565}, "model": "item/vehicles/scout_car"},
		{ "predicate": {"damaged": 0, "damage": 0.732824427480916}, "model": "item/weapons/m1919a6_vehicle"},
		{ "predicate": {"damaged": 0, "damage": 0.7404580152671756}, "model": "item/mobs/exterminatus_infernus_head"},
		{ "predicate": {"damaged": 0, "damage": 0.7424242424242424}, "model": "item/items/plasmacharge"},
		{ "predicate": {"damaged": 0, "damage": 0.7575757575757576}, "model": "item/weapons/sentry_cannon"},
		{ "predicate": {"damaged": 0, "damage": 0.7651515151515151}, "model": "item/weapons/sentry_cannon_small"},
		{ "predicate": {"damaged": 0, "damage": 0.7727272727272727}, "model": "item/weapons/sentry_howitzer"},
		{ "predicate": {"damaged": 0, "damage": 0.7803030303030303}, "model": "item/items/eggman_egg"},
		{ "predicate": {"damaged": 0, "damage": 0.7878787878787878}, "model": "item/items/angry_eggman_egg"},
		{ "predicate": {"damaged": 0, "damage": 0.7954545454545455}, "model": "item/weapons/heavy_flak_cannon"},
		{ "predicate": {"damaged": 0, "damage": 0.8030303030303031}, "model": "item/weapons/flakvierling"},
		{ "predicate": {"damaged": 0, "damage": 0.8106060606060607}, "model": "item/fx/lava_sphere"},
		{ "predicate": {"damaged": 0, "damage": 0.8181818181818182}, "model": "item/weapons/exterminatus_infernus_gauntlet"},
		{ "predicate": {"damaged": 0, "damage": 0.8257575757575758}, "model": "item/weapons/sentry_howitzer_small"},
		{ "predicate": {"damaged": 0, "damage": 0.8333333333333334}, "model": "item/items/wilowisp_defense"},
		{ "predicate": {"damaged": 0, "damage": 0.8409090909090909}, "model": "item/items/wilowisp_generator"},
		{ "predicate": {"damaged": 0, "damage": 0.8484848484848485}, "model": "item/block/question_block"},
		{ "predicate": {"damaged": 0, "damage": 0.8560606060606061}, "model": "item/stone_hoe112"},
		{ "predicate": {"damaged": 0, "damage": 0.8636363636363636}, "model": "item/stone_hoe113"},
		{ "predicate": {"damaged": 0, "damage": 0.8712121212121212}, "model": "item/stone_hoe114"},
		{ "predicate": {"damaged": 0, "damage": 0.8787878787878788}, "model": "item/stone_hoe115"},
		{ "predicate": {"damaged": 0, "damage": 0.8863636363636364}, "model": "item/stone_hoe116"},
		{ "predicate": {"damaged": 0, "damage": 0.8939393939393939}, "model": "item/stone_hoe117"},
		{ "predicate": {"damaged": 0, "damage": 0.9015151515151515}, "model": "item/stone_hoe118"},
		{ "predicate": {"damaged": 0, "damage": 0.9090909090909092}, "model": "item/stone_hoe119"},
		{ "predicate": {"damaged": 0, "damage": 0.9166666666666667}, "model": "item/stone_hoe120"},
		{ "predicate": {"damaged": 0, "damage": 0.9242424242424243}, "model": "item/stone_hoe121"},
		{ "predicate": {"damaged": 0, "damage": 0.9318181818181819}, "model": "item/stone_hoe122"},
		{ "predicate": {"damaged": 0, "damage": 0.9393939393939394}, "model": "item/stone_hoe123"},
		{ "predicate": {"damaged": 0, "damage": 0.946969696969697}, "model": "item/stone_hoe124"},
		{ "predicate": {"damaged": 0, "damage": 0.9545454545454546}, "model": "item/stone_hoe125"},
		{ "predicate": {"damaged": 0, "damage": 0.9621212121212122}, "model": "item/stone_hoe126"},
		{ "predicate": {"damaged": 0, "damage": 0.9696969696969697}, "model": "item/stone_hoe127"},
		{ "predicate": {"damaged": 0, "damage": 0.9772727272727273}, "model": "item/stone_hoe128"},
		{ "predicate": {"damaged": 0, "damage": 0.9848484848484849}, "model": "item/stone_hoe129"},
		{ "predicate": {"damaged": 0, "damage": 0.9924242424242424}, "model": "item/stone_hoe130"},
		{ "predicate": {"damaged": 1, "damage": 0}, "model": "item/weapons/stoned_hoe"}
	]
}