{"__comment":"Crafted by NullBlox - Do Not Distribute or Modify with outPermission.","textures":{"particle":"item/nubx/nulls_dark_red","texture":"item/nubx/nulls_black"},"elements":[{"__comment":"L_Black","from":[-6,11,6.75],"to":[15,11.5,7.25],"faces":{"down":{"uv":[16,7.25,1,6.75],"texture":"#particle","cullface":"west"},"up":{"uv":[0,6.75,15,7.25],"texture":"#particle","cullface":"west"},"north":{"uv":[1,4.5,16,5],"texture":"#particle","cullface":"west"},"south":{"uv":[0,4.5,15,5],"texture":"#particle","cullface":"west"},"east":{"uv":[8.75,4.5,9.25,5],"texture":"#particle","cullface":"west"}}},{"__comment":"D_Black","from":[0,10.5,6.25],"to":[6.5,12,7.75],"faces":{"down":{"uv":[16,7.75,9.5,6.25],"texture":"#texture"},"up":{"uv":[0,6.25,6.5,7.75],"texture":"#texture"},"north":{"uv":[9.5,4,16,5.5],"texture":"#texture"},"south":{"uv":[0,4,6.5,5.5],"texture":"#texture"}}},{"__comment":"D_Black*","from":[6.5,10.25,6],"to":[7.5,12.25,8],"faces":{"down":{"uv":[9.5,8,8.5,6],"texture":"#texture"},"up":{"uv":[6.5,6,7.5,8],"texture":"#texture"},"north":{"uv":[8.5,3.75,9.5,5.75],"texture":"#texture"},"south":{"uv":[6.5,3.75,7.5,5.75],"texture":"#texture"},"west":{"uv":[6,3.75,8,5.75],"texture":"#texture"},"east":{"uv":[8,3.75,10,5.75],"texture":"#texture"}}},{"__comment":"D_Black*","from":[15,11,7],"to":[22,12,8],"rotation":{"origin":[15,12,7],"axis":"x","angle":45 },"faces":{"down":{"uv":[1,7.5,0,6.5],"texture":"#texture","cullface":"east"},"up":{"uv":[15,6.5,16,7.5],"texture":"#texture","cullface":"east"},"north":{"uv":[0,1.75,1,2.75],"texture":"#texture","cullface":"east"},"south":{"uv":[15,1.75,16,2.75],"texture":"#texture","cullface":"east"},"west":{"uv":[6.5,1.75,7.5,2.75],"texture":"#texture","cullface":"east"},"east":{"uv":[8.5,1.75,9.5,2.75],"texture":"#texture","cullface":"east"}}},{"__comment":"D_Black*","from":[19.75,9.75,6.75],"to":[21.75,10.75,7.25],"rotation":{"origin":[19.75,10.75,6.75],"axis":"z","angle":-45 },"faces":{"down":{"uv":[0,7.25,0,6.75],"texture":"#texture","cullface":"east"},"up":{"uv":[16,6.75,16,7.25],"texture":"#texture","cullface":"east"},"north":{"uv":[0,5,0,7.5],"texture":"#texture","cullface":"east"},"south":{"uv":[16,5,16,7.5],"texture":"#texture","cullface":"east"},"west":{"uv":[6.75,5,7.25,7.5],"texture":"#texture","cullface":"east"},"east":{"uv":[8.75,5,9.25,7.5],"texture":"#texture","cullface":"east"}}},{"__comment":"D_Black*","from":[20.5,8,6.75],"to":[22,10,7.25],"faces":{"down":{"uv":[0,7.25,0,6.75],"texture":"#texture","cullface":"east"},"north":{"uv":[0,6,0,8],"texture":"#texture","cullface":"east"},"south":{"uv":[16,6,16,8],"texture":"#texture","cullface":"east"},"west":{"uv":[6.75,6,7.25,8],"texture":"#texture","cullface":"east"},"east":{"uv":[8.75,6,9.25,8],"texture":"#texture","cullface":"east"}}},{"__comment":"L_Black*","from":[-0.5,10.25,6],"to":[0,12.25,8],"faces":{"down":{"uv":[16,8,16,6],"texture":"#particle","cullface":"west"},"up":{"uv":[0,6,0,8],"texture":"#particle","cullface":"west"},"north":{"uv":[16,3.75,16,5.75],"texture":"#particle","cullface":"west"},"south":{"uv":[0,3.75,0,5.75],"texture":"#particle","cullface":"west"},"west":{"uv":[6,3.75,8,5.75],"texture":"#particle","cullface":"west"},"east":{"uv":[8,3.75,10,5.75],"texture":"#particle","cullface":"west"}}},{"__comment":"D_Black*","from":[-2,9,6.4375],"to":[6,10,7.4375],"faces":{"down":{"uv":[16,7.4375,10,6.4375],"texture":"#texture","cullface":"west"},"up":{"uv":[0,6.4375,6,7.4375],"texture":"#texture","cullface":"west"},"north":{"uv":[10,6,16,7],"texture":"#texture","cullface":"west"},"south":{"uv":[0,6,6,7],"texture":"#texture","cullface":"west"},"west":{"uv":[6.4375,6,7.4375,7],"texture":"#texture","cullface":"west"},"east":{"uv":[8.5625,6,9.5625,7],"texture":"#texture","cullface":"west"}}},{"__comment":"D_Black*","from":[3.5,7,6.1875],"to":[6,9,7.8125],"faces":{"down":{"uv":[12.5,7.8125,10,6.1875],"texture":"#texture"},"up":{"uv":[3.5,6.1875,6,7.8125],"texture":"#texture"},"north":{"uv":[10,7,12.5,9],"texture":"#texture"},"south":{"uv":[3.5,7,6,9],"texture":"#texture"},"west":{"uv":[6.1875,7,7.8125,9],"texture":"#texture"},"east":{"uv":[8.1875,7,9.8125,9],"texture":"#texture"}}},{"__comment":"L_Black*","from":[-2,7.6875,7],"to":[3.5,8.6875,8],"rotation":{"origin":[-2,8.6875,7],"axis":"x","angle":45 },"faces":{"down":{"uv":[16,7.75,15,6.75],"texture":"#particle","cullface":"west"},"up":{"uv":[0,6.75,1,7.75],"texture":"#particle","cullface":"west"},"north":{"uv":[15,7.5,16,8.5],"texture":"#particle","cullface":"west"},"south":{"uv":[0,7.5,1,8.5],"texture":"#particle","cullface":"west"},"west":{"uv":[6.75,7.5,7.75,8.5],"texture":"#particle","cullface":"west"},"east":{"uv":[8.25,7.5,9.25,8.5],"texture":"#particle","cullface":"west"}}},{"__comment":"D_Black*","from":[2.5,7.5,7],"to":[3,9,8.5],"rotation":{"origin":[2.5,9,7],"axis":"x","angle":45 },"faces":{"down":{"uv":[16,15.5,16,14],"texture":"#texture"},"up":{"uv":[0,14,0,15.5],"texture":"#texture"},"north":{"uv":[16,7,16,8.5],"texture":"#texture"},"south":{"uv":[0,7,0,8.5],"texture":"#texture"},"west":{"uv":[14,7,15.5,8.5],"texture":"#texture"},"east":{"uv":[0.5,7,2,8.5],"texture":"#texture"}}},{"__comment":"L_Black*","from":[0.5,10.25,6],"to":[1,12.25,8],"faces":{"down":{"uv":[15.5,8,15,6],"texture":"#particle"},"up":{"uv":[0.5,6,1,8],"texture":"#particle"},"north":{"uv":[15,3.75,15.5,5.75],"texture":"#particle"},"south":{"uv":[0.5,3.75,1,5.75],"texture":"#particle"},"west":{"uv":[6,3.75,8,5.75],"texture":"#particle"},"east":{"uv":[8,3.75,10,5.75],"texture":"#particle"}}},{"__comment":"L_Black*","from":[1.5,10.25,6.0625],"to":[2,12.25,8.0625],"faces":{"down":{"uv":[14.5,8.0625,14,6.0625],"texture":"#particle"},"up":{"uv":[1.5,6.0625,2,8.0625],"texture":"#particle"},"north":{"uv":[14,3.75,14.5,5.75],"texture":"#particle"},"south":{"uv":[1.5,3.75,2,5.75],"texture":"#particle"},"west":{"uv":[6.0625,3.75,8.0625,5.75],"texture":"#particle"},"east":{"uv":[7.9375,3.75,9.9375,5.75],"texture":"#particle"}}},{"__comment":"L_Black*","from":[2.5,10.1875,6.0625],"to":[3,12.1875,8.0625],"faces":{"down":{"uv":[13.5,8.0625,13,6.0625],"texture":"#particle"},"up":{"uv":[2.5,6.0625,3,8.0625],"texture":"#particle"},"north":{"uv":[13,3.8125,13.5,5.8125],"texture":"#particle"},"south":{"uv":[2.5,3.8125,3,5.8125],"texture":"#particle"},"west":{"uv":[6.0625,3.8125,8.0625,5.8125],"texture":"#particle"},"east":{"uv":[7.9375,3.8125,9.9375,5.8125],"texture":"#particle"}}},{"__comment":"L_Black*","from":[3.5,10.25,6],"to":[4,12.25,8],"faces":{"down":{"uv":[12.5,8,12,6],"texture":"#particle"},"up":{"uv":[3.5,6,4,8],"texture":"#particle"},"north":{"uv":[12,3.75,12.5,5.75],"texture":"#particle"},"south":{"uv":[3.5,3.75,4,5.75],"texture":"#particle"},"west":{"uv":[6,3.75,8,5.75],"texture":"#particle"},"east":{"uv":[8,3.75,10,5.75],"texture":"#particle"}}},{"__comment":"L_Black*","from":[4.5,10.25,6],"to":[5,12.25,8],"faces":{"down":{"uv":[11.5,8,11,6],"texture":"#particle"},"up":{"uv":[4.5,6,5,8],"texture":"#particle"},"north":{"uv":[11,3.75,11.5,5.75],"texture":"#particle"},"south":{"uv":[4.5,3.75,5,5.75],"texture":"#particle"},"west":{"uv":[6,3.75,8,5.75],"texture":"#particle"},"east":{"uv":[8,3.75,10,5.75],"texture":"#particle"}}},{"__comment":"L_Black*","from":[5.5,10.25,6],"to":[6,12.25,8],"faces":{"down":{"uv":[10.5,8,10,6],"texture":"#particle"},"up":{"uv":[5.5,6,6,8],"texture":"#particle"},"north":{"uv":[10,3.75,10.5,5.75],"texture":"#particle"},"south":{"uv":[5.5,3.75,6,5.75],"texture":"#particle"},"west":{"uv":[6,3.75,8,5.75],"texture":"#particle"},"east":{"uv":[8,3.75,10,5.75],"texture":"#particle"}}},{"__comment":"D_Black*","from":[4,10,6.3125],"to":[5.5,11,7.9375],"faces":{"down":{"uv":[12,7.9375,10.5,6.3125],"texture":"#texture"},"up":{"uv":[4,6.3125,5.5,7.9375],"texture":"#texture"},"north":{"uv":[10.5,5,12,6],"texture":"#texture"},"south":{"uv":[4,5,5.5,6],"texture":"#texture"},"west":{"uv":[6.3125,5,7.9375,6],"texture":"#texture"},"east":{"uv":[8.0625,5,9.6875,6],"texture":"#texture"}}},{"__comment":"D_Black*","from":[7.5,10.8125,7.0625],"to":[14,12.3125,8.5625],"rotation":{"origin":[7.5,12.3125,7.0625],"axis":"x","angle":45 },"faces":{"down":{"uv":[8.5,7.5,7.5,6],"texture":"#texture"},"up":{"uv":[7.5,6,8.5,7.5],"texture":"#texture"},"north":{"uv":[7.5,0,8.5,1],"texture":"#texture"},"south":{"uv":[7.5,0,8.5,1],"texture":"#texture"},"west":{"uv":[6,0,7.5,1],"texture":"#texture"},"east":{"uv":[8.5,0,10,1],"texture":"#texture"}}},{"__comment":"D_Black*","from":[9.25,8,6.5],"to":[11.75,11.5,7.5],"rotation":{"origin":[9.25,11.5,6.5],"axis":"z","angle":-22.5 },"faces":{"down":{"uv":[8.5,8,6,6],"texture":"#texture"},"up":{"uv":[7.5,6,10,8],"texture":"#texture"},"north":{"uv":[6,5.5,8.5,9],"texture":"#texture"},"south":{"uv":[7.5,5.5,10,9],"texture":"#texture"},"west":{"uv":[6,5.5,8,9],"texture":"#texture"},"east":{"uv":[8,5.5,10,9],"texture":"#texture"}}},{"__comment":"D_Black*","from":[7,9.5,6],"to":[13.5,11,8],"faces":{"down":{"uv":[8.5,8,6,6],"texture":"#texture"},"up":{"uv":[7.5,6,10,8],"texture":"#texture"},"north":{"uv":[6,5.5,8.5,9],"texture":"#texture"},"south":{"uv":[7.5,5.5,10,9],"texture":"#texture"},"west":{"uv":[6,5.5,8,9],"texture":"#texture"},"east":{"uv":[8,5.5,10,9],"texture":"#texture"}}},{"__comment":"D_Black*","from":[11.0625,4.5625,6.5],"to":[12.5625,9.5625,7.5],"rotation":{"origin":[11.0625,9.5625,6.5],"axis":"z","angle":45 },"faces":{"down":{"uv":[8.5,8,6,6],"texture":"#texture"},"up":{"uv":[7.5,6,10,8],"texture":"#texture"},"north":{"uv":[6,5.5,8.5,9],"texture":"#texture"},"south":{"uv":[7.5,5.5,10,9],"texture":"#texture"},"west":{"uv":[6,5.5,8,9],"texture":"#texture"},"east":{"uv":[8,5.5,10,9],"texture":"#texture"}}},{"__comment":"L_Black*","from":[9.5,8,6.75],"to":[13,8.5,7.25],"faces":{"down":{"uv":[6.5,7.25,3,6.75],"texture":"#particle"},"up":{"uv":[9.5,6.75,13,7.25],"texture":"#particle"},"north":{"uv":[3,7.5,6.5,8],"texture":"#particle"},"south":{"uv":[9.5,7.5,13,8],"texture":"#particle"},"west":{"uv":[6.75,7.5,7.25,8],"texture":"#particle"},"east":{"uv":[8.75,7.5,9.25,8],"texture":"#particle"}}},{"__comment":"L_Black*","from":[11.5,8.75,6.75],"to":[12,10.25,7.25],"rotation":{"origin":[11.5,10.25,6.75],"axis":"z","angle":-22.5 },"faces":{"down":{"uv":[6.5,7.25,6,6.75],"texture":"#particle"},"up":{"uv":[9.5,6.75,10,7.25],"texture":"#particle"},"north":{"uv":[6,8.5,6.5,10],"texture":"#particle"},"south":{"uv":[9.5,8.5,10,10],"texture":"#particle"},"west":{"uv":[6.75,8.5,7.25,10],"texture":"#particle"},"east":{"uv":[8.75,8.5,9.25,10],"texture":"#particle"}}},{"__comment":"L_Black*","from":[6,8.5,6.75],"to":[7,9,7.25],"faces":{"down":{"uv":[10,7.25,9,6.75],"texture":"#particle"},"up":{"uv":[6,6.75,7,7.25],"texture":"#particle"},"north":{"uv":[9,7,10,7.5],"texture":"#particle"},"south":{"uv":[6,7,7,7.5],"texture":"#particle"}}},{"__comment":"L_Black*","from":[7,7,6.75],"to":[7.3125,9,7.25],"faces":{"down":{"uv":[9,7.25,8.6875,6.75],"texture":"#particle"},"up":{"uv":[7,6.75,7.3125,7.25],"texture":"#particle"},"north":{"uv":[8.6875,7,9,9],"texture":"#particle"},"south":{"uv":[7,7,7.3125,9],"texture":"#particle"},"west":{"uv":[6.75,7,7.25,9],"texture":"#particle"},"east":{"uv":[8.75,7,9.25,9],"texture":"#particle"}}},{"__comment":"L_Black*","from":[6,7,6.75],"to":[7,7.5,7.25],"faces":{"down":{"uv":[10,7.25,9,6.75],"texture":"#particle"},"up":{"uv":[6,6.75,7,7.25],"texture":"#particle"},"north":{"uv":[9,8.5,10,9],"texture":"#particle"},"south":{"uv":[6,8.5,7,9],"texture":"#particle"}}},{"__comment":"L_Black*","from":[6.625,7.75,6.875],"to":[7.125,8.75,7.0625],"rotation":{"origin":[6.625,8.75,6.875],"axis":"z","angle":-22.5 },"faces":{"down":{"uv":[1,7.0625,0.5,6.875],"texture":"#particle"},"up":{"uv":[15,6.875,15.5,7.0625],"texture":"#particle"},"north":{"uv":[0.5,10,1,11],"texture":"#particle"},"south":{"uv":[15,10,15.5,11],"texture":"#particle"},"west":{"uv":[6.875,10,7.0625,11],"texture":"#particle"},"east":{"uv":[8.9375,10,9.125,11],"texture":"#particle"}}},{"__comment":"D_Black*","from":[8,12.125,6.5],"to":[12.5,12.625,7.5],"faces":{"down":{"uv":[8.5,8,6,6],"texture":"#texture"},"up":{"uv":[7.5,6,10,8],"texture":"#texture"},"north":{"uv":[6,5.5,8.5,9],"texture":"#texture"},"south":{"uv":[7.5,5.5,10,9],"texture":"#texture"},"west":{"uv":[6,5.5,8,9],"texture":"#texture"},"east":{"uv":[8,5.5,10,9],"texture":"#texture"}}},{"__comment":"D_Black*","from":[0.5,7.5,7],"to":[1,9,8.5],"rotation":{"origin":[0.5,9,7],"axis":"x","angle":45 },"faces":{"down":{"uv":[16,15.5,16,14],"texture":"#texture"},"up":{"uv":[0,14,0,15.5],"texture":"#texture"},"north":{"uv":[16,7,16,8.5],"texture":"#texture"},"south":{"uv":[0,7,0,8.5],"texture":"#texture"},"west":{"uv":[14,7,15.5,8.5],"texture":"#texture"},"east":{"uv":[0.5,7,2,8.5],"texture":"#texture"}}},{"__comment":"D_Black*","from":[1.5,7.5,7],"to":[2,9,8.5],"rotation":{"origin":[1.5,9,7],"axis":"x","angle":45 },"faces":{"down":{"uv":[16,15.5,16,14],"texture":"#texture"},"up":{"uv":[0,14,0,15.5],"texture":"#texture"},"north":{"uv":[16,7,16,8.5],"texture":"#texture"},"south":{"uv":[0,7,0,8.5],"texture":"#texture"},"west":{"uv":[14,7,15.5,8.5],"texture":"#texture"},"east":{"uv":[0.5,7,2,8.5],"texture":"#texture"}}},{"__comment":"L_Black*","from":[8.25,4.5,6.625],"to":[10.25,8.5,7.4375],"rotation":{"origin":[8.25,8.5,6.625],"axis":"z","angle":-22.5 },"faces":{"down":{"uv":[8,7.4375,6,6.625],"texture":"#particle"},"up":{"uv":[8,6.625,10,7.4375],"texture":"#particle"},"north":{"uv":[6,7.5,8,11.5],"texture":"#particle"},"south":{"uv":[8,7.5,10,11.5],"texture":"#particle"},"west":{"uv":[6.625,7.5,7.4375,11.5],"texture":"#particle"},"east":{"uv":[8.5625,7.5,9.375,11.5],"texture":"#particle"}}},{"__comment":"D_Black*","from":[16.5,10,6.5],"to":[22,11,7.5],"faces":{"down":{"uv":[8.5,8,6,6],"texture":"#texture","cullface":"east"},"up":{"uv":[7.5,6,10,8],"texture":"#texture","cullface":"east"},"north":{"uv":[6,5.5,8.5,9],"texture":"#texture","cullface":"east"},"south":{"uv":[7.5,5.5,10,9],"texture":"#texture","cullface":"east"},"west":{"uv":[6,5.5,8,9],"texture":"#texture","cullface":"east"},"east":{"uv":[8,5.5,10,9],"texture":"#texture","cullface":"east"}}},{"__comment":"D_Black*","from":[-8,10.75,6.5],"to":[-6,11.75,7.5],"faces":{"down":{"uv":[16,7.5,16,6.5],"texture":"#texture","cullface":"west"},"up":{"uv":[0,6.5,0,7.5],"texture":"#texture","cullface":"west"},"north":{"uv":[16,4.25,16,5.25],"texture":"#texture","cullface":"west"},"south":{"uv":[0,4.25,0,5.25],"texture":"#texture","cullface":"west"},"west":{"uv":[6.5,4.25,7.5,5.25],"texture":"#texture","cullface":"west"},"east":{"uv":[8.5,4.25,9.5,5.25],"texture":"#texture","cullface":"west"}}},{"__comment":"D_Black*","from":[-2.5,11.5,6.75],"to":[-2,13,7.25],"faces":{"up":{"uv":[0,6.75,0,7.25],"texture":"#texture","cullface":"west"},"north":{"uv":[16,3,16,4.5],"texture":"#texture","cullface":"west"},"south":{"uv":[0,3,0,4.5],"texture":"#texture","cullface":"west"},"west":{"uv":[6.75,3,7.25,4.5],"texture":"#texture","cullface":"west"},"east":{"uv":[8.75,3,9.25,4.5],"texture":"#texture","cullface":"west"}}},{"__comment":"D_Black*","from":[-2.3125,10.625,6.8125],"to":[-1.8125,12.625,7.125],"rotation":{"origin":[-2.3125,12.625,6.8125],"axis":"z","angle":45 },"faces":{"down":{"uv":[16,7.25,16,6.75],"texture":"#texture","cullface":"west"},"up":{"uv":[0,6.75,0,7.25],"texture":"#texture","cullface":"west"},"north":{"uv":[16,3,16,5],"texture":"#texture","cullface":"west"},"south":{"uv":[0,3,0,5],"texture":"#texture","cullface":"west"},"west":{"uv":[6.75,3,7.25,5],"texture":"#texture","cullface":"west"},"east":{"uv":[8.75,3,9.25,5],"texture":"#texture","cullface":"west"}}}],"display":{"thirdperson_righthand":{"rotation":[0,-47,0],"translation":[-3.02,-0.76,-0.76],"scale":[0.7,0.7,0.7 ]},"thirdperson_lefthand":{"rotation":[0,147,0],"translation":[-3.02,-0.76,-0.76],"scale":[0.7,0.7,0.7 ]},"head":{"rotation":[0,0,45],"translation":[2.83,-16.06,5.1],"scale":[1,1,1 ]},"ground":{"rotation":[0,0,0],"translation":[0,2.83,0],"scale":[0.5,0.5,0.5 ]},"fixed":{"rotation":[0,0,0],"translation":[0,-1.13,0],"scale":[0.6,0.6,0.6 ]},"firstperson_righthand":{"rotation":[9,-92,-3],"translation":[0,0.94,-1.13],"scale":[0.8,0.8,0.8 ]},"firstperson_lefthand":{"rotation":[9,92,3],"translation":[0,0.94,-1.13],"scale":[0.8,0.8,0.8 ]},"gui":{"rotation":[30,45,0],"translation":[0.38,-0.57,0],"scale":[0.62,0.62,0.62 ]}}}