{"__comment":"Crafted by NullBlox - Do Not Distribute or Modify with outPermission.","textures":{"particle":"item/nubx/nulls_teal","texture":"item/nubx/nulls_light_black","nulls_white":"item/nubx/nulls_white","nulls_dark_red":"item/nubx/nulls_dark_red"},"elements":[{"__comment":"Gray","from":[4.125,1.875,7],"to":[11.125,10.875,9],"faces":{"down":{"uv":[0,0,1,1],"texture":"#particle"},"up":{"uv":[0,0,1,1],"texture":"#particle"},"north":{"uv":[0,0,1,1],"texture":"#particle"},"south":{"uv":[0,0,1,1],"texture":"#particle"},"west":{"uv":[0,0,1,1],"texture":"#particle"},"east":{"uv":[0,0,1,1],"texture":"#particle"}}},{"__comment":"Gray*","from":[9,10,7],"to":[12,13,9],"rotation":{"origin":[9,13,7],"axis":"z","angle":-45 },"faces":{"down":{"uv":[0,0,1,1],"texture":"#particle"},"up":{"uv":[0,0,1,1],"texture":"#particle"},"north":{"uv":[0,0,1,1],"texture":"#particle"},"south":{"uv":[0,0,1,1],"texture":"#particle"},"east":{"uv":[0,0,1,1],"texture":"#particle"}}},{"__comment":"Gray*","from":[2,10,7],"to":[9,13,9],"faces":{"down":{"uv":[0,0,1,1],"texture":"#particle"},"up":{"uv":[0,0,1,1],"texture":"#particle"},"north":{"uv":[0,0,1,1],"texture":"#particle"},"south":{"uv":[0,0,1,1],"texture":"#particle"},"west":{"uv":[0,0,1,1],"texture":"#particle"}}},{"__comment":"Black","from":[2.5,3,7.5],"to":[3.5,11.5,8.5],"rotation":{"origin":[2.5,11.5,7.5],"axis":"z","angle":-22.5 },"faces":{"down":{"uv":[0,0,1,1],"texture":"#texture"},"up":{"uv":[0,0,1,1],"texture":"#texture"},"north":{"uv":[0,0,1,1],"texture":"#texture"},"south":{"uv":[0,0,1,1],"texture":"#texture"},"west":{"uv":[0,0,1,1],"texture":"#texture"},"east":{"uv":[0,0,1,1],"texture":"#texture"}}},{"__comment":"Black*","from":[3.5,3,7.5],"to":[5,6,8.5],"faces":{"down":{"uv":[0,0,1,1],"texture":"#texture"},"up":{"uv":[0,0,1,1],"texture":"#texture"},"north":{"uv":[0,0,1,1],"texture":"#texture"},"south":{"uv":[0,0,1,1],"texture":"#texture"},"east":{"uv":[0,0,1,1],"texture":"#texture"}}},{"__comment":"Black*","from":[3.5,8,7.5],"to":[5,9.5,8.5],"faces":{"down":{"uv":[0,0,1,1],"texture":"#texture"},"up":{"uv":[0,0,1,1],"texture":"#texture"},"north":{"uv":[0,0,1,1],"texture":"#texture"},"south":{"uv":[0,0,1,1],"texture":"#texture"},"east":{"uv":[0,0,1,1],"texture":"#texture"}}},{"__comment":"Black*","from":[6,13,7.5],"to":[7,14,8.5],"faces":{"up":{"uv":[0,0,1,1],"texture":"#texture"},"north":{"uv":[0,0,1,1],"texture":"#texture"},"south":{"uv":[0,0,1,1],"texture":"#texture"},"west":{"uv":[0,0,1,1],"texture":"#texture"},"east":{"uv":[0,0,1,1],"texture":"#texture"}}},{"__comment":"Black*","from":[6.25,14,7.75],"to":[6.75,20.5,8.25],"faces":{"up":{"uv":[0,0,1,1],"texture":"#texture","cullface":"up"},"north":{"uv":[0,0,1,1],"texture":"#texture","cullface":"up"},"south":{"uv":[0,0,1,1],"texture":"#texture","cullface":"up"},"west":{"uv":[0,0,1,1],"texture":"#texture","cullface":"up"},"east":{"uv":[0,0,1,1],"texture":"#texture","cullface":"up"}}},{"__comment":"Black*","from":[8.5,11.5,6.9375],"to":[9.5,12.5,9.125],"rotation":{"origin":[8.5,12.5,6.9375],"axis":"z","angle":-45 },"faces":{"down":{"uv":[0,0,1,1],"texture":"#texture"},"up":{"uv":[0,0,1,1],"texture":"#texture"},"north":{"uv":[0,0,1,1],"texture":"#texture"},"south":{"uv":[0,0,1,1],"texture":"#texture"},"west":{"uv":[0,0,1,1],"texture":"#texture"},"east":{"uv":[0,0,1,1],"texture":"#texture"}}},{"__comment":"Black*","from":[10,10,6.9375],"to":[11,11,9.125],"rotation":{"origin":[10,11,6.9375],"axis":"z","angle":-45 },"faces":{"down":{"uv":[0,0,1,1],"texture":"#texture"},"up":{"uv":[0,0,1,1],"texture":"#texture"},"north":{"uv":[0,0,1,1],"texture":"#texture"},"south":{"uv":[0,0,1,1],"texture":"#texture"},"west":{"uv":[0,0,1,1],"texture":"#texture"},"east":{"uv":[0,0,1,1],"texture":"#texture"}}},{"__comment":"Black*","from":[5.5,3,6.9375],"to":[6.5,4,9.125],"rotation":{"origin":[5.5,4,6.9375],"axis":"z","angle":-45 },"faces":{"down":{"uv":[0,0,1,1],"texture":"#texture"},"up":{"uv":[0,0,1,1],"texture":"#texture"},"north":{"uv":[0,0,1,1],"texture":"#texture"},"south":{"uv":[0,0,1,1],"texture":"#texture"},"west":{"uv":[0,0,1,1],"texture":"#texture"},"east":{"uv":[0,0,1,1],"texture":"#texture"}}},{"__comment":"Black*","from":[10,3,6.9375],"to":[11,4,9.125],"rotation":{"origin":[10,4,6.9375],"axis":"z","angle":-45 },"faces":{"down":{"uv":[0,0,1,1],"texture":"#texture"},"up":{"uv":[0,0,1,1],"texture":"#texture"},"north":{"uv":[0,0,1,1],"texture":"#texture"},"south":{"uv":[0,0,1,1],"texture":"#texture"},"west":{"uv":[0,0,1,1],"texture":"#texture"},"east":{"uv":[0,0,1,1],"texture":"#texture"}}},{"__comment":"Black*","from":[3,11.5,6.9375],"to":[4,12.5,9.125],"rotation":{"origin":[3,12.5,6.9375],"axis":"z","angle":-45 },"faces":{"down":{"uv":[0,0,1,1],"texture":"#texture"},"up":{"uv":[0,0,1,1],"texture":"#texture"},"north":{"uv":[0,0,1,1],"texture":"#texture"},"south":{"uv":[0,0,1,1],"texture":"#texture"},"west":{"uv":[0,0,1,1],"texture":"#texture"},"east":{"uv":[0,0,1,1],"texture":"#texture"}}}],"display":{"thirdperson_righthand":{"rotation":[62,-72,64],"translation":[-0.94,-1.32,0.56],"scale":[0.4,0.4,0.4 ]},"thirdperson_lefthand":{"rotation":[-58,88,69],"translation":[-0.94,-1.32,0.56],"scale":[0.4,0.4,0.4 ]},"ground":{"rotation":[0,0,0],"translation":[0,3.4,0],"scale":[0.5,0.5,0.5 ]},"fixed":{"rotation":[0,0,0],"translation":[0.94,-1.51,0],"scale":[0.7,0.7,0.7 ]},"firstperson_righthand":{"rotation":[0,-71,0],"translation":[0,1.32,0.94],"scale":[0.5,0.5,0.5 ]},"firstperson_lefthand":{"rotation":[0,113,0],"translation":[-0.19,1.7,0.94],"scale":[0.5,0.5,0.5 ]},"gui":{"rotation":[30,225,0],"translation":[-0.76,-0.38,0],"scale":[0.62,0.62,0.62 ]}}}