{
	"__comment": "Designed by Robotnikman with Cubik Studio - https://cubik.studio",
	"textures": {
		"atlas": "item/robotnikman/guns/exorcist"
	},
	"elements": [
		{
			"__comment": "Cube1",
			"from": [ 8.46, 3.5, -5.4 ],
			"to": [ 10, 5.04, 10 ],
			"faces": {
				"down": { "uv": [ 0, 0, 9.5, 1.5 ], "texture": "#atlas", "rotation": 90 },
				"up": { "uv": [ 0, 0, 9.5, 1.5 ], "texture": "#atlas", "rotation": 180 },
				"north": { "uv": [ 11, 1, 13, 3 ], "texture": "#atlas", "rotation": 270 },
				"south": { "uv": [ 0, 1, 2, 3 ], "texture": "#atlas", "rotation": 270 },
				"west": { "uv": [ 0, 0, 9.5, 1.5 ], "texture": "#atlas", "rotation": 180 },
				"east": { "uv": [ 0, 1.5, 10, 3 ], "texture": "#atlas" }
			}
		},
		{
			"__comment": "Cube1",
			"from": [ 9.23, 5.04, -6.94 ],
			"to": [ 10.77, 6.58, 10 ],
			"faces": {
				"down": { "uv": [ 0, 0, 11, 1.5 ], "texture": "#atlas", "rotation": 90 },
				"north": { "uv": [ 11, 1, 13, 3 ], "texture": "#atlas", "rotation": 270 },
				"south": { "uv": [ 0, 1, 2, 3 ], "texture": "#atlas", "rotation": 270 },
				"west": { "uv": [ 0, 0, 11, 1.5 ], "texture": "#atlas", "rotation": 180 },
				"east": { "uv": [ 0, 1.5, 11, 3 ], "texture": "#atlas" }
			}
		},
		{
			"__comment": "Cube1",
			"from": [ 9.23, 6.58, -6.94 ],
			"to": [ 10.77, 8.12, 10 ],
			"faces": {
				"up": { "uv": [ 0, 0, 11, 1.5 ], "texture": "#atlas", "rotation": 270 },
				"north": { "uv": [ 11, 1, 13, 3 ], "texture": "#atlas", "rotation": 270 },
				"south": { "uv": [ 0, 1, 2, 3 ], "texture": "#atlas", "rotation": 270 },
				"west": { "uv": [ 0, 0, 11, 1.5 ], "texture": "#atlas", "rotation": 180 },
				"east": { "uv": [ 0, 1.5, 11, 3 ], "texture": "#atlas" }
			}
		},
		{
			"__comment": "Cube1",
			"from": [ 6.92, 2.73, -3.86 ],
			"to": [ 8.459999, 4.27, 10 ],
			"faces": {
				"down": { "uv": [ 9, 0, 0, 1.5 ], "texture": "#atlas", "rotation": 270 },
				"up": { "uv": [ 9, 0, 0, 1.5 ], "texture": "#atlas", "rotation": 90 },
				"north": { "uv": [ 11, 1, 13, 3 ], "texture": "#atlas", "rotation": 270 },
				"south": { "uv": [ 0, 1, 2, 3 ], "texture": "#atlas", "rotation": 270 },
				"west": { "uv": [ 9, 0, 0, 1.5 ], "texture": "#atlas" },
				"east": { "uv": [ 9, 1.5, 0, 3 ], "texture": "#atlas", "rotation": 180 }
			}
		},
		{
			"__comment": "Cube1",
			"from": [ 8.46, 8.12, -5.4 ],
			"to": [ 10, 9.66, 10 ],
			"faces": {
				"down": { "uv": [ 0, 0, 10, 1.5 ], "texture": "#atlas", "rotation": 90 },
				"up": { "uv": [ 0, 0, 10, 1.5 ], "texture": "#atlas", "rotation": 270 },
				"north": { "uv": [ 11, 1, 13, 3 ], "texture": "#atlas", "rotation": 270 },
				"south": { "uv": [ 0, 1, 2, 3 ], "texture": "#atlas", "rotation": 270 },
				"west": { "uv": [ 0, 0, 10, 1.5 ], "texture": "#atlas", "rotation": 180 },
				"east": { "uv": [ 0, 1.5, 10, 3 ], "texture": "#atlas" }
			}
		},
		{
			"__comment": "Cube1",
			"from": [ 6.92, 8.889999, -3.86 ],
			"to": [ 8.459999, 10.43, 10 ],
			"faces": {
				"down": { "uv": [ 9, 0, 0, 1.5 ], "texture": "#atlas", "rotation": 270 },
				"up": { "uv": [ 9, 0, 0, 1.5 ], "texture": "#atlas", "rotation": 90 },
				"north": { "uv": [ 11, 1, 13, 3 ], "texture": "#atlas", "rotation": 270 },
				"south": { "uv": [ 0, 1, 2, 3 ], "texture": "#atlas", "rotation": 270 },
				"west": { "uv": [ 9, 0, 0, 1.5 ], "texture": "#atlas" },
				"east": { "uv": [ 9, 1.5, 0, 3 ], "texture": "#atlas", "rotation": 180 }
			}
		},
		{
			"__comment": "Cube13",
			"from": [ 1.53, 11.97, 3.07 ],
			"to": [ 8.46, 12.74, 6.15 ],
			"faces": {
				"down": { "uv": [ 0, 8, 2, 9 ], "texture": "#atlas", "rotation": 180 },
				"up": { "uv": [ 1.5, 3, 10, 6.5 ], "texture": "#atlas" },
				"north": { "uv": [ 0, 8, 2, 8.5 ], "texture": "#atlas" },
				"south": { "uv": [ 0, 8, 2, 8.5 ], "texture": "#atlas" },
				"west": { "uv": [ 0, 8, 1, 8.5 ], "texture": "#atlas" },
				"east": { "uv": [ 0, 8, 1, 8.5 ], "texture": "#atlas" }
			}
		},
		{
			"__comment": "Cube14",
			"from": [ 8.46, 11.97, 3.07 ],
			"to": [ 11.54, 12.74, 6.15 ],
			"rotation": { "origin": [ 8.459999, 11.97, 3.070002 ], "axis": "z", "angle": -45 },
			"faces": {
				"down": { "uv": [ 0, 8, 1, 9 ], "texture": "#atlas" },
				"up": { "uv": [ 2.5, 3, 6, 6.5 ], "texture": "#atlas" },
				"north": { "uv": [ 0, 8, 1, 8.5 ], "texture": "#atlas" },
				"south": { "uv": [ 0, 8, 1, 8.5 ], "texture": "#atlas" },
				"west": { "uv": [ 0, 8, 1, 8.5 ], "texture": "#atlas" },
				"east": { "uv": [ 0, 8, 1, 8.5 ], "texture": "#atlas" }
			}
		},
		{
			"__comment": "Cube13",
			"from": [ 1.53, 10.43, 5.38 ],
			"to": [ 8.46, 11.2, 8.459999 ],
			"faces": {
				"down": { "uv": [ 0, 8.5, 2, 9.5 ], "texture": "#atlas", "rotation": 180 },
				"up": { "uv": [ 0, 3, 8.5, 6.5 ], "texture": "#atlas" },
				"south": { "uv": [ 0, 8, 2, 8.5 ], "texture": "#atlas" },
				"west": { "uv": [ 0, 8, 1, 8.5 ], "texture": "#atlas" },
				"east": { "uv": [ 0, 8, 1, 8.5 ], "texture": "#atlas" }
			}
		},
		{
			"__comment": "Cube16",
			"from": [ 1.53, 10.43, 3.07 ],
			"to": [ 8.46, 11.97, 5.38 ],
			"faces": {
				"down": { "uv": [ 0, 8, 2, 8.5 ], "texture": "#atlas", "rotation": 180 },
				"north": { "uv": [ 0, 8, 2, 8.5 ], "texture": "#atlas" },
				"south": { "uv": [ 0, 8, 2, 8.5 ], "texture": "#atlas" },
				"west": { "uv": [ 0, 8, 0.5, 8.5 ], "texture": "#atlas" },
				"east": { "uv": [ 0, 8.5, 0.5, 9 ], "texture": "#atlas" }
			}
		},
		{
			"__comment": "Cube14",
			"from": [ 8.46, 10.43, 5.38 ],
			"to": [ 11.54, 11.2, 8.459999 ],
			"rotation": { "origin": [ 8.459999, 10.43, 5.38 ], "axis": "z", "angle": -45 },
			"faces": {
				"down": { "uv": [ 0, 8, 1, 9 ], "texture": "#atlas" },
				"up": { "uv": [ 0, 3, 3.5, 6.5 ], "texture": "#atlas" },
				"north": { "uv": [ 0, 8, 1, 8.5 ], "texture": "#atlas" },
				"south": { "uv": [ 0, 8, 1, 8.5 ], "texture": "#atlas" },
				"west": { "uv": [ 14.5, 12, 15.5, 12.5 ], "texture": "#atlas" },
				"east": { "uv": [ 0, 8, 1, 8.5 ], "texture": "#atlas" }
			}
		},
		{
			"__comment": "Cube18",
			"from": [ 6.92, 4.27, 1.53 ],
			"to": [ 8.459999, 8.889999, 10 ],
			"faces": {
				"north": { "uv": [ 2, 11.5, 2.5, 13 ], "texture": "#atlas" },
				"south": { "uv": [ 3.5, 8.5, 4, 10 ], "texture": "#atlas" },
				"west": { "uv": [ 0, 14.5, 2.5, 16 ], "texture": "#atlas" },
				"east": { "uv": [ 0, 13, 2.5, 14.5 ], "texture": "#atlas" }
			}
		},
		{
			"__comment": "Cube19",
			"from": [ 8.46, 5.04, 1.53 ],
			"to": [ 9.23, 8.12, 10 ],
			"faces": {
				"north": { "uv": [ 2, 8.5, 2.5, 9.5 ], "texture": "#atlas" },
				"south": { "uv": [ 2, 9.5, 2.5, 10.5 ], "texture": "#atlas" },
				"east": { "uv": [ 0, 10.5, 2.5, 11.5 ], "texture": "#atlas" }
			}
		},
		{
			"__comment": "Cube21",
			"from": [ 5.38, 4.27, 3.07 ],
			"to": [ 6.92, 8.889999, 10 ],
			"faces": {
				"down": { "uv": [ 2.5, 8.5, 3, 10.5 ], "texture": "#atlas", "rotation": 180 },
				"up": { "uv": [ 3, 8, 3.5, 10 ], "texture": "#atlas", "rotation": 180 },
				"north": { "uv": [ 4.5, 8, 5, 9.5 ], "texture": "#atlas" },
				"south": { "uv": [ 4, 8, 4.5, 9.5 ], "texture": "#atlas" },
				"west": { "uv": [ 0, 11.5, 2, 13 ], "texture": "#atlas" }
			}
		},
		{
			"__comment": "Cube22",
			"from": [ 10.9225, 3.5, 0.452 ],
			"to": [ 10.92404, 7.35, 1.53 ],
			"rotation": { "origin": [ 10.924, 3.5, 1.530001 ], "axis": "x", "angle": 22.5 },
			"faces": {
				"down": { "uv": [ 15.5, 15, 16, 15.5 ], "texture": "#atlas", "rotation": 180 },
				"north": { "uv": [ 5.5, 9, 6, 10 ], "texture": "#atlas" },
				"south": { "uv": [ 5, 8.5, 5.5, 9.5 ], "texture": "#atlas" },
				"west": { "uv": [ 14.5, 0, 16, 5 ], "texture": "#atlas" },
				"east": { "uv": [ 14.5, 0, 16, 5 ], "texture": "#atlas" }
			}
		},
		{
			"__comment": "Cube22",
			"from": [ 10.9225, 2.73, 5.072 ],
			"to": [ 10.92404, 6.58, 6.15 ],
			"faces": {
				"down": { "uv": [ 9, 8, 9.5, 8.5 ], "texture": "#atlas", "rotation": 180 },
				"north": { "uv": [ 8.5, 9, 9, 10 ], "texture": "#atlas" },
				"south": { "uv": [ 8.5, 10.5, 9, 11.5 ], "texture": "#atlas" },
				"west": { "uv": [ 14.5, 0, 16, 5 ], "texture": "#atlas" },
				"east": { "uv": [ 14.5, 0, 16, 5 ], "texture": "#atlas" }
			}
		},
		{
			"__comment": "Cube25",
			"from": [ 2.3, 10.43, 3.0685 ],
			"to": [ 3.84, 11.97, 3.07004 ],
			"faces": {
				"down": { "uv": [ 8.5, 3.499, 9.5, 3.5 ], "texture": "#atlas", "rotation": 180 },
				"up": { "uv": [ 8.5, 12.5, 9.5, 12.501 ], "texture": "#atlas", "rotation": 180 },
				"north": { "uv": [ 10, 3, 14.5, 7 ], "texture": "#atlas" },
				"south": { "uv": [ 6.5, 5.5, 7.5, 6.5 ], "texture": "#atlas" },
				"west": { "uv": [ 3.499, 5.5, 3.5, 6.5 ], "texture": "#atlas" },
				"east": { "uv": [ 12.5, 5.5, 12.501, 6.5 ], "texture": "#atlas" }
			}
		},
		{
			"__comment": "Cube25",
			"from": [ 6.15, 10.43, 3.0685 ],
			"to": [ 7.69, 11.97, 3.07004 ],
			"faces": {
				"down": { "uv": [ 8.5, 3.499, 9.5, 3.5 ], "texture": "#atlas", "rotation": 180 },
				"up": { "uv": [ 8.5, 12.5, 9.5, 12.501 ], "texture": "#atlas", "rotation": 180 },
				"north": { "uv": [ 10, 3, 14.5, 7 ], "texture": "#atlas" },
				"south": { "uv": [ 6.5, 5.5, 7.5, 6.5 ], "texture": "#atlas" },
				"west": { "uv": [ 3.499, 5.5, 3.5, 6.5 ], "texture": "#atlas" },
				"east": { "uv": [ 12.5, 5.5, 12.501, 6.5 ], "texture": "#atlas" }
			}
		},
		{
			"__comment": "Cube22",
			"from": [ 11.0985, 2.95, 7.822 ],
			"to": [ 11.10004, 6.8, 8.9 ],
			"rotation": { "origin": [ 11.1, 2.95, 8.9 ], "axis": "x", "angle": -22.5 },
			"faces": {
				"down": { "uv": [ 15.5, 12.5, 16, 13 ], "texture": "#atlas", "rotation": 180 },
				"north": { "uv": [ 8.5, 13.5, 9, 14.5 ], "texture": "#atlas" },
				"south": { "uv": [ 6, 8, 6.5, 9 ], "texture": "#atlas" },
				"west": { "uv": [ 14.5, 0, 16, 5 ], "texture": "#atlas" },
				"east": { "uv": [ 14.5, 0, 16, 5 ], "texture": "#atlas" }
			}
		},
		{
			"__comment": "Cube22",
			"from": [ 5.3, 3, 6 ],
			"to": [ 5.30154, 6.85, 7.078 ],
			"rotation": { "origin": [ 5.3, 3, 6 ], "axis": "x", "angle": -45 },
			"faces": {
				"down": { "uv": [ 15.5, 12.5, 16, 13 ], "texture": "#atlas" },
				"north": { "uv": [ 6, 8, 6.5, 9 ], "texture": "#atlas" },
				"south": { "uv": [ 8.5, 13.5, 9, 14.5 ], "texture": "#atlas" },
				"west": { "uv": [ 14.5, 0, 16, 5 ], "texture": "#atlas" },
				"east": { "uv": [ 14.5, 0, 16, 5 ], "texture": "#atlas" }
			}
		},
		{
			"__comment": "Cube22",
			"from": [ 10.9225, 3.5, 2.762 ],
			"to": [ 10.92404, 7.35, 3.84 ],
			"faces": {
				"down": { "uv": [ 15.5, 15, 16, 15.5 ], "texture": "#atlas", "rotation": 180 },
				"north": { "uv": [ 5.5, 9, 6, 10 ], "texture": "#atlas" },
				"south": { "uv": [ 5, 8.5, 5.5, 9.5 ], "texture": "#atlas" },
				"west": { "uv": [ 14.5, 0, 16, 5 ], "texture": "#atlas" },
				"east": { "uv": [ 14.5, 0, 16, 5 ], "texture": "#atlas" }
			}
		},
		{
			"__comment": "Cube22",
			"from": [ 1.453, 8.12, 5.072 ],
			"to": [ 1.45454, 11.97, 6.15 ],
			"rotation": { "origin": [ 1.452999, 8.120001, 5.072001 ], "axis": "x", "angle": -22.5 },
			"faces": {
				"down": { "uv": [ 15.5, 12.5, 16, 13 ], "texture": "#atlas" },
				"north": { "uv": [ 6, 8, 6.5, 9 ], "texture": "#atlas" },
				"south": { "uv": [ 8.5, 13.5, 9, 14.5 ], "texture": "#atlas" },
				"west": { "uv": [ 14.5, 0, 16, 5 ], "texture": "#atlas" },
				"east": { "uv": [ 14.5, 0, 16, 5 ], "texture": "#atlas" }
			}
		},
		{
			"__comment": "Cube22",
			"from": [ 1.4376, 8.582, 1.838 ],
			"to": [ 1.43914, 12.432, 2.916 ],
			"rotation": { "origin": [ 1.437599, 8.582001, 1.838002 ], "axis": "x", "angle": 22.5 },
			"faces": {
				"down": { "uv": [ 15.5, 12.5, 16, 13 ], "texture": "#atlas" },
				"north": { "uv": [ 6, 8, 6.5, 9 ], "texture": "#atlas" },
				"south": { "uv": [ 8.5, 13.5, 9, 14.5 ], "texture": "#atlas" },
				"west": { "uv": [ 14.5, 0, 16, 5 ], "texture": "#atlas" },
				"east": { "uv": [ 14.5, 0, 16, 5 ], "texture": "#atlas" }
			}
		}
	],
	"display": {
		"head": {
			"scale":  [ 1.5, 1.5, 1.5 ],
			"translation":  [ 3, -17, 4 ]
		},
		"gui": {
			"rotation":  [ 30, 135, 0 ],
			"translation":  [ 3, 2, 0 ],
			"scale":  [ 0.6, 0.6, 0.6 ]
		}
	}
}