{"__comment":"Crafted by NullBlox - Do Not Distribute or Modify with outPermission.","textures":{"particle":"item/nubx/nulls_gray","texture":"item/nubx/nulls_pink","nulls_glass_aqua":"item/nubx/nulls_glass_aqua"},"elements":[{"__comment":"Green","from":[-0.5,9.75,6],"to":[18.5,11.75,8],"faces":{"down":{"uv":[16,8,0,6],"texture":"#texture"},"up":{"uv":[0,6,16,8],"texture":"#texture"},"north":{"uv":[0,4.25,16,6.25],"texture":"#texture"},"south":{"uv":[0,4.25,16,6.25],"texture":"#texture"},"west":{"uv":[6,4.25,8,6.25],"texture":"#texture"},"east":{"uv":[8,4.25,10,6.25],"texture":"#texture"}}},{"__comment":"Gray","from":[-13.5,11.5,6.5],"to":[11,12.5,7.5],"faces":{"down":{"uv":[0,0,1,1],"texture":"#particle","cullface":"west"},"up":{"uv":[0,0,1,1],"texture":"#particle","cullface":"west"},"north":{"uv":[0,0,1,1],"texture":"#particle","cullface":"west"},"south":{"uv":[0,0,1,1],"texture":"#particle","cullface":"west"},"west":{"uv":[0,0,1,1],"texture":"#particle","cullface":"west"},"east":{"uv":[0,0,1,1],"texture":"#particle","cullface":"west"}}},{"__comment":"Scope","from":[3.25,13.5,6],"to":[3.75,15.5,8],"faces":{"down":{"uv":[0.5,0.5,15.5,15.5],"texture":"#nulls_glass_aqua"},"up":{"uv":[0.5,0.5,15.5,15.5],"texture":"#nulls_glass_aqua"},"north":{"uv":[0.5,0.5,15.5,15.5],"texture":"#nulls_glass_aqua"},"south":{"uv":[0.5,0.5,15.5,15.5],"texture":"#nulls_glass_aqua"},"west":{"uv":[0.5,0.5,15.5,15.5],"texture":"#nulls_glass_aqua"},"east":{"uv":[0.5,0.5,15.5,15.5],"texture":"#nulls_glass_aqua"}}},{"__comment":"Gray*","from":[11,11.5,6.75],"to":[13,12,7.25],"faces":{"down":{"uv":[0,0,1,1],"texture":"#particle"},"up":{"uv":[0,0,1,1],"texture":"#particle"},"north":{"uv":[0,0,1,1],"texture":"#particle"},"south":{"uv":[0,0,1,1],"texture":"#particle"}}},{"__comment":"Gray*","from":[13,11.5,6.5],"to":[16,12.5,7.5],"faces":{"down":{"uv":[0,0,1,1],"texture":"#particle"},"up":{"uv":[0,0,1,1],"texture":"#particle"},"north":{"uv":[0,0,1,1],"texture":"#particle"},"south":{"uv":[0,0,1,1],"texture":"#particle"},"west":{"uv":[0,0,1,1],"texture":"#particle"},"east":{"uv":[0,0,1,1],"texture":"#particle","cullface":"east"}}},{"__comment":"Gray*","from":[8,12.5,6.75],"to":[9,13,7.25],"faces":{"north":{"uv":[0,0,1,1],"texture":"#particle"},"south":{"uv":[0,0,1,1],"texture":"#particle"},"west":{"uv":[0,0,1,1],"texture":"#particle"},"east":{"uv":[0,0,1,1],"texture":"#particle"}}},{"__comment":"Gray*","from":[14,12.5,6.75],"to":[15,13,7.25],"faces":{"north":{"uv":[0,0,1,1],"texture":"#particle"},"south":{"uv":[0,0,1,1],"texture":"#particle"},"west":{"uv":[0,0,1,1],"texture":"#particle"},"east":{"uv":[0,0,1,1],"texture":"#particle"}}},{"__comment":"Gray*","from":[7.25,13,6.75],"to":[15.25,13.5,7.25],"faces":{"down":{"uv":[0,0,1,1],"texture":"#particle"},"up":{"uv":[0,0,1,1],"texture":"#particle"},"north":{"uv":[0,0,1,1],"texture":"#particle"},"south":{"uv":[0,0,1,1],"texture":"#particle"},"west":{"uv":[0,0,1,1],"texture":"#particle"},"east":{"uv":[0,0,1,1],"texture":"#particle"}}},{"__comment":"Gray*","from":[8,13.25,6.5],"to":[9,14.25,7.5],"faces":{"down":{"uv":[0,0,1,1],"texture":"#particle"},"up":{"uv":[0,0,1,1],"texture":"#particle"},"north":{"uv":[0,0,1,1],"texture":"#particle"},"south":{"uv":[0,0,1,1],"texture":"#particle"},"west":{"uv":[0,0,1,1],"texture":"#particle"},"east":{"uv":[0,0,1,1],"texture":"#particle"}}},{"__comment":"Gray*","from":[14,13.25,6.5],"to":[15,14.25,7.5],"faces":{"down":{"uv":[0,0,1,1],"texture":"#particle"},"up":{"uv":[0,0,1,1],"texture":"#particle"},"north":{"uv":[0,0,1,1],"texture":"#particle"},"south":{"uv":[0,0,1,1],"texture":"#particle"},"west":{"uv":[0,0,1,1],"texture":"#particle"},"east":{"uv":[0,0,1,1],"texture":"#particle"}}},{"__comment":"Gray*","from":[7,14,6.5],"to":[16,15,7.5],"faces":{"down":{"uv":[0,0,1,1],"texture":"#particle"},"up":{"uv":[0,0,1,1],"texture":"#particle"},"north":{"uv":[0,0,1,1],"texture":"#particle"},"south":{"uv":[0,0,1,1],"texture":"#particle"}}},{"__comment":"Gray*","from":[5,13.75,6.25],"to":[7,15.25,7.75],"faces":{"down":{"uv":[0,0,1,1],"texture":"#particle"},"up":{"uv":[0,0,1,1],"texture":"#particle"},"north":{"uv":[0,0,1,1],"texture":"#particle"},"south":{"uv":[0,0,1,1],"texture":"#particle"},"east":{"uv":[0,0,1,1],"texture":"#particle"}}},{"__comment":"Gray*","from":[3.5,13.25,5.75],"to":[5,15.75,8.25],"faces":{"down":{"uv":[0,0,1,1],"texture":"#particle"},"up":{"uv":[0,0,1,1],"texture":"#particle"},"north":{"uv":[0,0,1,1],"texture":"#particle"},"south":{"uv":[0,0,1,1],"texture":"#particle"},"west":{"uv":[0,0,1,1],"texture":"#particle"},"east":{"uv":[0,0,1,1],"texture":"#particle"}}},{"__comment":"Scope*","from":[17.75,14,6.5],"to":[18.25,15,7.5],"faces":{"down":{"uv":[0.5,0.5,15.5,15.5],"texture":"#nulls_glass_aqua","cullface":"east"},"up":{"uv":[0.5,0.5,15.5,15.5],"texture":"#nulls_glass_aqua","cullface":"east"},"north":{"uv":[0.5,0.5,15.5,15.5],"texture":"#nulls_glass_aqua","cullface":"east"},"south":{"uv":[0.5,0.5,15.5,15.5],"texture":"#nulls_glass_aqua","cullface":"east"},"west":{"uv":[0.5,0.5,15.5,15.5],"texture":"#nulls_glass_aqua","cullface":"east"},"east":{"uv":[0.5,0.5,15.5,15.5],"texture":"#nulls_glass_aqua","cullface":"east"}}},{"__comment":"Gray*","from":[16,13.75,6.25],"to":[18,15.25,7.75],"faces":{"down":{"uv":[0,0,1,1],"texture":"#particle","cullface":"east"},"up":{"uv":[0,0,1,1],"texture":"#particle","cullface":"east"},"north":{"uv":[0,0,1,1],"texture":"#particle","cullface":"east"},"south":{"uv":[0,0,1,1],"texture":"#particle","cullface":"east"},"west":{"uv":[0,0,1,1],"texture":"#particle","cullface":"east"},"east":{"uv":[0,0,1,1],"texture":"#particle","cullface":"east"}}},{"__comment":"Green*","from":[0,9.25,6],"to":[11.5,9.75,8],"faces":{"down":{"uv":[16,8,4.5,6],"texture":"#texture"},"north":{"uv":[4.5,6.25,16,6.75],"texture":"#texture"},"south":{"uv":[0,6.25,11.5,6.75],"texture":"#texture"},"west":{"uv":[6,6.25,8,6.75],"texture":"#texture","cullface":"west"},"east":{"uv":[8,6.25,10,6.75],"texture":"#texture"}}},{"__comment":"Green*","from":[1.5,8.75,6.25],"to":[10,9.25,7.75],"faces":{"down":{"uv":[14.5,7.75,6,6.25],"texture":"#texture"},"north":{"uv":[6,6.75,14.5,7.25],"texture":"#texture"},"south":{"uv":[1.5,6.75,10,7.25],"texture":"#texture"},"west":{"uv":[6.25,6.75,7.75,7.25],"texture":"#texture"},"east":{"uv":[8.25,6.75,9.75,7.25],"texture":"#texture"}}},{"__comment":"Green*","from":[17,6,6],"to":[18.5,11,8],"rotation":{"origin":[17,11,6],"axis":"z","angle":22.5 },"faces":{"down":{"uv":[0,8,0,6],"texture":"#texture","cullface":"east"},"up":{"uv":[16,6,16,8],"texture":"#texture","cullface":"east"},"north":{"uv":[0,5.5,0,10],"texture":"#texture","cullface":"east"},"south":{"uv":[16,5.5,16,10],"texture":"#texture","cullface":"east"},"west":{"uv":[6,5.5,8,10],"texture":"#texture","cullface":"east"},"east":{"uv":[8,5.5,10,10],"texture":"#texture","cullface":"east"}}},{"__comment":"Green*","from":[18.5,8,6],"to":[22,10.5,8],"rotation":{"origin":[18.5,10.5,6],"axis":"z","angle":22.5 },"faces":{"down":{"uv":[0,8,0,6],"texture":"#texture","cullface":"east"},"up":{"uv":[16,6,16,8],"texture":"#texture","cullface":"east"},"north":{"uv":[0,5.5,0,10],"texture":"#texture","cullface":"east"},"south":{"uv":[16,5.5,16,10],"texture":"#texture","cullface":"east"}}},{"__comment":"Green*","from":[22,8,6],"to":[26,12,8],"faces":{"down":{"uv":[0,8,0,6],"texture":"#texture","cullface":"east"},"up":{"uv":[16,6,16,8],"texture":"#texture","cullface":"east"},"north":{"uv":[0,5.5,0,10],"texture":"#texture","cullface":"east"},"south":{"uv":[16,5.5,16,10],"texture":"#texture","cullface":"east"},"west":{"uv":[6,5.5,8,10],"texture":"#texture","cullface":"east"}}},{"__comment":"Green*","from":[26,7,6],"to":[27,12,8],"faces":{"down":{"uv":[0,8,0,6],"texture":"#texture","cullface":"east"},"up":{"uv":[16,6,16,8],"texture":"#texture","cullface":"east"},"north":{"uv":[0,5.5,0,10],"texture":"#texture","cullface":"east"},"south":{"uv":[16,5.5,16,10],"texture":"#texture","cullface":"east"},"west":{"uv":[6,5.5,8,10],"texture":"#texture","cullface":"east"}}},{"__comment":"Green*","from":[21.5,11,5.75],"to":[26.5,12.5,8.25],"faces":{"down":{"uv":[0,8,0,6],"texture":"#texture","cullface":"east"},"up":{"uv":[16,6,16,8],"texture":"#texture","cullface":"east"},"north":{"uv":[0,5.5,0,10],"texture":"#texture","cullface":"east"},"south":{"uv":[16,5.5,16,10],"texture":"#texture","cullface":"east"},"west":{"uv":[6,5.5,8,10],"texture":"#texture","cullface":"east"},"east":{"uv":[8,5.5,10,10],"texture":"#texture","cullface":"east"}}},{"__comment":"Gray*","from":[27,7,6],"to":[28,12,8],"faces":{"down":{"uv":[0,0,1,1],"texture":"#particle","cullface":"east"},"up":{"uv":[0,0,1,1],"texture":"#particle","cullface":"east"},"north":{"uv":[0,0,1,1],"texture":"#particle","cullface":"east"},"south":{"uv":[0,0,1,1],"texture":"#particle","cullface":"east"}}},{"__comment":"Gray*","from":[28,6.75,5.75],"to":[28.5,12.25,8.25],"faces":{"down":{"uv":[0,0,1,1],"texture":"#particle","cullface":"east"},"up":{"uv":[0,0,1,1],"texture":"#particle","cullface":"east"},"north":{"uv":[0,0,1,1],"texture":"#particle","cullface":"east"},"south":{"uv":[0,0,1,1],"texture":"#particle","cullface":"east"},"west":{"uv":[0,0,1,1],"texture":"#particle","cullface":"east"},"east":{"uv":[0,0,1,1],"texture":"#particle","cullface":"east"}}},{"__comment":"Gray*","from":[15,8.5,6.75],"to":[15.5,10,7.25],"faces":{"up":{"uv":[0,0,1,1],"texture":"#particle"},"north":{"uv":[0,0,1,1],"texture":"#particle"},"south":{"uv":[0,0,1,1],"texture":"#particle"},"west":{"uv":[0,0,1,1],"texture":"#particle"},"east":{"uv":[0,0,1,1],"texture":"#particle"}}},{"__comment":"Gray*","from":[15,8,6.75],"to":[18.5,8.5,7.25],"faces":{"down":{"uv":[0,0,1,1],"texture":"#particle","cullface":"east"},"up":{"uv":[0,0,1,1],"texture":"#particle","cullface":"east"},"north":{"uv":[0,0,1,1],"texture":"#particle","cullface":"east"},"south":{"uv":[0,0,1,1],"texture":"#particle","cullface":"east"},"west":{"uv":[0,0,1,1],"texture":"#particle","cullface":"east"}}},{"__comment":"Gray*","from":[17.5,8.875,6.75],"to":[18,10.375,7.25],"rotation":{"origin":[17.5,10.375,6.75],"axis":"z","angle":-45 },"faces":{"down":{"uv":[0,0,1,1],"texture":"#particle","cullface":"east"},"up":{"uv":[0,0,1,1],"texture":"#particle","cullface":"east"},"north":{"uv":[0,0,1,1],"texture":"#particle","cullface":"east"},"south":{"uv":[0,0,1,1],"texture":"#particle","cullface":"east"},"west":{"uv":[0,0,1,1],"texture":"#particle","cullface":"east"},"east":{"uv":[0,0,1,1],"texture":"#particle","cullface":"east"}}},{"__comment":"Gray*","from":[3,2.875,7],"to":[3.5,8.875,7.5],"rotation":{"origin":[3,8.875,7],"axis":"x","angle":45 },"faces":{"down":{"uv":[0,0,1,1],"texture":"#particle"},"up":{"uv":[0,0,1,1],"texture":"#particle"},"north":{"uv":[0,0,1,1],"texture":"#particle"},"south":{"uv":[0,0,1,1],"texture":"#particle"},"west":{"uv":[0,0,1,1],"texture":"#particle"},"east":{"uv":[0,0,1,1],"texture":"#particle"}}},{"__comment":"Gray*","from":[3,2.5,7],"to":[3.5,8.5,7.5],"rotation":{"origin":[3,8.5,7],"axis":"x","angle":-45 },"faces":{"down":{"uv":[0,0,1,1],"texture":"#particle"},"up":{"uv":[0,0,1,1],"texture":"#particle"},"north":{"uv":[0,0,1,1],"texture":"#particle"},"south":{"uv":[0,0,1,1],"texture":"#particle"},"west":{"uv":[0,0,1,1],"texture":"#particle"},"east":{"uv":[0,0,1,1],"texture":"#particle"}}},{"__comment":"Gray*","from":[2,8.25,6.25],"to":[4.5,8.75,7.75],"faces":{"down":{"uv":[0,0,1,1],"texture":"#particle"},"north":{"uv":[0,0,1,1],"texture":"#particle"},"south":{"uv":[0,0,1,1],"texture":"#particle"},"west":{"uv":[0,0,1,1],"texture":"#particle"},"east":{"uv":[0,0,1,1],"texture":"#particle"}}},{"__comment":"Gray*","from":[2.75,3.5,2.5],"to":[3.75,5,3.5],"faces":{"down":{"uv":[0,0,1,1],"texture":"#particle"},"up":{"uv":[0,0,1,1],"texture":"#particle"},"north":{"uv":[0,0,1,1],"texture":"#particle"},"south":{"uv":[0,0,1,1],"texture":"#particle"},"west":{"uv":[0,0,1,1],"texture":"#particle"},"east":{"uv":[0,0,1,1],"texture":"#particle"}}},{"__comment":"Gray*","from":[2.75,3.5,11],"to":[3.75,5,12],"faces":{"down":{"uv":[0,0,1,1],"texture":"#particle"},"up":{"uv":[0,0,1,1],"texture":"#particle"},"north":{"uv":[0,0,1,1],"texture":"#particle"},"south":{"uv":[0,0,1,1],"texture":"#particle"},"west":{"uv":[0,0,1,1],"texture":"#particle"},"east":{"uv":[0,0,1,1],"texture":"#particle"}}}],"display":{"thirdperson_righthand":{"rotation":[0,-31,0],"translation":[-6.43,-0.94,-2.27],"scale":[0.6,0.6,0.6 ]},"thirdperson_lefthand":{"rotation":[0,140,0],"translation":[-5.86,-0.94,-3.59],"scale":[0.6,0.6,0.6 ]},"head":{"rotation":[0,0,45],"translation":[0.38,-18.9,4.91],"scale":[0.8,0.8,0.8 ]},"ground":{"rotation":[0,0,0],"translation":[0,1.51,0],"scale":[0.4,0.4,0.4 ]},"fixed":{"rotation":[0,0,0],"translation":[0,-1.32,0],"scale":[0.45,0.45,0.45 ]},"firstperson_righthand":{"rotation":[-1,-90,-1],"translation":[-7.94,1.7,0.19],"scale":[0.8,0.8,0.8 ]},"firstperson_lefthand":{"rotation":[3,90,-1],"translation":[-8.13,1.7,0.19],"scale":[0.8,0.8,0.8 ]},"gui":{"rotation":[30,55,0],"translation":[0,-0.94,0],"scale":[0.5,0.5,0.5 ]}}}