{
	"__comment": "Designed by Robotnikman with Cubik Studio - https://cubik.studio",
	"textures": {
		"atlas": "item/robotnikman/guns/launcher"
	},
	"elements": [
		{
			"__comment": "Cube1",
			"from": [ 6, 8, 0.5 ],
			"to": [ 10, 12, 16 ],
			"faces": {
				"down": { "uv": [ 0, 4, 2, 16 ], "texture": "#atlas", "rotation": 180 },
				"up": { "uv": [ 2, 4, 4, 16 ], "texture": "#atlas", "rotation": 180 },
				"north": { "uv": [ 10, 2, 15, 7 ], "texture": "#atlas", "cullface": "north" },
				"south": { "uv": [ 0, 2, 2, 4 ], "texture": "#atlas", "cullface": "south" },
				"west": { "uv": [ 4, 12, 16, 14 ], "texture": "#atlas" },
				"east": { "uv": [ 4, 14, 16, 16 ], "texture": "#atlas" }
			}
		},
		{
			"__comment": "Cube2",
			"from": [ 6.5, 7, 0 ],
			"to": [ 7.5, 8, 3.5 ],
			"faces": {
				"down": { "uv": [ 2, 1, 3, 4 ], "texture": "#atlas", "rotation": 180 },
				"up": { "uv": [ 7.5, 10.5, 8.5, 14 ], "texture": "#atlas", "rotation": 180 },
				"north": { "uv": [ 10, 2, 15, 7 ], "texture": "#atlas", "cullface": "north" },
				"south": { "uv": [ 2, 0, 3, 1 ], "texture": "#atlas" },
				"west": { "uv": [ 10, 11, 13, 12 ], "texture": "#atlas" },
				"east": { "uv": [ 7, 11, 10, 12 ], "texture": "#atlas" }
			}
		},
		{
			"__comment": "Cube3",
			"from": [ 5, 10.5, 0 ],
			"to": [ 6, 11.5, 3.5 ],
			"faces": {
				"down": { "uv": [ 4, 8, 5, 11 ], "texture": "#atlas", "rotation": 180 },
				"up": { "uv": [ 4, 5, 5, 8 ], "texture": "#atlas", "rotation": 180 },
				"north": { "uv": [ 10, 2, 15, 7 ], "texture": "#atlas", "cullface": "north" },
				"south": { "uv": [ 14, 10, 15, 11 ], "texture": "#atlas" },
				"west": { "uv": [ 5, 10, 8, 11 ], "texture": "#atlas" },
				"east": { "uv": [ 10.5, 9, 14, 10 ], "texture": "#atlas" }
			}
		},
		{
			"__comment": "Cube3",
			"from": [ 10, 10.5, 0 ],
			"to": [ 11, 11.5, 3.5 ],
			"faces": {
				"down": { "uv": [ 5, 7, 6, 10 ], "texture": "#atlas", "rotation": 180 },
				"up": { "uv": [ 5, 4, 6, 7 ], "texture": "#atlas", "rotation": 180 },
				"north": { "uv": [ 10, 2, 15, 7 ], "texture": "#atlas", "cullface": "north" },
				"south": { "uv": [ 13, 9, 14, 10 ], "texture": "#atlas" },
				"west": { "uv": [ 2, 7.5, 5.5, 8.5 ], "texture": "#atlas" },
				"east": { "uv": [ 11, 10, 14, 11 ], "texture": "#atlas" }
			}
		},
		{
			"__comment": "Cube6",
			"from": [ 7.5, 6, 7.5 ],
			"to": [ 8.5, 8, 8.5 ],
			"faces": {
				"down": { "uv": [ 5, 0, 6, 1 ], "texture": "#atlas", "rotation": 180 },
				"north": { "uv": [ 6, 7, 7, 9 ], "texture": "#atlas" },
				"south": { "uv": [ 4, 0, 5, 2 ], "texture": "#atlas" },
				"west": { "uv": [ 6, 3, 7, 5 ], "texture": "#atlas" },
				"east": { "uv": [ 6, 5, 7, 7 ], "texture": "#atlas" }
			}
		},
		{
			"__comment": "Cube7",
			"from": [ 7.5, 9.5, 19.5 ],
			"to": [ 8.5, 10.5, 23 ],
			"faces": {
				"down": { "uv": [ 3, 1, 4, 4 ], "texture": "#atlas", "cullface": "south", "rotation": 180 },
				"up": { "uv": [ 4, 2, 5, 5 ], "texture": "#atlas", "cullface": "south", "rotation": 180 },
				"south": { "uv": [ 11, 9, 12, 10 ], "texture": "#atlas", "cullface": "south" },
				"west": { "uv": [ 8, 10, 11, 11 ], "texture": "#atlas", "cullface": "south" },
				"east": { "uv": [ 13, 11, 16, 12 ], "texture": "#atlas", "cullface": "south" }
			}
		},
		{
			"__comment": "Cube8",
			"from": [ 7.5, 7.5, 3.5 ],
			"to": [ 8.5, 8, 7 ],
			"faces": {
				"down": { "uv": [ 7.5, 9, 8.5, 12.5 ], "texture": "#atlas" },
				"south": { "uv": [ 7.5, 8, 8.5, 8.5 ], "texture": "#atlas" },
				"west": { "uv": [ 3.5, 8, 7, 8.5 ], "texture": "#atlas" },
				"east": { "uv": [ 9, 8, 12.5, 8.5 ], "texture": "#atlas" }
			}
		},
		{
			"__comment": "Cube8",
			"from": [ 5.5, 9.5, 3.5 ],
			"to": [ 6, 10.5, 7 ],
			"faces": {
				"down": { "uv": [ 5.5, 9, 6, 12.5 ], "texture": "#atlas" },
				"up": { "uv": [ 5.5, 3.5, 6, 7 ], "texture": "#atlas" },
				"south": { "uv": [ 5.5, 5.5, 6, 6.5 ], "texture": "#atlas" },
				"west": { "uv": [ 3.5, 5.5, 7, 6.5 ], "texture": "#atlas" }
			}
		},
		{
			"__comment": "Cube8",
			"from": [ 7.5, 12, 3.5 ],
			"to": [ 8.5, 12.5, 7 ],
			"faces": {
				"up": { "uv": [ 6, 3, 7, 6.5 ], "texture": "#atlas" },
				"south": { "uv": [ 5.5, 7, 6.5, 7.5 ], "texture": "#atlas" },
				"west": { "uv": [ 3.5, 6.5, 7, 7 ], "texture": "#atlas" },
				"east": { "uv": [ 7, 9, 10.5, 9.5 ], "texture": "#atlas" }
			}
		},
		{
			"__comment": "Cube8",
			"from": [ 10, 9.5, 3.5 ],
			"to": [ 10.5, 10.5, 7 ],
			"faces": {
				"down": { "uv": [ 9, 9, 9.5, 12.5 ], "texture": "#atlas" },
				"up": { "uv": [ 6.5, 3, 7, 6.5 ], "texture": "#atlas" },
				"south": { "uv": [ 6.5, 9, 7, 10 ], "texture": "#atlas" },
				"east": { "uv": [ 10.5, 9, 14, 10 ], "texture": "#atlas" }
			}
		},
		{
			"__comment": "Cube12",
			"from": [ 7, 9, 16 ],
			"to": [ 9, 11, 19.5 ],
			"faces": {
				"down": { "uv": [ 7, 9, 9, 12.5 ], "texture": "#atlas", "cullface": "south" },
				"up": { "uv": [ 4, 0, 6, 3.5 ], "texture": "#atlas", "cullface": "south" },
				"south": { "uv": [ 5, 6, 7, 8 ], "texture": "#atlas", "cullface": "south" },
				"west": { "uv": [ 0, 6, 3.5, 8 ], "texture": "#atlas", "cullface": "south" },
				"east": { "uv": [ 3.5, 6, 7, 8 ], "texture": "#atlas", "cullface": "south" }
			}
		},
		{
			"__comment": "Cube2",
			"from": [ 6.5, 12, 0 ],
			"to": [ 7.5, 13, 3.5 ],
			"faces": {
				"down": { "uv": [ 6, 3, 7, 6.5 ], "texture": "#atlas", "rotation": 180 },
				"up": { "uv": [ 5, 1, 6, 4 ], "texture": "#atlas", "rotation": 180 },
				"north": { "uv": [ 10, 2, 15, 7 ], "texture": "#atlas", "cullface": "north" },
				"south": { "uv": [ 12, 9, 13, 10 ], "texture": "#atlas" },
				"west": { "uv": [ 4, 11, 7, 12 ], "texture": "#atlas" },
				"east": { "uv": [ 6, 9, 9, 10 ], "texture": "#atlas" }
			}
		},
		{
			"__comment": "Cube2",
			"from": [ 8.5, 12, 0 ],
			"to": [ 9.5, 13, 3.5 ],
			"faces": {
				"down": { "uv": [ 6, 5.5, 7, 9 ], "texture": "#atlas", "rotation": 180 },
				"up": { "uv": [ 5, 1, 6, 4 ], "texture": "#atlas", "rotation": 180 },
				"north": { "uv": [ 10, 2, 15, 7 ], "texture": "#atlas", "cullface": "north" },
				"south": { "uv": [ 12, 9, 13, 10 ], "texture": "#atlas" },
				"west": { "uv": [ 4, 11, 7, 12 ], "texture": "#atlas" },
				"east": { "uv": [ 6, 9, 9, 10 ], "texture": "#atlas" }
			}
		},
		{
			"__comment": "Cube3",
			"from": [ 5, 8.5, 0 ],
			"to": [ 6, 9.5, 3.5 ],
			"faces": {
				"down": { "uv": [ 4, 8, 5, 11 ], "texture": "#atlas", "rotation": 180 },
				"up": { "uv": [ 4, 5, 5, 8 ], "texture": "#atlas", "rotation": 180 },
				"north": { "uv": [ 10, 2, 15, 7 ], "texture": "#atlas", "cullface": "north" },
				"south": { "uv": [ 14, 10, 15, 11 ], "texture": "#atlas" },
				"west": { "uv": [ 5, 10, 8, 11 ], "texture": "#atlas" },
				"east": { "uv": [ 7, 9, 10.5, 10 ], "texture": "#atlas" }
			}
		},
		{
			"__comment": "Cube2",
			"from": [ 8.5, 7, 0 ],
			"to": [ 9.5, 8, 3.5 ],
			"faces": {
				"down": { "uv": [ 2, 1, 3, 4 ], "texture": "#atlas", "rotation": 180 },
				"up": { "uv": [ 7.5, 10.5, 8.5, 14 ], "texture": "#atlas", "rotation": 180 },
				"north": { "uv": [ 10, 2, 15, 7 ], "texture": "#atlas", "cullface": "north" },
				"south": { "uv": [ 2, 0, 3, 1 ], "texture": "#atlas" },
				"west": { "uv": [ 10, 11, 13, 12 ], "texture": "#atlas" },
				"east": { "uv": [ 7, 11, 10, 12 ], "texture": "#atlas" }
			}
		},
		{
			"__comment": "Cube3",
			"from": [ 10, 8.5, 0 ],
			"to": [ 11, 9.5, 3.5 ],
			"faces": {
				"down": { "uv": [ 5, 7, 6, 10 ], "texture": "#atlas", "rotation": 180 },
				"up": { "uv": [ 5, 4, 6, 7 ], "texture": "#atlas", "rotation": 180 },
				"north": { "uv": [ 10, 2, 15, 7 ], "texture": "#atlas", "cullface": "north" },
				"south": { "uv": [ 13, 9, 14, 10 ], "texture": "#atlas" },
				"west": { "uv": [ 2, 7.5, 5.5, 8.5 ], "texture": "#atlas" },
				"east": { "uv": [ 11, 10, 14, 11 ], "texture": "#atlas" }
			}
		}
	],
	"display": {
		"head": {
			"scale":  [ 1.5, 1.5, 1.5 ],
			"translation":  [ 3, -17, 4 ]
		},
		"gui": {
			"rotation":  [ 30, 135, 0 ],
			"scale":  [ 0.6, 0.6, 0.6 ]
		}
	}
}