{
	"__comment": "Designed by Robotnikman with Cubik Studio - https://cubik.studio",
	"textures": {
		"atlas": "item/robotnikman/guns/m1919a6"
	},
	"elements": [ 	 
		{
			"__comment": "Cube1",
			"from": [ 7.5, 8, 10.75 ],
			"to": [ 9.5, 10.5, 18.25 ],
			"faces": {
				"down": { "uv": [ 0, 12.5, 1, 16 ], "texture": "#atlas" },
				"up": { "uv": [ 0, 9, 1, 12.5 ], "texture": "#atlas" },
				"north": { "uv": [ 3.5, 13, 4.5, 14 ], "texture": "#atlas" },
				"south": { "uv": [ 3.5, 12, 4.5, 13 ], "texture": "#atlas" },
				"west": { "uv": [ 1, 15, 4.5, 16 ], "texture": "#atlas" },
				"east": { "uv": [ 1, 14, 4.5, 15 ], "texture": "#atlas" }
			}
		},
		{
			"__comment": "Cube2",
			"from": [ 8.25, 9.25, -0.625 ],
			"to": [ 8.75, 9.75, 0.125 ],
			"faces": {
				"down": { "uv": [ 7, 12.5, 7.5, 13 ], "texture": "#atlas" },
				"up": { "uv": [ 7, 11.5, 7.5, 12 ], "texture": "#atlas" },
				"west": { "uv": [ 4.5, 8, 5, 8.5 ], "texture": "#atlas" },
				"east": { "uv": [ 6, 10, 6.5, 10.5 ], "texture": "#atlas" }
			}
		},
		{
			"__comment": "Cube2",
			"from": [ 8, 9, 0.75 ],
			"to": [ 9, 10, 10.75 ],
			"faces": {
				"down": { "uv": [ 6, 7, 16, 8 ], "texture": "#atlas", "rotation": 270 },
				"up": { "uv": [ 6, 7, 16, 8 ], "texture": "#atlas", "rotation": 90 },
				"north": { "uv": [ 8, 13, 8.5, 13.5 ], "texture": "#atlas", "rotation": 270 },
				"west": { "uv": [ 6, 7, 16, 8 ], "texture": "#atlas" },
				"east": { "uv": [ 6, 7, 16, 8 ], "texture": "#atlas", "rotation": 180 }
			}
		},
		{
			"__comment": "Cube2",
			"from": [ 8, 9, -2.75 ],
			"to": [ 9, 10, -1.625 ],
			"faces": {
				"down": { "uv": [ 5, 8.5, 5.5, 9 ], "texture": "#atlas" },
				"up": { "uv": [ 5, 8, 5.5, 8.5 ], "texture": "#atlas" },
				"north": { "uv": [ 8.5, 8, 11, 10.5 ], "texture": "#atlas" },
				"south": { "uv": [ 6, 9.5, 6.5, 10 ], "texture": "#atlas" },
				"west": { "uv": [ 6.5, 9.5, 7, 10 ], "texture": "#atlas" },
				"east": { "uv": [ 7, 9.5, 7.5, 10 ], "texture": "#atlas" }
			}
		},
		{
			"__comment": "Cube2",
			"from": [ 8.125, 9.125, 0.125 ],
			"to": [ 8.875, 9.875, 0.75 ],
			"faces": {
				"down": { "uv": [ 5.5, 9, 6, 9.5 ], "texture": "#atlas" },
				"up": { "uv": [ 5.5, 8.5, 6, 9 ], "texture": "#atlas" },
				"north": { "uv": [ 5.5, 8, 6, 8.5 ], "texture": "#atlas" },
				"west": { "uv": [ 6, 9, 6.5, 9.5 ], "texture": "#atlas" },
				"east": { "uv": [ 6.5, 9, 7, 9.5 ], "texture": "#atlas" }
			}
		},
		{
			"__comment": "Cube2",
			"from": [ 8.125, 9.125, -1.625 ],
			"to": [ 8.875, 9.875, -0.625 ],
			"faces": {
				"down": { "uv": [ 8, 12.5, 8.5, 13 ], "texture": "#atlas" },
				"up": { "uv": [ 8, 14.5, 8.5, 15 ], "texture": "#atlas" },
				"south": { "uv": [ 8, 15, 8.5, 15.5 ], "texture": "#atlas" },
				"west": { "uv": [ 7.5, 8, 8, 8.5 ], "texture": "#atlas" },
				"east": { "uv": [ 7.5, 9, 8, 9.5 ], "texture": "#atlas" }
			}
		},
		{
			"__comment": "Cube11",
			"from": [ 4.125, 7.875, 11.375 ],
			"to": [ 7.25, 9.875, 13.625 ],
			"faces": {
				"down": { "uv": [ 8.5, 12, 10.5, 13.5 ], "texture": "#atlas" },
				"up": { "uv": [ 8.5, 10.5, 10.5, 12 ], "texture": "#atlas" },
				"north": { "uv": [ 8.5, 10.5, 10.5, 12 ], "texture": "#atlas" },
				"south": { "uv": [ 8.5, 12, 10.5, 13.5 ], "texture": "#atlas" },
				"west": { "uv": [ 9, 12, 10.5, 13.5 ], "texture": "#atlas" },
				"east": { "uv": [ 9, 10.5, 10.5, 12 ], "texture": "#atlas" }
			}
		},
		{
			"__comment": "Cube12",
			"from": [ 6.25, 9.75, 11.625 ],
			"to": [ 7.5, 10.125, 13.375 ],
			"faces": {
				"down": { "uv": [ 13, 11, 15, 14 ], "texture": "#atlas", "rotation": 270 },
				"up": { "uv": [ 13, 11, 15, 14 ], "texture": "#atlas", "rotation": 270 },
				"north": { "uv": [ 13, 11, 13.5, 14 ], "texture": "#atlas", "rotation": 270 },
				"south": { "uv": [ 13, 11, 13.5, 14 ], "texture": "#atlas", "rotation": 270 },
				"west": { "uv": [ 13, 11, 15, 11.5 ], "texture": "#atlas" }
			}
		},
		{
			"__comment": "Cube13",
			"from": [ 8.625, 9.75, 10.25 ],
			"to": [ 8.875, 12.75, 10.75 ],
			"rotation": { "origin": [ 8.625, 9.75, 10.25 ], "axis": "z", "angle": -45 },
			"faces": {
				"up": { "uv": [ 8, 8.5, 8.5, 9 ], "texture": "#atlas" },
				"north": { "uv": [ 4.5, 10, 5, 11.5 ], "texture": "#atlas" },
				"south": { "uv": [ 7, 13, 7.5, 14.5 ], "texture": "#atlas" },
				"west": { "uv": [ 5.5, 10, 6, 11.5 ], "texture": "#atlas" },
				"east": { "uv": [ 5, 10, 5.5, 11.5 ], "texture": "#atlas" }
			}
		},
		{
			"__comment": "Cube13",
			"from": [ 10.375, 11.375, 10.75 ],
			"to": [ 10.875, 11.875, 12.375 ],
			"faces": {
				"down": { "uv": [ 13.5, 8, 16, 8.5 ], "texture": "#atlas", "rotation": 270 },
				"up": { "uv": [ 13.5, 8, 16, 8.5 ], "texture": "#atlas", "rotation": 270 },
				"north": { "uv": [ 15, 8, 15.5, 8.5 ], "texture": "#atlas" },
				"south": { "uv": [ 14, 8, 14.5, 8.5 ], "texture": "#atlas" },
				"west": { "uv": [ 13.5, 8, 16, 8.5 ], "texture": "#atlas" },
				"east": { "uv": [ 13.5, 8, 16, 8.5 ], "texture": "#atlas", "rotation": 180 }
			}
		},
		{
			"__comment": "Cube14",
			"from": [ 8, 10.5, 15.25 ],
			"to": [ 9, 11, 17.875 ],
			"faces": {
				"up": { "uv": [ 6.5, 10.5, 7, 11.5 ], "texture": "#atlas" },
				"north": { "uv": [ 7.5, 14, 8, 14.5 ], "texture": "#atlas" },
				"south": { "uv": [ 7.5, 13.5, 8, 14 ], "texture": "#atlas" },
				"west": { "uv": [ 3.5, 10, 4.5, 10.5 ], "texture": "#atlas" },
				"east": { "uv": [ 6, 11.5, 7, 12 ], "texture": "#atlas" }
			}
		},
		{
			"__comment": "Cube15",
			"from": [ 8.25, 11, 16.625 ],
			"to": [ 8.75, 11.25, 17.625 ],
			"faces": {
				"up": { "uv": [ 7.5, 12, 8, 12.5 ], "texture": "#atlas" },
				"north": { "uv": [ 9, 15, 9.5, 15.5 ], "texture": "#atlas" },
				"south": { "uv": [ 7.5, 11, 8, 11.5 ], "texture": "#atlas" },
				"west": { "uv": [ 7.5, 10.5, 8, 11 ], "texture": "#atlas" },
				"east": { "uv": [ 7.5, 10, 8, 10.5 ], "texture": "#atlas" }
			}
		},
		{
			"__comment": "Cube16",
			"from": [ 8.125, 9.25, 18.25 ],
			"to": [ 8.875, 10.125, 25.125 ],
			"faces": {
				"down": { "uv": [ 5, 11.5, 5.5, 14.5 ], "texture": "#atlas" },
				"up": { "uv": [ 4.5, 11.5, 5, 14.5 ], "texture": "#atlas" },
				"south": { "uv": [ 7.5, 8.5, 8, 9 ], "texture": "#atlas" },
				"west": { "uv": [ 4.5, 14.5, 7.5, 15 ], "texture": "#atlas" },
				"east": { "uv": [ 4.5, 15, 7.5, 15.5 ], "texture": "#atlas" }
			}
		},
		{
			"__comment": "Cube17",
			"from": [ 8.125, 8.25, 21.625 ],
			"to": [ 8.875, 9.25, 24.875 ],
			"faces": {
				"down": { "uv": [ 4.5, 8.5, 5, 10 ], "texture": "#atlas" },
				"north": { "uv": [ 8, 14, 8.5, 14.5 ], "texture": "#atlas" },
				"south": { "uv": [ 8, 13.5, 8.5, 14 ], "texture": "#atlas" },
				"west": { "uv": [ 6, 12, 7.5, 12.5 ], "texture": "#atlas" },
				"east": { "uv": [ 14.5, 15.5, 16, 16 ], "texture": "#atlas" }
			}
		},
		{
			"__comment": "Cube18",
			"from": [ 8.125, 7.25, 22.875 ],
			"to": [ 8.875, 8.25, 25.5 ],
			"faces": {
				"down": { "uv": [ 7, 10.5, 7.5, 11.5 ], "texture": "#atlas" },
				"up": { "uv": [ 5, 9, 5.5, 10 ], "texture": "#atlas" },
				"north": { "uv": [ 8, 11, 8.5, 11.5 ], "texture": "#atlas" },
				"south": { "uv": [ 8, 10.5, 8.5, 11 ], "texture": "#atlas" },
				"west": { "uv": [ 6.5, 10, 7.5, 10.5 ], "texture": "#atlas" },
				"east": { "uv": [ 3.5, 10.5, 4.5, 11 ], "texture": "#atlas" }
			}
		},
		{
			"__comment": "Cube19",
			"from": [ 8.25, 7.25, 19.5 ],
			"to": [ 8.75, 9.5, 20.25 ],
			"rotation": { "origin": [ 8.25, 7.25, 19.5 ], "axis": "x", "angle": -22.5 },
			"faces": {
				"down": { "uv": [ 8, 9, 8.5, 9.5 ], "texture": "#atlas" },
				"north": { "uv": [ 1, 8, 1.5, 9 ], "texture": "#atlas" },
				"south": { "uv": [ 1.5, 8, 2, 9 ], "texture": "#atlas" },
				"west": { "uv": [ 5.5, 11.5, 6, 12.5 ], "texture": "#atlas" },
				"east": { "uv": [ 6, 10.5, 6.5, 11.5 ], "texture": "#atlas" }
			}
		}
	]
}