{
	"__comment": "Designed by Robotnikman with Cubik Studio - https://cubik.studio",
	"textures": {
		"atlas": "item/robotnikman/guns/m4"
	},
	"elements": [
		{
			"__comment": "Box1",
			"from": [ 7.5, 10, -9.5 ],
			"to": [ 8.5, 11, -5 ],
			"faces": {
				"down": { "uv": [ 14, 11.5, 16, 12 ], "texture": "#atlas" },
				"up": { "uv": [ 14, 11.5, 16, 12 ], "texture": "#atlas" },
				"north": { "uv": [ 13.5, 8.5, 16, 11 ], "texture": "#atlas" },
				"south": { "uv": [ 14, 11.5, 14.5, 12 ], "texture": "#atlas" },
				"west": { "uv": [ 14, 11.5, 16, 12 ], "texture": "#atlas" },
				"east": { "uv": [ 14, 11.5, 16, 12 ], "texture": "#atlas" }
			}
		},
		{
			"__comment": "Box2",
			"from": [ 6.5, 10.5, -5 ],
			"to": [ 8.5, 12.5, 2 ],
			"rotation": { "origin": [ 6.5, 10.5, -5 ], "axis": "z", "angle": -45 },
			"faces": {
				"down": { "uv": [ 9.5, 11.5, 13, 12.5 ], "texture": "#atlas" },
				"up": { "uv": [ 9.5, 11.5, 13, 12.5 ], "texture": "#atlas" },
				"north": { "uv": [ 13, 11.5, 14, 12.5 ], "texture": "#atlas" },
				"south": { "uv": [ 13, 11.5, 14, 12.5 ], "texture": "#atlas" },
				"west": { "uv": [ 9.5, 11.5, 13, 12.5 ], "texture": "#atlas" },
				"east": { "uv": [ 9.5, 11.5, 13, 12.5 ], "texture": "#atlas" }
			}
		},
		{
			"__comment": "Box3",
			"from": [ 7, 9, 2 ],
			"to": [ 9, 12, 8.5 ],
			"faces": {
				"down": { "uv": [ 5.5, 11.5, 6.5, 14.5 ], "texture": "#atlas" },
				"up": { "uv": [ 6.5, 11.5, 7.5, 14.5 ], "texture": "#atlas" },
				"north": { "uv": [ 8.5, 11.5, 9.5, 13 ], "texture": "#atlas" },
				"south": { "uv": [ 4.5, 11.5, 5.5, 13 ], "texture": "#atlas" },
				"west": { "uv": [ 5.5, 11.5, 8.5, 13 ], "texture": "#atlas" },
				"east": { "uv": [ 5.5, 11.5, 8.5, 13 ], "texture": "#atlas" }
			}
		},
		{
			"__comment": "Box4",
			"from": [ 7.5, 12, 7 ],
			"to": [ 8.5, 13, 8 ],
			"faces": {
				"north": { "uv": [ 5, 11, 5.5, 11.5 ], "texture": "#atlas" },
				"south": { "uv": [ 5, 11, 5.5, 11.5 ], "texture": "#atlas" },
				"west": { "uv": [ 5, 11, 5.5, 11.5 ], "texture": "#atlas" },
				"east": { "uv": [ 5, 11, 5.5, 11.5 ], "texture": "#atlas" }
			}
		},
		{
			"__comment": "Box5",
			"from": [ 7.5, 12, 2 ],
			"to": [ 8.5, 13, 2.5 ],
			"faces": {
				"north": { "uv": [ 8, 11, 8.5, 11.5 ], "texture": "#atlas" },
				"south": { "uv": [ 8, 11, 8.5, 11.5 ], "texture": "#atlas" },
				"west": { "uv": [ 8, 11, 8.5, 11.5 ], "texture": "#atlas" },
				"east": { "uv": [ 8, 11, 8.5, 11.5 ], "texture": "#atlas" }
			}
		},
		{
			"__comment": "Box6",
			"from": [ 7.5, 13, 2 ],
			"to": [ 8.5, 13.5, 8 ],
			"faces": {
				"down": { "uv": [ 5.5, 10.5, 8.5, 11 ], "texture": "#atlas" },
				"up": { "uv": [ 5.5, 10.5, 8.5, 11 ], "texture": "#atlas" },
				"north": { "uv": [ 8, 10.5, 8.5, 11 ], "texture": "#atlas" },
				"south": { "uv": [ 8, 11, 8.5, 11.5 ], "texture": "#atlas" },
				"west": { "uv": [ 5.5, 10.5, 8.5, 11 ], "texture": "#atlas" },
				"east": { "uv": [ 5.5, 10.5, 8.5, 11 ], "texture": "#atlas" }
			}
		},
		{
			"__comment": "Box7",
			"from": [ 7, 8, 2.5 ],
			"to": [ 9, 9, 7.5 ],
			"faces": {
				"down": { "uv": [ 5.5, 14.5, 8, 15.5 ], "texture": "#atlas", "rotation": 270 },
				"north": { "uv": [ 5.5, 13.5, 6.5, 14 ], "texture": "#atlas" },
				"south": { "uv": [ 7.5, 13.5, 8.5, 14 ], "texture": "#atlas" },
				"west": { "uv": [ 5.5, 14, 8, 14.5 ], "texture": "#atlas" },
				"east": { "uv": [ 5.5, 14, 8, 14.5 ], "texture": "#atlas" }
			}
		},
		{
			"__comment": "Box8",
			"from": [ 7.5, 6, 8.5 ],
			"to": [ 8.5, 9.5, 10 ],
			"rotation": { "origin": [ 7.5, 6, 8.5 ], "axis": "x", "angle": -45 },
			"faces": {
				"down": { "uv": [ 5, 8, 5.5, 8.5 ], "texture": "#atlas" },
				"up": { "uv": [ 5.5, 8, 6, 8.5 ], "texture": "#atlas" },
				"north": { "uv": [ 4.5, 14, 5, 15.5 ], "texture": "#atlas" },
				"south": { "uv": [ 4.5, 14, 5, 15.5 ], "texture": "#atlas" },
				"west": { "uv": [ 4.5, 14, 5, 15.5 ], "texture": "#atlas" },
				"east": { "uv": [ 4.5, 14, 5, 15.5 ], "texture": "#atlas" }
			}
		},
		{
			"__comment": "Box9",
			"from": [ 7.5, 4.5, 2.5 ],
			"to": [ 8.5, 8, 4.5 ],
			"rotation": { "origin": [ 7.5, 4.5, 2.5 ], "axis": "x", "angle": 0 },
			"faces": {
				"down": { "uv": [ 0, 0, 0.5, 1 ], "texture": "#atlas" },
				"north": { "uv": [ 8.5, 14, 9, 15.5 ], "texture": "#atlas" },
				"south": { "uv": [ 9, 14, 9.5, 15.5 ], "texture": "#atlas" },
				"west": { "uv": [ 8.5, 14, 9.5, 15.5 ], "texture": "#atlas" },
				"east": { "uv": [ 8.5, 14, 9.5, 15.5 ], "texture": "#atlas" }
			}
		},
		{
			"__comment": "Box10",
			"from": [ 7.5, 10.5, 8.5 ],
			"to": [ 8.5, 11.5, 14 ],
			"faces": {
				"down": { "uv": [ 2, 11.5, 4.5, 12 ], "texture": "#atlas" },
				"up": { "uv": [ 2, 11.5, 4.5, 12 ], "texture": "#atlas" },
				"south": { "uv": [ 1.5, 11.5, 2, 12 ], "texture": "#atlas" },
				"west": { "uv": [ 2, 11.5, 4.5, 12 ], "texture": "#atlas" },
				"east": { "uv": [ 2, 11.5, 4.5, 12 ], "texture": "#atlas" }
			}
		},
		{
			"__comment": "Box11",
			"from": [ 7.5, 9.5, 10 ],
			"to": [ 8.5, 10.5, 14 ],
			"faces": {
				"down": { "uv": [ 2, 12, 4, 12.5 ], "texture": "#atlas" },
				"north": { "uv": [ 3.5, 12, 4, 12.5 ], "texture": "#atlas" },
				"south": { "uv": [ 1.5, 12, 2, 12.5 ], "texture": "#atlas" },
				"west": { "uv": [ 2, 12, 4, 12.5 ], "texture": "#atlas" },
				"east": { "uv": [ 2, 12, 4, 12.5 ], "texture": "#atlas" }
			}
		},
		{
			"__comment": "Box12",
			"from": [ 7.5, 8.5, 13 ],
			"to": [ 8.5, 9.5, 14 ],
			"faces": {
				"down": { "uv": [ 2, 12.5, 2.5, 13 ], "texture": "#atlas" },
				"north": { "uv": [ 2, 12.5, 2.5, 13 ], "texture": "#atlas" },
				"south": { "uv": [ 1.5, 12.5, 2, 13 ], "texture": "#atlas" },
				"west": { "uv": [ 2, 12.5, 2.5, 13 ], "texture": "#atlas" },
				"east": { "uv": [ 2, 12.5, 2.5, 13 ], "texture": "#atlas" }
			}
		}
	],
	"display": {
		"gui": {
			"rotation":  [ 30, 45, 0 ],
			"scale":  [ 0.5, 0.5, 0.5 ]
		}
	}
}