{"__comment":"Crafted by NullBlox - Do Not Distribute or Modify with outPermission.","textures":{"particle":"item/nubx/nulls_white","texture":"item/nubx/nulls_teal"},"elements":[{"from":[5,5,5],"to":[11,6,11],"faces":{"up":{"uv":[5,5,11,11],"texture":"#texture"},"north":{"uv":[5,10,11,11],"texture":"#texture"},"south":{"uv":[5,10,11,11],"texture":"#texture"},"west":{"uv":[5,10,11,11],"texture":"#texture"},"east":{"uv":[5,10,11,11],"texture":"#texture"}}},{"from":[1,0,1],"to":[15,1,15],"faces":{"down":{"uv":[1,1,15,15],"texture":"#texture","cullface":"down"},"up":{"uv":[1,1,15,15],"texture":"#texture"},"north":{"uv":[1,15,15,16],"texture":"#texture"},"south":{"uv":[1,15,15,16],"texture":"#texture"},"west":{"uv":[1,15,15,16],"texture":"#texture"},"east":{"uv":[1,15,15,16],"texture":"#texture"}}},{"from":[2,0,0],"to":[14,1,1],"faces":{"down":{"uv":[2,0,14,1],"texture":"#texture","cullface":"down"},"up":{"uv":[2,0,14,1],"texture":"#texture"},"north":{"uv":[2,15,14,16],"texture":"#texture","cullface":"north"},"west":{"uv":[0,15,1,16],"texture":"#texture"},"east":{"uv":[0,15,1,16],"texture":"#texture"}}},{"from":[2,0,15],"to":[14,1,16],"faces":{"down":{"uv":[2,15,14,16],"texture":"#texture","cullface":"down"},"up":{"uv":[2,15,14,16],"texture":"#texture"},"south":{"uv":[2,15,14,16],"texture":"#texture","cullface":"south"},"west":{"uv":[15,15,16,16],"texture":"#texture"},"east":{"uv":[15,15,16,16],"texture":"#texture"}}},{"from":[0,0,2],"to":[1,1,13],"faces":{"down":{"uv":[0,2,1,13],"texture":"#texture","cullface":"down"},"up":{"uv":[0,2,1,13],"texture":"#texture"},"north":{"uv":[0,15,1,16],"texture":"#texture"},"south":{"uv":[0,15,1,16],"texture":"#texture"},"west":{"uv":[2,15,13,16],"texture":"#texture","cullface":"west"}}},{"from":[15,0,2],"to":[16,1,13],"faces":{"down":{"uv":[15,2,16,13],"texture":"#texture","cullface":"down"},"up":{"uv":[15,2,16,13],"texture":"#texture"},"north":{"uv":[15,15,16,16],"texture":"#texture"},"south":{"uv":[15,15,16,16],"texture":"#texture"},"east":{"uv":[2,15,13,16],"texture":"#texture","cullface":"east"}}},{"from":[4,5,6],"to":[5,6,10],"faces":{"up":{"uv":[4,6,5,10],"texture":"#texture"},"north":{"uv":[11,10,12,11],"texture":"#texture"},"south":{"uv":[4,10,5,11],"texture":"#texture"},"west":{"uv":[6,10,10,11],"texture":"#texture"}}},{"from":[11,5,6],"to":[12,6,10],"faces":{"up":{"uv":[11,6,12,10],"texture":"#texture"},"north":{"uv":[4,10,5,11],"texture":"#texture"},"south":{"uv":[11,10,12,11],"texture":"#texture"},"east":{"uv":[6,10,10,11],"texture":"#texture"}}},{"from":[6,5,11],"to":[10,6,12],"faces":{"up":{"uv":[6,11,10,12],"texture":"#texture"},"south":{"uv":[6,10,10,11],"texture":"#texture"},"west":{"uv":[11,10,12,11],"texture":"#texture"},"east":{"uv":[4,10,5,11],"texture":"#texture"}}},{"from":[6,5,4],"to":[10,6,5],"faces":{"up":{"uv":[6,4,10,5],"texture":"#texture"},"north":{"uv":[6,10,10,11],"texture":"#texture"},"west":{"uv":[4,10,5,11],"texture":"#texture"},"east":{"uv":[11,10,12,11],"texture":"#texture"}}},{"from":[3,1,3],"to":[13,5,13],"faces":{"up":{"uv":[3,3,13,13],"texture":"#texture"},"north":{"uv":[3,11,13,15],"texture":"#texture"},"south":{"uv":[3,11,13,15],"texture":"#texture"},"west":{"uv":[3,11,13,15],"texture":"#texture"},"east":{"uv":[3,11,13,15],"texture":"#texture"}}},{"from":[4.5,1,13],"to":[11.5,5,14],"faces":{"up":{"uv":[4.5,13,11.5,14],"texture":"#texture"},"south":{"uv":[4.5,11,11.5,15],"texture":"#texture"},"west":{"uv":[13,11,14,15],"texture":"#texture"},"east":{"uv":[2,11,3,15],"texture":"#texture"}}},{"from":[4.5,1,2],"to":[11.5,5,3],"faces":{"up":{"uv":[4.5,2,11.5,3],"texture":"#texture"},"north":{"uv":[4.5,11,11.5,15],"texture":"#texture"},"west":{"uv":[2,11,3,15],"texture":"#texture"},"east":{"uv":[13,11,14,15],"texture":"#texture"}}},{"from":[13,1,4.5],"to":[14,5,11.5],"faces":{"up":{"uv":[13,4.5,14,11.5],"texture":"#texture"},"north":{"uv":[2,11,3,15],"texture":"#texture"},"south":{"uv":[13,11,14,15],"texture":"#texture"},"east":{"uv":[4.5,11,11.5,15],"texture":"#texture"}}},{"from":[2,1,4.5],"to":[3,5,11],"faces":{"up":{"uv":[2,4.5,3,11],"texture":"#texture"},"north":{"uv":[13,11,14,15],"texture":"#texture"},"south":{"uv":[2,11,3,15],"texture":"#texture"},"west":{"uv":[4.5,11,11,15],"texture":"#texture"}}},{"from":[7.5,6,5.5],"to":[8.5,7,7],"faces":{"up":{"uv":[0,0,1,1],"texture":"#texture"},"north":{"uv":[0,0,1,1],"texture":"#texture"},"west":{"uv":[0,0,1,1],"texture":"#texture"},"east":{"uv":[0,0,1,1],"texture":"#texture"}}},{"from":[7.5,6,9.5],"to":[8.5,7,11],"faces":{"up":{"uv":[0,0,1,1],"texture":"#texture"},"south":{"uv":[0,0,1,1],"texture":"#texture"},"west":{"uv":[0,0,1,1],"texture":"#texture"},"east":{"uv":[0,0,1,1],"texture":"#texture"}}},{"from":[7,6,7],"to":[9,7,7.5],"faces":{"up":{"uv":[0,0,1,1],"texture":"#texture"},"north":{"uv":[0,0,1,1],"texture":"#texture"},"south":{"uv":[0,0,1,1],"texture":"#texture"},"west":{"uv":[0,0,1,1],"texture":"#texture"},"east":{"uv":[0,0,1,1],"texture":"#texture"}}},{"from":[7,6,9],"to":[9,7,9.5],"faces":{"up":{"uv":[0,0,1,1],"texture":"#texture"},"north":{"uv":[0,0,1,1],"texture":"#texture"},"south":{"uv":[0,0,1,1],"texture":"#texture"},"west":{"uv":[0,0,1,1],"texture":"#texture"},"east":{"uv":[0,0,1,1],"texture":"#texture"}}},{"from":[6.5,6,7.5],"to":[7,7,9],"faces":{"up":{"uv":[0,0,1,1],"texture":"#texture"},"north":{"uv":[0,0,1,1],"texture":"#texture"},"south":{"uv":[0,0,1,1],"texture":"#texture"},"west":{"uv":[0,0,1,1],"texture":"#texture"},"east":{"uv":[0,0,1,1],"texture":"#texture"}}},{"from":[9,6,7.5],"to":[9.5,7,9],"faces":{"up":{"uv":[0,0,1,1],"texture":"#texture"},"north":{"uv":[0,0,1,1],"texture":"#texture"},"south":{"uv":[0,0,1,1],"texture":"#texture"},"west":{"uv":[0,0,1,1],"texture":"#texture"},"east":{"uv":[0,0,1,1],"texture":"#texture"}}}],"display":{"thirdperson_righthand":{"rotation":[0,0,-54],"translation":[0,0,0],"scale":[0.5,0.5,0.5 ]},"thirdperson_lefthand":{"rotation":[0,0,-54],"translation":[0,0,0],"scale":[0.5,0.5,0.5 ]},"head":{"rotation":[0,0,0],"translation":[0,14.17,-0.19],"scale":[1,1,1 ]},"ground":{"rotation":[0,0,0],"translation":[0,4.54,0],"scale":[0.5,0.5,0.5 ]},"fixed":{"rotation":[-90,0,0],"translation":[0,0,-7.94],"scale":[1,1,1 ]},"firstperson_righthand":{"rotation":[0,0,75],"translation":[0,0.94,0],"scale":[0.5,0.5,0.5 ]},"firstperson_lefthand":{"rotation":[0,0,75],"translation":[0,0.94,0],"scale":[0.5,0.5,0.5 ]},"gui":{"rotation":[30,225,0],"translation":[0,2.65,0],"scale":[0.62,0.62,0.62 ]}}}