{"__comment":"Crafted by NullBlox - Do Not Distribute or Modify with outPermission.","textures":{"particle":"item/nubx/nulls_white","texture":"item/nubx/nulls_dark_red"},"elements":[{"from":[7,0,7],"to":[9,1,9],"faces":{"down":{"uv":[1,1,0,0],"texture":"#texture","cullface":"down"},"up":{"uv":[0,0,1,1],"texture":"#texture"},"north":{"uv":[0,0,1,1],"texture":"#texture"},"south":{"uv":[0,0,1,1],"texture":"#texture"},"west":{"uv":[0,0,1,1],"texture":"#texture"},"east":{"uv":[0,0,1,1],"texture":"#texture"}}},{"from":[7.25,1,7.25],"to":[8.75,2,8.75],"faces":{"up":{"uv":[0,0,1,1],"texture":"#texture"},"north":{"uv":[0,0,1,1],"texture":"#texture"},"south":{"uv":[0,0,1,1],"texture":"#texture"},"west":{"uv":[0,0,1,1],"texture":"#texture"},"east":{"uv":[0,0,1,1],"texture":"#texture"}}},{"from":[7.5,2,7.5],"to":[8.5,2.5,8.5],"faces":{"north":{"uv":[0,0,1,1],"texture":"#texture"},"south":{"uv":[0,0,1,1],"texture":"#texture"},"west":{"uv":[0,0,1,1],"texture":"#texture"},"east":{"uv":[0,0,1,1],"texture":"#texture"}}},{"from":[7.25,2.5,7.25],"to":[8.75,3.5,8.75],"faces":{"down":{"uv":[1,1,0,0],"texture":"#texture"},"up":{"uv":[0,0,1,1],"texture":"#texture"},"north":{"uv":[0,0,1,1],"texture":"#texture"},"south":{"uv":[0,0,1,1],"texture":"#texture"},"west":{"uv":[0,0,1,1],"texture":"#texture"},"east":{"uv":[0,0,1,1],"texture":"#texture"}}},{"from":[7.25,4,7.25],"to":[8.75,5,8.75],"faces":{"down":{"uv":[1,1,0,0],"texture":"#texture"},"up":{"uv":[0,0,1,1],"texture":"#texture"},"north":{"uv":[0,0,1,1],"texture":"#texture"},"south":{"uv":[0,0,1,1],"texture":"#texture"},"west":{"uv":[0,0,1,1],"texture":"#texture"},"east":{"uv":[0,0,1,1],"texture":"#texture"}}},{"from":[7.25,5.5,7.25],"to":[8.75,7,8.75],"faces":{"down":{"uv":[1,1,0,0],"texture":"#texture"},"up":{"uv":[0,0,1,1],"texture":"#texture"},"north":{"uv":[0,0,1,1],"texture":"#texture"},"south":{"uv":[0,0,1,1],"texture":"#texture"},"west":{"uv":[0,0,1,1],"texture":"#texture"},"east":{"uv":[0,0,1,1],"texture":"#texture"}}},{"from":[7.5,3.5,7.5],"to":[8.5,4,8.5],"faces":{"north":{"uv":[0,0,1,1],"texture":"#texture"},"south":{"uv":[0,0,1,1],"texture":"#texture"},"west":{"uv":[0,0,1,1],"texture":"#texture"},"east":{"uv":[0,0,1,1],"texture":"#texture"}}},{"from":[7.5,5,7.5],"to":[8.5,5.5,8.5],"faces":{"north":{"uv":[0,0,1,1],"texture":"#texture"},"south":{"uv":[0,0,1,1],"texture":"#texture"},"west":{"uv":[0,0,1,1],"texture":"#texture"},"east":{"uv":[0,0,1,1],"texture":"#texture"}}},{"__comment":"Gray","from":[6.5,7,7.5],"to":[9.5,7.5,8.5],"faces":{"down":{"uv":[1,1,0,0],"texture":"#particle"},"up":{"uv":[0,0,1,1],"texture":"#particle"},"north":{"uv":[0,0,1,1],"texture":"#particle"},"south":{"uv":[0,0,1,1],"texture":"#particle"},"west":{"uv":[0,0,1,1],"texture":"#particle"},"east":{"uv":[0,0,1,1],"texture":"#particle"}}},{"__comment":"Gray*","from":[7,7.5,7.5],"to":[9,8,8.5],"faces":{"up":{"uv":[0,0,1,1],"texture":"#particle"},"north":{"uv":[0,0,1,1],"texture":"#particle"},"south":{"uv":[0,0,1,1],"texture":"#particle"},"west":{"uv":[0,0,1,1],"texture":"#particle"},"east":{"uv":[0,0,1,1],"texture":"#particle"}}},{"__comment":"Gray*","from":[7,6.5,7.5],"to":[9,7,8.5],"faces":{"down":{"uv":[1,1,0,0],"texture":"#particle"},"north":{"uv":[0,0,1,1],"texture":"#particle"},"south":{"uv":[0,0,1,1],"texture":"#particle"},"west":{"uv":[0,0,1,1],"texture":"#particle"},"east":{"uv":[0,0,1,1],"texture":"#particle"}}},{"__comment":"Gray*","from":[7,8,7.75],"to":[9,16,8.25],"faces":{"up":{"uv":[0,0,1,1],"texture":"#particle","cullface":"up"},"north":{"uv":[0,0,1,1],"texture":"#particle"},"south":{"uv":[0,0,1,1],"texture":"#particle"},"west":{"uv":[0,0,1,1],"texture":"#particle"},"east":{"uv":[0,0,1,1],"texture":"#particle"}}},{"__comment":"Gray*","from":[7.5,16,7.75],"to":[9,17.5,8.25],"faces":{"up":{"uv":[0,0,1,1],"texture":"#particle","cullface":"up"},"north":{"uv":[0,0,1,1],"texture":"#particle","cullface":"up"},"south":{"uv":[0,0,1,1],"texture":"#particle","cullface":"up"},"west":{"uv":[0,0,1,1],"texture":"#particle","cullface":"up"},"east":{"uv":[0,0,1,1],"texture":"#particle","cullface":"up"}}},{"__comment":"Gray*","from":[8,17.5,7.75],"to":[8.5,18,8.25],"faces":{"up":{"uv":[0,0,1,1],"texture":"#particle","cullface":"up"},"north":{"uv":[0,0,1,1],"texture":"#particle","cullface":"up"},"south":{"uv":[0,0,1,1],"texture":"#particle","cullface":"up"},"west":{"uv":[0,0,1,1],"texture":"#particle","cullface":"up"},"east":{"uv":[0,0,1,1],"texture":"#particle","cullface":"up"}}},{"__comment":"Gray*","from":[9,9.5,7.75],"to":[9.5,10,8.25],"rotation":{"origin":[9,10,7.75],"axis":"z","angle":-45 },"faces":{"down":{"uv":[1,1,0,0],"texture":"#particle"},"up":{"uv":[0,0,1,1],"texture":"#particle"},"north":{"uv":[0,0,1,1],"texture":"#particle"},"south":{"uv":[0,0,1,1],"texture":"#particle"},"east":{"uv":[0,0,1,1],"texture":"#particle"}}},{"__comment":"Gray*","from":[9,10.5,7.75],"to":[9.5,11,8.25],"rotation":{"origin":[9,11,7.75],"axis":"z","angle":-45 },"faces":{"down":{"uv":[1,1,0,0],"texture":"#particle"},"up":{"uv":[0,0,1,1],"texture":"#particle"},"north":{"uv":[0,0,1,1],"texture":"#particle"},"south":{"uv":[0,0,1,1],"texture":"#particle"},"east":{"uv":[0,0,1,1],"texture":"#particle"}}},{"__comment":"Gray*","from":[9,11.5,7.75],"to":[9.5,12,8.25],"rotation":{"origin":[9,12,7.75],"axis":"z","angle":-45 },"faces":{"down":{"uv":[1,1,0,0],"texture":"#particle"},"up":{"uv":[0,0,1,1],"texture":"#particle"},"north":{"uv":[0,0,1,1],"texture":"#particle"},"south":{"uv":[0,0,1,1],"texture":"#particle"},"east":{"uv":[0,0,1,1],"texture":"#particle"}}},{"__comment":"Gray*","from":[9,12.5,7.75],"to":[9.5,13,8.25],"rotation":{"origin":[9,13,7.75],"axis":"z","angle":-45 },"faces":{"down":{"uv":[1,1,0,0],"texture":"#particle"},"up":{"uv":[0,0,1,1],"texture":"#particle"},"north":{"uv":[0,0,1,1],"texture":"#particle"},"south":{"uv":[0,0,1,1],"texture":"#particle"},"east":{"uv":[0,0,1,1],"texture":"#particle"}}},{"__comment":"Gray*","from":[9,13.5,7.75],"to":[9.5,14,8.25],"rotation":{"origin":[9,14,7.75],"axis":"z","angle":-45 },"faces":{"down":{"uv":[1,1,0,0],"texture":"#particle"},"up":{"uv":[0,0,1,1],"texture":"#particle"},"north":{"uv":[0,0,1,1],"texture":"#particle"},"south":{"uv":[0,0,1,1],"texture":"#particle"},"east":{"uv":[0,0,1,1],"texture":"#particle"}}},{"__comment":"Gray*","from":[9,14.5,7.75],"to":[9.5,15,8.25],"rotation":{"origin":[9,15,7.75],"axis":"z","angle":-45 },"faces":{"down":{"uv":[1,1,0,0],"texture":"#particle"},"up":{"uv":[0,0,1,1],"texture":"#particle"},"north":{"uv":[0,0,1,1],"texture":"#particle"},"south":{"uv":[0,0,1,1],"texture":"#particle"},"east":{"uv":[0,0,1,1],"texture":"#particle"}}},{"__comment":"Gray*","from":[9,8.5,7.75],"to":[9.5,9,8.25],"rotation":{"origin":[9,9,7.75],"axis":"z","angle":-45 },"faces":{"down":{"uv":[1,1,0,0],"texture":"#particle"},"up":{"uv":[0,0,1,1],"texture":"#particle"},"north":{"uv":[0,0,1,1],"texture":"#particle"},"south":{"uv":[0,0,1,1],"texture":"#particle"},"east":{"uv":[0,0,1,1],"texture":"#particle"}}},{"__comment":"Gray*","from":[7,8.5,7.75],"to":[7.5,9,8.25],"rotation":{"origin":[7,9,7.75],"axis":"z","angle":-45 },"faces":{"down":{"uv":[1,1,0,0],"texture":"#particle"},"up":{"uv":[0,0,1,1],"texture":"#particle"},"north":{"uv":[0,0,1,1],"texture":"#particle"},"south":{"uv":[0,0,1,1],"texture":"#particle"},"west":{"uv":[0,0,1,1],"texture":"#particle"},"east":{"uv":[0,0,1,1],"texture":"#particle"}}},{"__comment":"Gray*","from":[7,9.5,7.75],"to":[7.5,10,8.25],"rotation":{"origin":[7,10,7.75],"axis":"z","angle":-45 },"faces":{"down":{"uv":[1,1,0,0],"texture":"#particle"},"up":{"uv":[0,0,1,1],"texture":"#particle"},"north":{"uv":[0,0,1,1],"texture":"#particle"},"south":{"uv":[0,0,1,1],"texture":"#particle"},"west":{"uv":[0,0,1,1],"texture":"#particle"},"east":{"uv":[0,0,1,1],"texture":"#particle"}}},{"__comment":"Gray*","from":[7,10.5,7.75],"to":[7.5,11,8.25],"rotation":{"origin":[7,11,7.75],"axis":"z","angle":-45 },"faces":{"down":{"uv":[1,1,0,0],"texture":"#particle"},"up":{"uv":[0,0,1,1],"texture":"#particle"},"north":{"uv":[0,0,1,1],"texture":"#particle"},"south":{"uv":[0,0,1,1],"texture":"#particle"},"west":{"uv":[0,0,1,1],"texture":"#particle"},"east":{"uv":[0,0,1,1],"texture":"#particle"}}}],"display":{"thirdperson_righthand":{"rotation":[0,-90,0],"translation":[0,0.76,0.94],"scale":[0.7,0.7,0.7 ]},"thirdperson_lefthand":{"rotation":[0,90,0],"translation":[0,0.76,0.94],"scale":[0.7,0.7,0.7 ]},"head":{"rotation":[0,0,164],"translation":[-4.35,-24,3.4],"scale":[0.8,0.8,0.8 ]},"ground":{"rotation":[0,0,0],"translation":[0,3.4,0],"scale":[0.5,0.5,0.5 ]},"fixed":{"rotation":[0,0,0],"translation":[0,-0.94,0],"scale":[0.8,0.8,0.8 ]},"firstperson_righthand":{"rotation":[0,-71,-16],"translation":[0,1.7,0],"scale":[0.7,0.7,0.7 ]},"firstperson_lefthand":{"rotation":[0,105,16],"translation":[0,1.7,0],"scale":[0.7,0.7,0.7 ]},"gui":{"rotation":[30,225,0],"translation":[0,0,0],"scale":[0.625,0.625,0.625 ]}}}