{
	"__comment": "Designed by Robotnikman with Cubik Studio - https://cubik.studio",
	"textures": {
		"atlas": "robotnikman/guns/avre"
	},
	"elements": [
		{
			"__comment": "Box1",
			"from": [ 7, 11, 0 ],
			"to": [ 9, 13, 5 ],
			"faces": {
				"down": { "uv": [ 1.5, 13.5, 4, 14.5 ], "texture": "#atlas", "cullface": "north" },
				"up": { "uv": [ 1.5, 13.5, 4, 14.5 ], "texture": "#atlas", "cullface": "north" },
				"west": { "uv": [ 1.5, 13.5, 4, 14.5 ], "texture": "#atlas", "cullface": "north" },
				"east": { "uv": [ 1.5, 13.5, 4, 14.5 ], "texture": "#atlas", "cullface": "north" }
			}
		},
		{
			"__comment": "Box2",
			"from": [ 5.5, 9.5, -6.5 ],
			"to": [ 10.5, 14.5, 0 ],
			"faces": {
				"down": { "uv": [ 12.5, 6, 15, 9 ], "texture": "#atlas", "cullface": "north" },
				"up": { "uv": [ 12.5, 6, 15, 9 ], "texture": "#atlas", "cullface": "north" },
				"north": { "uv": [ 6, 5, 11, 10 ], "texture": "#atlas", "cullface": "north" },
				"south": { "uv": [ 7.5, 0.5, 10, 3 ], "texture": "#atlas", "cullface": "north" },
				"west": { "uv": [ 12.5, 6, 15, 9 ], "texture": "#atlas", "cullface": "north" },
				"east": { "uv": [ 12.5, 6, 15, 9 ], "texture": "#atlas", "cullface": "north" }
			}
		},
		{
			"__comment": "Box3",
			"from": [ 7, 9.5, 5 ],
			"to": [ 9, 13.5, 15.5 ],
			"faces": {
				"down": { "uv": [ 5, 15, 10, 16 ], "texture": "#atlas", "rotation": 270 },
				"up": { "uv": [ 5, 12, 10, 13 ], "texture": "#atlas", "rotation": 270 },
				"north": { "uv": [ 4, 13, 5, 15 ], "texture": "#atlas" },
				"south": { "uv": [ 11, 12, 13, 16 ], "texture": "#atlas" },
				"west": { "uv": [ 5, 13, 10, 15 ], "texture": "#atlas" },
				"east": { "uv": [ 5, 13, 10, 15 ], "texture": "#atlas" }
			}
		},
		{
			"__comment": "Box4",
			"from": [ 7.5, 13.5, 7.5 ],
			"to": [ 8.5, 14.5, 8.5 ],
			"faces": {
				"north": { "uv": [ 5.5, 11.5, 6, 12 ], "texture": "#atlas" },
				"south": { "uv": [ 5.5, 11.5, 6, 12 ], "texture": "#atlas" },
				"west": { "uv": [ 5.5, 11.5, 6, 12 ], "texture": "#atlas" },
				"east": { "uv": [ 5.5, 11.5, 6, 12 ], "texture": "#atlas" }
			}
		},
		{
			"__comment": "Box5",
			"from": [ 7.5, 14.5, 0 ],
			"to": [ 8.5, 15.5, 8.5 ],
			"faces": {
				"down": { "uv": [ 2, 11, 6, 11.5 ], "texture": "#atlas", "cullface": "north" },
				"up": { "uv": [ 2, 11, 6, 11.5 ], "texture": "#atlas", "cullface": "north" },
				"south": { "uv": [ 5.5, 11, 6, 11.5 ], "texture": "#atlas", "cullface": "north" },
				"west": { "uv": [ 2, 11, 6, 11.5 ], "texture": "#atlas", "cullface": "north" },
				"east": { "uv": [ 2, 11, 6, 11.5 ], "texture": "#atlas", "cullface": "north" }
			}
		},
		{
			"__comment": "Box6",
			"from": [ 7.5, 7, 7.5 ],
			"to": [ 8.5, 9.5, 8.5 ],
			"faces": {
				"down": { "uv": [ 5.5, 11.5, 6, 12 ], "texture": "#atlas" },
				"north": { "uv": [ 5.5, 11, 6, 12 ], "texture": "#atlas" },
				"south": { "uv": [ 5.5, 11, 6, 12 ], "texture": "#atlas" },
				"west": { "uv": [ 5.5, 11, 6, 12 ], "texture": "#atlas" },
				"east": { "uv": [ 5.5, 11, 6, 12 ], "texture": "#atlas" }
			}
		},
		{
			"__comment": "Box7",
			"from": [ 6.5, 8.5, -6.5 ],
			"to": [ 9.5, 9.5, 0 ],
			"faces": {
				"down": { "uv": [ 13, 6, 14.5, 9 ], "texture": "#atlas", "cullface": "north" },
				"north": { "uv": [ 7, 11, 10, 10 ], "texture": "#atlas", "cullface": "north", "rotation": 180 },
				"south": { "uv": [ 8, 3, 9.5, 3.5 ], "texture": "#atlas", "cullface": "north" },
				"west": { "uv": [ 14.5, 6, 15, 9 ], "texture": "#atlas", "cullface": "north" },
				"east": { "uv": [ 12.5, 6, 13, 9 ], "texture": "#atlas", "cullface": "north" }
			}
		},
		{
			"__comment": "Box8",
			"from": [ 6.5, 14.5, -6.5 ],
			"to": [ 9.5, 15.5, 0 ],
			"faces": {
				"up": { "uv": [ 13, 6, 14.5, 9 ], "texture": "#atlas", "cullface": "north" },
				"north": { "uv": [ 7, 4, 10, 5 ], "texture": "#atlas", "cullface": "north" },
				"south": { "uv": [ 8, 0, 9.5, 0.5 ], "texture": "#atlas", "cullface": "north" },
				"west": { "uv": [ 12.5, 6, 13, 9 ], "texture": "#atlas", "cullface": "north" },
				"east": { "uv": [ 14.5, 6, 15, 9 ], "texture": "#atlas", "cullface": "north" }
			}
		},
		{
			"__comment": "Box9",
			"from": [ 4.5, 10.5, -6.5 ],
			"to": [ 5.5, 13.5, 0 ],
			"faces": {
				"down": { "uv": [ 12.5, 6, 13, 9 ], "texture": "#atlas", "cullface": "north" },
				"up": { "uv": [ 14.5, 6, 15, 9 ], "texture": "#atlas", "cullface": "north" },
				"north": { "uv": [ 11, 6, 12, 9 ], "texture": "#atlas", "cullface": "north" },
				"south": { "uv": [ 7, 1, 7.5, 2.5 ], "texture": "#atlas", "cullface": "north" },
				"west": { "uv": [ 13, 6, 14.5, 9 ], "texture": "#atlas", "cullface": "north", "rotation": 90 }
			}
		},
		{
			"__comment": "Box10",
			"from": [ 10.5, 10.5, -6.5 ],
			"to": [ 11.5, 13.5, 0 ],
			"faces": {
				"down": { "uv": [ 12.5, 6, 13, 9 ], "texture": "#atlas", "cullface": "north" },
				"up": { "uv": [ 14.5, 6, 15, 9 ], "texture": "#atlas", "cullface": "north" },
				"north": { "uv": [ 5, 6, 6, 9 ], "texture": "#atlas", "cullface": "north" },
				"south": { "uv": [ 10, 1, 10.5, 2.5 ], "texture": "#atlas", "cullface": "north" },
				"east": { "uv": [ 13, 6, 14.5, 9 ], "texture": "#atlas", "cullface": "north", "rotation": 90 }
			}
		}
	],
	"display": {
		"gui": {
			"rotation":  [ 30, 135, 0 ],
			"scale":  [ 0.5, 0.5, 0.5 ]
		}
	}
}