{
	"__comment": "Designed by Robotnikman with Cubik Studio - https://cubik.studio",
	"textures": {
		"atlas": "robotnikman/guns/kiloton"
	},
	"elements": [
		{
			"__comment": "Cube1",
			"from": [ 5.5, 3.5, 7 ],
			"to": [ 10.5, 8.5, 10 ],
			"faces": {
				"down": { "uv": [ 0, 13.5, 2.5, 15 ], "texture": "#atlas" },
				"up": { "uv": [ 4.5, 12, 7, 13.5 ], "texture": "#atlas" },
				"north": { "uv": [ 0, 13.5, 2.5, 16 ], "texture": "#atlas" },
				"south": { "uv": [ 0, 13.5, 2.5, 16 ], "texture": "#atlas" },
				"west": { "uv": [ 0, 13.5, 1.5, 16 ], "texture": "#atlas" },
				"east": { "uv": [ 1, 13.5, 2.5, 16 ], "texture": "#atlas" }
			}
		},
		{
			"__comment": "Cube2",
			"from": [ 6.5, 4.5, 5.5 ],
			"to": [ 9.5, 7.5, 7 ],
			"faces": {
				"down": { "uv": [ 0, 12, 1.5, 12.5 ], "texture": "#atlas" },
				"up": { "uv": [ 0, 12, 1.5, 12.5 ], "texture": "#atlas" },
				"west": { "uv": [ 0, 12, 0.5, 13.5 ], "texture": "#atlas" },
				"east": { "uv": [ 0, 12, 0.5, 13.5 ], "texture": "#atlas" }
			}
		},
		{
			"__comment": "Cube3",
			"from": [ 6, 3.5, 2 ],
			"to": [ 10, 8.5, 5.5 ],
			"faces": {
				"down": { "uv": [ 0.5, 14.5, 2.5, 16 ], "texture": "#atlas" },
				"up": { "uv": [ 0.5, 14.5, 2.5, 16 ], "texture": "#atlas" },
				"north": { "uv": [ 4, 4.5, 6, 7 ], "texture": "#atlas" },
				"south": { "uv": [ 0, 11, 2, 13.5 ], "texture": "#atlas" },
				"west": { "uv": [ 2, 4.5, 3.5, 7 ], "texture": "#atlas" },
				"east": { "uv": [ 6.5, 4.5, 8, 7 ], "texture": "#atlas", "rotation": 180 }
			}
		},
		{
			"__comment": "Cube4",
			"from": [ 7, 3.5, 1 ],
			"to": [ 9, 8.5, 2 ],
			"faces": {
				"down": { "uv": [ 0, 13.5, 1, 14 ], "texture": "#atlas" },
				"up": { "uv": [ 0, 13.5, 1, 14 ], "texture": "#atlas" },
				"north": { "uv": [ 4.5, 4.5, 5.5, 7 ], "texture": "#atlas" },
				"west": { "uv": [ 4.5, 4.5, 5, 7 ], "texture": "#atlas" },
				"east": { "uv": [ 5, 4.5, 5.5, 7 ], "texture": "#atlas" }
			}
		},
		{
			"__comment": "Cube5",
			"from": [ 4.5, 6.5, 8 ],
			"to": [ 5.5, 7.5, 10 ],
			"faces": {
				"down": { "uv": [ 1.5, 11, 2, 12 ], "texture": "#atlas" },
				"up": { "uv": [ 1.5, 11, 2, 12 ], "texture": "#atlas" },
				"north": { "uv": [ 1, 11.5, 1.5, 12 ], "texture": "#atlas" },
				"south": { "uv": [ 4.5, 8.5, 7, 11 ], "texture": "#atlas" },
				"west": { "uv": [ 0, 12, 1, 12.5 ], "texture": "#atlas" },
				"east": { "uv": [ 0.5, 12.5, 1.5, 13 ], "texture": "#atlas" }
			}
		},
		{
			"__comment": "Cube5",
			"from": [ 6.5, 8.5, 8 ],
			"to": [ 7.5, 9.5, 10 ],
			"faces": {
				"down": { "uv": [ 1.5, 11, 2, 12 ], "texture": "#atlas" },
				"up": { "uv": [ 1.5, 11, 2, 12 ], "texture": "#atlas" },
				"north": { "uv": [ 1, 11.5, 1.5, 12 ], "texture": "#atlas" },
				"south": { "uv": [ 4.5, 8.5, 7, 11 ], "texture": "#atlas" },
				"west": { "uv": [ 0, 12, 1, 12.5 ], "texture": "#atlas" },
				"east": { "uv": [ 0.5, 12.5, 1.5, 13 ], "texture": "#atlas" }
			}
		},
		{
			"__comment": "Cube5",
			"from": [ 8.5, 8.5, 8 ],
			"to": [ 9.5, 9.5, 10 ],
			"faces": {
				"down": { "uv": [ 1.5, 11, 2, 12 ], "texture": "#atlas" },
				"up": { "uv": [ 1.5, 11, 2, 12 ], "texture": "#atlas" },
				"north": { "uv": [ 1, 11.5, 1.5, 12 ], "texture": "#atlas" },
				"south": { "uv": [ 4.5, 8.5, 7, 11 ], "texture": "#atlas" },
				"west": { "uv": [ 0, 12, 1, 12.5 ], "texture": "#atlas" },
				"east": { "uv": [ 0.5, 12.5, 1.5, 13 ], "texture": "#atlas" }
			}
		},
		{
			"__comment": "Cube5",
			"from": [ 10.5, 6.5, 8 ],
			"to": [ 11.5, 7.5, 10 ],
			"faces": {
				"down": { "uv": [ 1.5, 11, 2, 12 ], "texture": "#atlas" },
				"up": { "uv": [ 1.5, 11, 2, 12 ], "texture": "#atlas" },
				"north": { "uv": [ 1, 11.5, 1.5, 12 ], "texture": "#atlas" },
				"south": { "uv": [ 4.5, 8.5, 7, 11 ], "texture": "#atlas" },
				"west": { "uv": [ 0, 12, 1, 12.5 ], "texture": "#atlas" },
				"east": { "uv": [ 0.5, 12.5, 1.5, 13 ], "texture": "#atlas" }
			}
		},
		{
			"__comment": "Cube5",
			"from": [ 10.5, 4.5, 8 ],
			"to": [ 11.5, 5.5, 10 ],
			"faces": {
				"down": { "uv": [ 1.5, 11, 2, 12 ], "texture": "#atlas" },
				"up": { "uv": [ 1.5, 11, 2, 12 ], "texture": "#atlas" },
				"north": { "uv": [ 1, 11.5, 1.5, 12 ], "texture": "#atlas" },
				"south": { "uv": [ 4.5, 8.5, 7, 11 ], "texture": "#atlas" },
				"west": { "uv": [ 0, 12, 1, 12.5 ], "texture": "#atlas" },
				"east": { "uv": [ 0.5, 12.5, 1.5, 13 ], "texture": "#atlas" }
			}
		},
		{
			"__comment": "Cube5",
			"from": [ 8.5, 2.5, 8 ],
			"to": [ 9.5, 3.5, 10 ],
			"faces": {
				"down": { "uv": [ 1.5, 11, 2, 12 ], "texture": "#atlas" },
				"up": { "uv": [ 1.5, 11, 2, 12 ], "texture": "#atlas" },
				"north": { "uv": [ 1, 11.5, 1.5, 12 ], "texture": "#atlas" },
				"south": { "uv": [ 4.5, 8.5, 7, 11 ], "texture": "#atlas" },
				"west": { "uv": [ 0, 12, 1, 12.5 ], "texture": "#atlas" },
				"east": { "uv": [ 0.5, 12.5, 1.5, 13 ], "texture": "#atlas" }
			}
		},
		{
			"__comment": "Cube5",
			"from": [ 6.5, 2.5, 8 ],
			"to": [ 7.5, 3.5, 10 ],
			"faces": {
				"down": { "uv": [ 1.5, 11, 2, 12 ], "texture": "#atlas" },
				"up": { "uv": [ 1.5, 11, 2, 12 ], "texture": "#atlas" },
				"north": { "uv": [ 1, 11.5, 1.5, 12 ], "texture": "#atlas" },
				"south": { "uv": [ 4.5, 8.5, 7, 11 ], "texture": "#atlas" },
				"west": { "uv": [ 0, 12, 1, 12.5 ], "texture": "#atlas" },
				"east": { "uv": [ 0.5, 12.5, 1.5, 13 ], "texture": "#atlas" }
			}
		},
		{
			"__comment": "Cube5",
			"from": [ 4.5, 4.5, 8 ],
			"to": [ 5.5, 5.5, 10 ],
			"faces": {
				"down": { "uv": [ 1.5, 11, 2, 12 ], "texture": "#atlas" },
				"up": { "uv": [ 1.5, 11, 2, 12 ], "texture": "#atlas" },
				"north": { "uv": [ 1, 11.5, 1.5, 12 ], "texture": "#atlas" },
				"south": { "uv": [ 4.5, 8.5, 7, 11 ], "texture": "#atlas" },
				"west": { "uv": [ 0, 12, 1, 12.5 ], "texture": "#atlas" },
				"east": { "uv": [ 0.5, 12.5, 1.5, 13 ], "texture": "#atlas" }
			}
		}
	],
	"display": {
		"head": {
			"scale":  [ 1.5, 1.5, 1.5 ],
			"translation":  [ 3, -17, 4 ]
		},
		"gui": {
			"rotation":  [ 30, 135, 0 ],
			"scale":  [ 0.7, 0.7, 0.7 ]
		}
	}
}