{
	"__comment": "Designed by Robotnikman with Cubik Studio - https://cubik.studio",
	"textures": {
		"atlas": "robotnikman/guns/m1919a6"
	},
	"elements": [ 	 
		{
			"__comment": "Cube1",
			"from": [ 0, 10.875, 26 ],
			"to": [ 2, 18.375, 28.5 ],
			"faces": {
				"down": { "uv": [ 3.5, 12, 4.5, 13 ], "texture": "#atlas" },
				"up": { "uv": [ 4.5, 14, 3.5, 13 ], "texture": "#atlas" },
				"north": { "uv": [ 1, 16, 0, 12.5 ], "texture": "#atlas" },
				"south": { "uv": [ 0, 9, 1, 12.5 ], "texture": "#atlas" },
				"west": { "uv": [ 1, 15, 4.5, 16 ], "texture": "#atlas", "rotation": 90 },
				"east": { "uv": [ 1, 14, 4.5, 15 ], "texture": "#atlas", "rotation": 270 }
			}
		},
		{
			"__comment": "Cube2",
			"from": [ 0.75, 29, 27.25 ],
			"to": [ 1.25, 29.75, 27.75 ],
			"faces": {
				"north": { "uv": [ 7.5, 13, 7, 12.5 ], "texture": "#atlas" },
				"south": { "uv": [ 7, 11.5, 7.5, 12 ], "texture": "#atlas" },
				"west": { "uv": [ 4.5, 8, 5, 8.5 ], "texture": "#atlas", "rotation": 90 },
				"east": { "uv": [ 6, 10, 6.5, 10.5 ], "texture": "#atlas", "rotation": 270 }
			}
		},
		{
			"__comment": "Cube2",
			"from": [ 0.5, 18.375, 27 ],
			"to": [ 1.5, 28.375, 28 ],
			"faces": {
				"up": { "uv": [ 8.5, 13.5, 8, 13 ], "texture": "#atlas", "rotation": 270 },
				"north": { "uv": [ 16, 8, 6, 7 ], "texture": "#atlas", "rotation": 270 },
				"south": { "uv": [ 6, 7, 16, 8 ], "texture": "#atlas", "rotation": 90 },
				"west": { "uv": [ 6, 7, 16, 8 ], "texture": "#atlas", "rotation": 90 },
				"east": { "uv": [ 6, 7, 16, 8 ], "texture": "#atlas", "rotation": 90 }
			}
		},
		{
			"__comment": "Cube2",
			"from": [ 0.5, 30.75, 27 ],
			"to": [ 1.5, 31.875, 28 ],
			"faces": {
				"down": { "uv": [ 6, 9.5, 6.5, 10 ], "texture": "#atlas" },
				"up": { "uv": [ 11, 10.5, 8.5, 8 ], "texture": "#atlas" },
				"north": { "uv": [ 5.5, 9, 5, 8.5 ], "texture": "#atlas" },
				"south": { "uv": [ 5, 8, 5.5, 8.5 ], "texture": "#atlas" },
				"west": { "uv": [ 6.5, 9.5, 7, 10 ], "texture": "#atlas", "rotation": 90 },
				"east": { "uv": [ 7, 9.5, 7.5, 10 ], "texture": "#atlas", "rotation": 270 }
			}
		},
		{
			"__comment": "Cube2",
			"from": [ 0.625, 28.375, 27.125 ],
			"to": [ 1.375, 29, 27.875 ],
			"faces": {
				"up": { "uv": [ 6, 8.5, 5.5, 8 ], "texture": "#atlas" },
				"north": { "uv": [ 6, 9.5, 5.5, 9 ], "texture": "#atlas" },
				"south": { "uv": [ 5.5, 8.5, 6, 9 ], "texture": "#atlas" },
				"west": { "uv": [ 6, 9, 6.5, 9.5 ], "texture": "#atlas", "rotation": 90 },
				"east": { "uv": [ 6.5, 9, 7, 9.5 ], "texture": "#atlas", "rotation": 270 }
			}
		},
		{
			"__comment": "Cube2",
			"from": [ 0.625, 29.75, 27.125 ],
			"to": [ 1.375, 30.75, 27.875 ],
			"faces": {
				"down": { "uv": [ 8, 15, 8.5, 15.5 ], "texture": "#atlas" },
				"north": { "uv": [ 8.5, 13, 8, 12.5 ], "texture": "#atlas" },
				"south": { "uv": [ 8, 14.5, 8.5, 15 ], "texture": "#atlas" },
				"west": { "uv": [ 7.5, 8, 8, 8.5 ], "texture": "#atlas", "rotation": 90 },
				"east": { "uv": [ 7.5, 9, 8, 9.5 ], "texture": "#atlas", "rotation": 270 }
			}
		},
		{
			"__comment": "Cube11",
			"from": [ -3.375, 15.5, 25.875 ],
			"to": [ -0.25, 17.75, 27.875 ],
			"faces": {
				"down": { "uv": [ 8.5, 12, 10.5, 13.5 ], "texture": "#atlas" },
				"up": { "uv": [ 10.5, 12, 8.5, 10.5 ], "texture": "#atlas" },
				"north": { "uv": [ 10.5, 13.5, 8.5, 12 ], "texture": "#atlas" },
				"south": { "uv": [ 8.5, 10.5, 10.5, 12 ], "texture": "#atlas" },
				"west": { "uv": [ 9, 12, 10.5, 13.5 ], "texture": "#atlas", "rotation": 90 },
				"east": { "uv": [ 9, 10.5, 10.5, 12 ], "texture": "#atlas", "rotation": 270 }
			}
		},
		{
			"__comment": "Cube12",
			"from": [ -1.25, 15.75, 27.75 ],
			"to": [ 0, 17.5, 28.125 ],
			"faces": {
				"down": { "uv": [ 13, 11, 13.5, 14 ], "texture": "#atlas", "rotation": 270 },
				"up": { "uv": [ 13.5, 14, 13, 11 ], "texture": "#atlas", "rotation": 270 },
				"north": { "uv": [ 15, 14, 13, 11 ], "texture": "#atlas", "rotation": 270 },
				"south": { "uv": [ 13, 11, 15, 14 ], "texture": "#atlas", "rotation": 270 },
				"west": { "uv": [ 13, 11, 15, 11.5 ], "texture": "#atlas", "rotation": 90 }
			}
		},
		{
			"__comment": "Cube13",
			"from": [ 1.125, 18.375, 27.75 ],
			"to": [ 1.375, 18.875, 30.75 ],
			"rotation": { "origin": [ 1.125, 18.875, 27.75 ], "axis": "y", "angle": 45 },
			"faces": {
				"down": { "uv": [ 7, 13, 7.5, 14.5 ], "texture": "#atlas" },
				"up": { "uv": [ 5, 11.5, 4.5, 10 ], "texture": "#atlas" },
				"south": { "uv": [ 8, 8.5, 8.5, 9 ], "texture": "#atlas" },
				"west": { "uv": [ 5.5, 10, 6, 11.5 ], "texture": "#atlas", "rotation": 90 },
				"east": { "uv": [ 5, 10, 5.5, 11.5 ], "texture": "#atlas", "rotation": 270 }
			}
		},
		{
			"__comment": "Cube13",
			"from": [ 2.875, 16.75, 29.375 ],
			"to": [ 3.375, 18.375, 29.875 ],
			"faces": {
				"down": { "uv": [ 14, 8, 14.5, 8.5 ], "texture": "#atlas" },
				"up": { "uv": [ 15.5, 8.5, 15, 8 ], "texture": "#atlas" },
				"north": { "uv": [ 16, 8.5, 13.5, 8 ], "texture": "#atlas", "rotation": 270 },
				"south": { "uv": [ 13.5, 8, 16, 8.5 ], "texture": "#atlas", "rotation": 270 },
				"west": { "uv": [ 13.5, 8, 16, 8.5 ], "texture": "#atlas", "rotation": 90 },
				"east": { "uv": [ 13.5, 8, 16, 8.5 ], "texture": "#atlas", "rotation": 90 }
			}
		},
		{
			"__comment": "Cube14",
			"from": [ 0.5, 11.25, 28.5 ],
			"to": [ 1.5, 13.875, 29 ],
			"faces": {
				"down": { "uv": [ 7.5, 13.5, 8, 14 ], "texture": "#atlas" },
				"up": { "uv": [ 8, 14.5, 7.5, 14 ], "texture": "#atlas" },
				"south": { "uv": [ 6.5, 10.5, 7, 11.5 ], "texture": "#atlas" },
				"west": { "uv": [ 3.5, 10, 4.5, 10.5 ], "texture": "#atlas", "rotation": 90 },
				"east": { "uv": [ 6, 11.5, 7, 12 ], "texture": "#atlas", "rotation": 270 }
			}
		},
		{
			"__comment": "Cube15",
			"from": [ 0.75, 11.5, 29 ],
			"to": [ 1.25, 12.5, 29.25 ],
			"faces": {
				"down": { "uv": [ 7.5, 11, 8, 11.5 ], "texture": "#atlas" },
				"up": { "uv": [ 9.5, 15.5, 9, 15 ], "texture": "#atlas" },
				"south": { "uv": [ 7.5, 12, 8, 12.5 ], "texture": "#atlas" },
				"west": { "uv": [ 7.5, 10.5, 8, 11 ], "texture": "#atlas", "rotation": 90 },
				"east": { "uv": [ 7.5, 10, 8, 10.5 ], "texture": "#atlas", "rotation": 270 }
			}
		},
		{
			"__comment": "Cube16",
			"from": [ 0.625, 4, 27.25 ],
			"to": [ 1.375, 10.875, 28.125 ],
			"faces": {
				"down": { "uv": [ 7.5, 8.5, 8, 9 ], "texture": "#atlas" },
				"north": { "uv": [ 5.5, 14.5, 5, 11.5 ], "texture": "#atlas" },
				"south": { "uv": [ 4.5, 11.5, 5, 14.5 ], "texture": "#atlas" },
				"west": { "uv": [ 4.5, 14.5, 7.5, 15 ], "texture": "#atlas", "rotation": 90 },
				"east": { "uv": [ 4.5, 15, 7.5, 15.5 ], "texture": "#atlas", "rotation": 270 }
			}
		},
		{
			"__comment": "Cube17",
			"from": [ 0.625, 4.25, 26.25 ],
			"to": [ 1.375, 7.5, 27.25 ],
			"faces": {
				"down": { "uv": [ 8, 13.5, 8.5, 14 ], "texture": "#atlas" },
				"up": { "uv": [ 8.5, 14.5, 8, 14 ], "texture": "#atlas" },
				"north": { "uv": [ 5, 10, 4.5, 8.5 ], "texture": "#atlas" },
				"west": { "uv": [ 6, 12, 7.5, 12.5 ], "texture": "#atlas", "rotation": 90 },
				"east": { "uv": [ 14.5, 15.5, 16, 16 ], "texture": "#atlas", "rotation": 270 }
			}
		},
		{
			"__comment": "Cube18",
			"from": [ 0.625, 3.625, 25.25 ],
			"to": [ 1.375, 6.25, 26.25 ],
			"faces": {
				"down": { "uv": [ 8, 10.5, 8.5, 11 ], "texture": "#atlas" },
				"up": { "uv": [ 8.5, 11.5, 8, 11 ], "texture": "#atlas" },
				"north": { "uv": [ 7.5, 11.5, 7, 10.5 ], "texture": "#atlas" },
				"south": { "uv": [ 5, 9, 5.5, 10 ], "texture": "#atlas" },
				"west": { "uv": [ 6.5, 10, 7.5, 10.5 ], "texture": "#atlas", "rotation": 90 },
				"east": { "uv": [ 3.5, 10.5, 4.5, 11 ], "texture": "#atlas", "rotation": 270 }
			}
		},
		{
			"__comment": "Cube19",
			"from": [ 0.75, 8.875, 25.25 ],
			"to": [ 1.25, 9.625, 27.5 ],
			"faces": {
				"down": { "uv": [ 1.5, 8, 2, 9 ], "texture": "#atlas" },
				"up": { "uv": [ 1.5, 9, 1, 8 ], "texture": "#atlas" },
				"north": { "uv": [ 8.5, 9.5, 8, 9 ], "texture": "#atlas" },
				"west": { "uv": [ 5.5, 11.5, 6, 12.5 ], "texture": "#atlas", "rotation": 90 },
				"east": { "uv": [ 6, 10.5, 6.5, 11.5 ], "texture": "#atlas", "rotation": 270 }
			}
		}
	]
}