{
	"__comment": "Designed by Robotnikman with Cubik Studio - https://cubik.studio",
	"textures": {
		"atlas": "robotnikman/guns/m202_flash"
	},
	"elements": [
		{
			"__comment": "Cube2",
			"from": [ 8.5, 9, 14.5 ],
			"to": [ 10.5, 11, 21 ],
			"faces": {
				"down": { "uv": [ 9, 0, 11, 6 ], "texture": "#atlas", "cullface": "north", "rotation": 180 },
				"up": { "uv": [ 9, 0, 11, 6 ], "texture": "#atlas", "cullface": "north", "rotation": 180 },
				"south": { "uv": [ 5, 0, 9, 4 ], "texture": "#atlas", "cullface": "north" },
				"west": { "uv": [ 9, 0, 11, 6 ], "texture": "#atlas", "cullface": "north", "rotation": 180 },
				"east": { "uv": [ 9, 0, 11, 6 ], "texture": "#atlas", "cullface": "north", "rotation": 180 }
			}
		},
		{
			"__comment": "Cube6",
			"from": [ 7.5, 5.5, 7.5 ],
			"to": [ 9, 8.5, 8.5 ],
			"faces": {
				"down": { "uv": [ 15.5, 14, 16, 14.5 ], "texture": "#atlas", "rotation": 180 },
				"north": { "uv": [ 8, 6, 9, 9 ], "texture": "#atlas" },
				"south": { "uv": [ 8, 6, 9, 9 ], "texture": "#atlas" },
				"west": { "uv": [ 8, 6, 9, 9 ], "texture": "#atlas" },
				"east": { "uv": [ 8, 6, 9, 9 ], "texture": "#atlas" }
			}
		},
		{
			"__comment": "Cube7",
			"from": [ 3.5, 12, 4.5 ],
			"to": [ 5.5, 13, 5.5 ],
			"faces": {
				"down": { "uv": [ 10.5, 11, 11.5, 11.5 ], "texture": "#atlas", "rotation": 180 },
				"up": { "uv": [ 11.5, 11, 12.5, 11.5 ], "texture": "#atlas", "rotation": 180 },
				"north": { "uv": [ 13.5, 11, 14.5, 11.5 ], "texture": "#atlas" },
				"south": { "uv": [ 12.5, 11, 13.5, 11.5 ], "texture": "#atlas" }
			}
		},
		{
			"__comment": "Cube8",
			"from": [ 2, 12, 4.5 ],
			"to": [ 3.5, 13.5, 6 ],
			"faces": {
				"down": { "uv": [ 15.5, 13.5, 16, 14 ], "texture": "#atlas", "rotation": 180 },
				"up": { "uv": [ 15.5, 13, 16, 13.5 ], "texture": "#atlas", "rotation": 180 },
				"north": { "uv": [ 8, 5, 9, 6 ], "texture": "#atlas" },
				"south": { "uv": [ 8, 5, 9, 6 ], "texture": "#atlas" },
				"west": { "uv": [ 14.5, 11, 15, 11.5 ], "texture": "#atlas" },
				"east": { "uv": [ 15.5, 11.5, 16, 12 ], "texture": "#atlas" }
			}
		},
		{
			"__comment": "Cube1",
			"from": [ 5.5, 8.5, -1.5 ],
			"to": [ 11, 14, 14.5 ],
			"faces": {
				"down": { "uv": [ 11, 0, 16, 16 ], "texture": "#atlas", "cullface": "south", "rotation": 180 },
				"up": { "uv": [ 11, 0, 16, 16 ], "texture": "#atlas", "cullface": "south" },
				"north": { "uv": [ 4, 9, 11, 16 ], "texture": "#atlas", "cullface": "south" },
				"south": { "uv": [ 10.5, 13.5, 13, 16 ], "texture": "#atlas", "cullface": "south" },
				"west": { "uv": [ 11, 0, 16, 16 ], "texture": "#atlas", "cullface": "south", "rotation": 90 },
				"east": { "uv": [ 11, 0, 16, 16 ], "texture": "#atlas", "cullface": "south", "rotation": 90 }
			}
		},
		{
			"__comment": "Cube2",
			"from": [ 8.5, 11.5, 14.5 ],
			"to": [ 10.5, 13.5, 21 ],
			"faces": {
				"down": { "uv": [ 9, 0, 11, 6 ], "texture": "#atlas", "cullface": "north", "rotation": 180 },
				"up": { "uv": [ 9, 0, 11, 6 ], "texture": "#atlas", "cullface": "north", "rotation": 180 },
				"south": { "uv": [ 5, 0, 9, 4 ], "texture": "#atlas", "cullface": "north" },
				"west": { "uv": [ 9, 0, 11, 6 ], "texture": "#atlas", "cullface": "north", "rotation": 180 },
				"east": { "uv": [ 9, 0, 11, 6 ], "texture": "#atlas", "cullface": "north", "rotation": 180 }
			}
		},
		{
			"__comment": "Cube2",
			"from": [ 6, 11.5, 14.5 ],
			"to": [ 8, 13.5, 21 ],
			"faces": {
				"down": { "uv": [ 9, 0, 11, 6 ], "texture": "#atlas", "cullface": "north", "rotation": 180 },
				"up": { "uv": [ 9, 0, 11, 6 ], "texture": "#atlas", "cullface": "north", "rotation": 180 },
				"south": { "uv": [ 5, 0, 9, 4 ], "texture": "#atlas", "cullface": "north" },
				"west": { "uv": [ 9, 0, 11, 6 ], "texture": "#atlas", "cullface": "north", "rotation": 180 },
				"east": { "uv": [ 9, 0, 11, 6 ], "texture": "#atlas", "cullface": "north", "rotation": 180 }
			}
		},
		{
			"__comment": "Cube2",
			"from": [ 6, 9, 14.5 ],
			"to": [ 8, 11, 21 ],
			"faces": {
				"down": { "uv": [ 9, 0, 11, 6 ], "texture": "#atlas", "cullface": "north", "rotation": 180 },
				"up": { "uv": [ 9, 0, 11, 6 ], "texture": "#atlas", "cullface": "north", "rotation": 180 },
				"south": { "uv": [ 5, 0, 9, 4 ], "texture": "#atlas", "cullface": "north" },
				"west": { "uv": [ 9, 0, 11, 6 ], "texture": "#atlas", "cullface": "north", "rotation": 180 },
				"east": { "uv": [ 9, 0, 11, 6 ], "texture": "#atlas", "cullface": "north", "rotation": 180 }
			}
		}
	],
	"display": {
		"head": {
			"scale":  [ 1.5, 1.5, 1.5 ],
			"translation":  [ 3, -17, 4 ]
		},
		"gui": {
			"rotation":  [ 30, 135, 0 ],
			"scale":  [ 0.5, 0.5, 0.5 ]
		}
	}
}