{
	"__comment": "Designed by Robotnikman with Cubik Studio - https://cubik.studio",
	"textures": {
		"atlas": "robotnikman/guns/rivet_gun"
	},
	"elements": [
		{
			"__comment": "Cube1",
			"from": [ 7, 5.5, -1 ],
			"to": [ 10, 8.5, 3.5 ],
			"faces": {
				"down": { "uv": [ 10, 14, 11.5, 16 ], "texture": "#atlas", "rotation": 180 },
				"up": { "uv": [ 11.5, 14, 13, 16 ], "texture": "#atlas", "rotation": 180 },
				"west": { "uv": [ 13, 14.5, 15, 16 ], "texture": "#atlas" },
				"east": { "uv": [ 1.5, 12.5, 3.5, 14 ], "texture": "#atlas" }
			}
		},
		{
			"__comment": "Cube2",
			"from": [ 8, 8.5, 0.5 ],
			"to": [ 9, 9, 1.5 ],
			"faces": {
				"north": { "uv": [ 9.5, 11, 10, 11.5 ], "texture": "#atlas" },
				"south": { "uv": [ 4, 4.5, 4.5, 5 ], "texture": "#atlas" },
				"west": { "uv": [ 4, 4, 4.5, 4.5 ], "texture": "#atlas" },
				"east": { "uv": [ 4, 3.5, 4.5, 4 ], "texture": "#atlas" }
			}
		},
		{
			"__comment": "Cube3",
			"from": [ 7.5, 6, 4 ],
			"to": [ 9.5, 8, 5 ],
			"faces": {
				"down": { "uv": [ 6.5, 11, 7.5, 11.5 ], "texture": "#atlas", "rotation": 180 },
				"up": { "uv": [ 15, 14, 16, 14.5 ], "texture": "#atlas", "rotation": 180 },
				"south": { "uv": [ 4, 14, 6, 16 ], "texture": "#atlas" },
				"west": { "uv": [ 3, 3.5, 3.5, 4.5 ], "texture": "#atlas" },
				"east": { "uv": [ 2.5, 2, 3, 3 ], "texture": "#atlas" }
			}
		},
		{
			"__comment": "Cube4",
			"from": [ 8, 8, 4 ],
			"to": [ 9, 9, 7.5 ],
			"faces": {
				"down": { "uv": [ 1.5, 0, 2, 1.5 ], "texture": "#atlas", "rotation": 180 },
				"up": { "uv": [ 2.5, 4.5, 3, 6 ], "texture": "#atlas", "rotation": 180 },
				"south": { "uv": [ 4, 3, 4.5, 3.5 ], "texture": "#atlas" },
				"west": { "uv": [ 7, 12.5, 8.5, 13 ], "texture": "#atlas" },
				"east": { "uv": [ 5.5, 12.5, 7, 13 ], "texture": "#atlas" }
			}
		},
		{
			"__comment": "Cube5",
			"from": [ 8, 5.5, 4 ],
			"to": [ 9, 6.5, 8.5 ],
			"faces": {
				"down": { "uv": [ 2, 4.5, 2.5, 6.5 ], "texture": "#atlas", "rotation": 180 },
				"up": { "uv": [ 2, 2.5, 2.5, 4.5 ], "texture": "#atlas", "rotation": 180 },
				"south": { "uv": [ 4, 0, 4.5, 0.5 ], "texture": "#atlas" },
				"west": { "uv": [ 4.5, 12, 6.5, 12.5 ], "texture": "#atlas" },
				"east": { "uv": [ 6.5, 12, 8.5, 12.5 ], "texture": "#atlas" }
			}
		},
		{
			"__comment": "Cube6",
			"from": [ 8, 6.5, 7.5 ],
			"to": [ 9, 9, 8.5 ],
			"rotation": { "origin": [ 9, 6.5, 8.5 ], "axis": "x", "angle": -22.5 },
			"faces": {
				"north": { "uv": [ 2.5, 0, 3, 1 ], "texture": "#atlas" },
				"south": { "uv": [ 12, 12.5, 13, 13 ], "texture": "#atlas" },
				"west": { "uv": [ 3, 0, 3.5, 1 ], "texture": "#atlas" },
				"east": { "uv": [ 3.5, 10.5, 4, 11.5 ], "texture": "#atlas" }
			}
		},
		{
			"__comment": "Cube7",
			"from": [ 8, 5.5, 8.5 ],
			"to": [ 9, 6, 10.5 ],
			"faces": {
				"down": { "uv": [ 3.5, 9.5, 4, 10.5 ], "texture": "#atlas", "rotation": 180 },
				"up": { "uv": [ 3.5, 8.5, 4, 9.5 ], "texture": "#atlas", "rotation": 180 },
				"south": { "uv": [ 8.5, 11, 9, 11.5 ], "texture": "#atlas" },
				"west": { "uv": [ 15, 13.5, 16, 14 ], "texture": "#atlas" },
				"east": { "uv": [ 5.5, 11.5, 6.5, 12 ], "texture": "#atlas" }
			}
		},
		{
			"__comment": "Cube8",
			"from": [ 8, 6, -6 ],
			"to": [ 9, 6.5, -1.5 ],
			"faces": {
				"down": { "uv": [ 3, 7, 3.5, 9 ], "texture": "#atlas", "rotation": 180 },
				"up": { "uv": [ 1.5, 3.5, 2, 5.5 ], "texture": "#atlas", "rotation": 180 },
				"north": { "uv": [ 9, 11, 9.5, 11.5 ], "texture": "#atlas" },
				"west": { "uv": [ 13, 14, 15, 14.5 ], "texture": "#atlas" },
				"east": { "uv": [ 3.5, 12.5, 5.5, 13 ], "texture": "#atlas" }
			}
		},
		{
			"__comment": "Cube9",
			"from": [ 6.5, 5, -1.5 ],
			"to": [ 10.5, 9, -1 ],
			"faces": {
				"down": { "uv": [ 13, 13.5, 15, 14 ], "texture": "#atlas", "rotation": 180 },
				"up": { "uv": [ 13, 13, 15, 13.5 ], "texture": "#atlas", "rotation": 180 },
				"north": { "uv": [ 6, 14, 8, 16 ], "texture": "#atlas" },
				"south": { "uv": [ 8, 14, 10, 16 ], "texture": "#atlas" },
				"west": { "uv": [ 1.5, 1.5, 2, 3.5 ], "texture": "#atlas" },
				"east": { "uv": [ 2, 10.5, 2.5, 12.5 ], "texture": "#atlas" }
			}
		},
		{
			"__comment": "Cube9",
			"from": [ 6.5, 5, 3.5 ],
			"to": [ 10.5, 9, 4 ],
			"faces": {
				"down": { "uv": [ 13, 12.5, 15, 13 ], "texture": "#atlas", "rotation": 180 },
				"up": { "uv": [ 2.5, 12, 4.5, 12.5 ], "texture": "#atlas", "rotation": 180 },
				"north": { "uv": [ 0, 14, 2, 16 ], "texture": "#atlas" },
				"south": { "uv": [ 2, 14, 4, 16 ], "texture": "#atlas" },
				"west": { "uv": [ 2, 8.5, 2.5, 10.5 ], "texture": "#atlas" },
				"east": { "uv": [ 2, 6.5, 2.5, 8.5 ], "texture": "#atlas" }
			}
		},
		{
			"__comment": "Cube11",
			"from": [ 8, 7.5, -8.5 ],
			"to": [ 9, 8.5, -1 ],
			"faces": {
				"down": { "uv": [ 1.5, 9, 2, 12.5 ], "texture": "#atlas", "rotation": 180 },
				"up": { "uv": [ 1.5, 5.5, 2, 9 ], "texture": "#atlas", "rotation": 180 },
				"west": { "uv": [ 3.5, 13.5, 7, 14 ], "texture": "#atlas" },
				"east": { "uv": [ 3.5, 13, 7, 13.5 ], "texture": "#atlas" }
			}
		},
		{
			"__comment": "Cube12",
			"from": [ 8, 6.6326, -5.9451 ],
			"to": [ 9, 8.1326, -4.4451 ],
			"rotation": { "origin": [ 9, 6.5, -4.5 ], "axis": "x", "angle": -22.5 },
			"faces": {
				"north": { "uv": [ 2.5, 1, 3, 2 ], "texture": "#atlas" },
				"south": { "uv": [ 4, 7.5, 4.5, 8.5 ], "texture": "#atlas" },
				"west": { "uv": [ 4, 6.5, 4.5, 7.5 ], "texture": "#atlas" },
				"east": { "uv": [ 3, 2, 3.5, 3 ], "texture": "#atlas" }
			}
		},
		{
			"__comment": "Cube13",
			"from": [ 7.5, 7.5, -11.5 ],
			"to": [ 9.5, 9.5, -8.5 ],
			"faces": {
				"down": { "uv": [ 0, 1.5, 1.5, 4 ], "texture": "#atlas" },
				"up": { "uv": [ 10, 12.5, 11, 14 ], "texture": "#atlas", "rotation": 180 },
				"north": { "uv": [ 11, 12.5, 12, 14 ], "texture": "#atlas", "rotation": 180 },
				"south": { "uv": [ 15, 14.5, 16, 16 ], "texture": "#atlas", "rotation": 180 },
				"west": { "uv": [ 7, 13, 8.5, 14 ], "texture": "#atlas" },
				"east": { "uv": [ 8.5, 13, 10, 14 ], "texture": "#atlas" }
			}
		},
		{
			"__comment": "Cube14",
			"from": [ 8, 5.5, -10.5 ],
			"to": [ 9, 7.5, -9.5 ],
			"faces": {
				"down": { "uv": [ 10, 11, 10.5, 11.5 ], "texture": "#atlas", "rotation": 180 },
				"north": { "uv": [ 3.5, 7.5, 4, 8.5 ], "texture": "#atlas" },
				"south": { "uv": [ 3.5, 6.5, 4, 7.5 ], "texture": "#atlas" },
				"west": { "uv": [ 3.5, 3.5, 4, 4.5 ], "texture": "#atlas" },
				"east": { "uv": [ 3, 1, 3.5, 2 ], "texture": "#atlas" }
			}
		},
		{
			"__comment": "Cube15",
			"from": [ 5.5, 6.5, 3.5 ],
			"to": [ 6.5, 7.5, 4 ],
			"faces": {
				"down": { "uv": [ 11.5, 11, 12, 11.5 ], "texture": "#atlas", "rotation": 180 },
				"up": { "uv": [ 12, 11, 12.5, 11.5 ], "texture": "#atlas", "rotation": 180 },
				"north": { "uv": [ 12.5, 11, 13, 11.5 ], "texture": "#atlas" },
				"south": { "uv": [ 13, 11, 13.5, 11.5 ], "texture": "#atlas" },
				"west": { "uv": [ 4, 1, 4.5, 1.5 ], "texture": "#atlas" }
			}
		},
		{
			"__comment": "Cube15",
			"from": [ 10.5, 6.5, 3.5 ],
			"to": [ 11.5, 7.5, 4 ],
			"faces": {
				"down": { "uv": [ 3, 3, 3.5, 3.5 ], "texture": "#atlas", "rotation": 180 },
				"up": { "uv": [ 2, 0, 2.5, 0.5 ], "texture": "#atlas", "rotation": 180 },
				"north": { "uv": [ 4.5, 6, 5, 6.5 ], "texture": "#atlas" },
				"south": { "uv": [ 4.5, 6.5, 5, 7 ], "texture": "#atlas" },
				"east": { "uv": [ 4.5, 7.5, 5, 8 ], "texture": "#atlas" }
			}
		},
		{
			"__comment": "Cube15",
			"from": [ 10.5, 6.5, -1.5 ],
			"to": [ 11.5, 7.5, -1 ],
			"faces": {
				"down": { "uv": [ 4.5, 10, 5, 10.5 ], "texture": "#atlas", "rotation": 180 },
				"up": { "uv": [ 14, 11, 14.5, 11.5 ], "texture": "#atlas", "rotation": 180 },
				"north": { "uv": [ 14.5, 11, 15, 11.5 ], "texture": "#atlas" },
				"south": { "uv": [ 15, 11, 15.5, 11.5 ], "texture": "#atlas" },
				"east": { "uv": [ 15.5, 11, 16, 11.5 ], "texture": "#atlas" }
			}
		},
		{
			"__comment": "Cube15",
			"from": [ 5.5, 6.5, -1.5 ],
			"to": [ 6.5, 7.5, -1 ],
			"faces": {
				"down": { "uv": [ 4.5, 9.5, 5, 10 ], "texture": "#atlas", "rotation": 180 },
				"up": { "uv": [ 4.5, 8.5, 5, 9 ], "texture": "#atlas", "rotation": 180 },
				"north": { "uv": [ 4.5, 8, 5, 8.5 ], "texture": "#atlas" },
				"south": { "uv": [ 4.5, 7, 5, 7.5 ], "texture": "#atlas" },
				"west": { "uv": [ 4.5, 10.5, 5, 11 ], "texture": "#atlas" }
			}
		},
		{
			"__comment": "Cube19",
			"from": [ 5.5, 6.5, -1 ],
			"to": [ 6, 7, 3.5 ],
			"faces": {
				"down": { "uv": [ 2, 0.5, 2.5, 2.5 ], "texture": "#atlas", "rotation": 180 },
				"up": { "uv": [ 2.5, 9, 3, 11 ], "texture": "#atlas", "rotation": 180 },
				"west": { "uv": [ 8.5, 12, 10.5, 12.5 ], "texture": "#atlas" },
				"east": { "uv": [ 10.5, 12, 12.5, 12.5 ], "texture": "#atlas" }
			}
		},
		{
			"__comment": "Cube19",
			"from": [ 11, 6.5, -1 ],
			"to": [ 11.5, 7, 3.5 ],
			"faces": {
				"down": { "uv": [ 3, 9, 3.5, 11 ], "texture": "#atlas", "rotation": 180 },
				"up": { "uv": [ 2.5, 7, 3, 9 ], "texture": "#atlas", "rotation": 180 },
				"west": { "uv": [ 12.5, 12, 14.5, 12.5 ], "texture": "#atlas" },
				"east": { "uv": [ 3.5, 11.5, 5.5, 12 ], "texture": "#atlas" }
			}
		},
		{
			"__comment": "Cube21",
			"from": [ 5.5, 4.5, -4.5 ],
			"to": [ 8, 8, -2 ],
			"faces": {
				"down": { "uv": [ 10, 14, 11, 15 ], "texture": "#atlas", "rotation": 180 },
				"up": { "uv": [ 10, 14, 11, 15 ], "texture": "#atlas", "rotation": 180 },
				"north": { "uv": [ 0, 4, 1.5, 6.5 ], "texture": "#atlas" },
				"south": { "uv": [ 0, 6.5, 1.5, 9 ], "texture": "#atlas" },
				"west": { "uv": [ 0, 9, 1.5, 11.5 ], "texture": "#atlas" },
				"east": { "uv": [ 0, 11.5, 1.5, 14 ], "texture": "#atlas" }
			}
		},
		{
			"__comment": "Cube22",
			"from": [ 6, 8, -4 ],
			"to": [ 7.5, 8.5, -2.5 ],
			"faces": {
				"up": { "uv": [ 15.5, 11.5, 16, 12 ], "texture": "#atlas", "rotation": 180 },
				"north": { "uv": [ 3.5, 0, 4, 0.5 ], "texture": "#atlas" },
				"south": { "uv": [ 4, 6, 4.5, 6.5 ], "texture": "#atlas" },
				"west": { "uv": [ 4, 5.5, 4.5, 6 ], "texture": "#atlas" },
				"east": { "uv": [ 4, 5, 4.5, 5.5 ], "texture": "#atlas" }
			}
		},
		{
			"__comment": "Cube23",
			"from": [ 6, 8, -12 ],
			"to": [ 8, 8.5, -11.5 ],
			"faces": {
				"down": { "uv": [ 6.5, 11.5, 7.5, 12 ], "texture": "#atlas", "rotation": 180 },
				"up": { "uv": [ 7.5, 11.5, 8.5, 12 ], "texture": "#atlas", "rotation": 180 },
				"north": { "uv": [ 8.5, 11.5, 9.5, 12 ], "texture": "#atlas" },
				"south": { "uv": [ 9.5, 11.5, 10.5, 12 ], "texture": "#atlas" },
				"west": { "uv": [ 4, 2.5, 4.5, 3 ], "texture": "#atlas" }
			}
		},
		{
			"__comment": "Cube24",
			"from": [ 8, 8, -12.5 ],
			"to": [ 9, 9, -11.5 ],
			"faces": {
				"down": { "uv": [ 4, 2, 4.5, 2.5 ], "texture": "#atlas", "rotation": 180 },
				"up": { "uv": [ 4, 1.5, 4.5, 2 ], "texture": "#atlas", "rotation": 180 },
				"north": { "uv": [ 0, 0, 1.5, 1.5 ], "texture": "#atlas" },
				"west": { "uv": [ 4, 0.5, 4.5, 1 ], "texture": "#atlas" },
				"east": { "uv": [ 4.5, 9, 5, 9.5 ], "texture": "#atlas" }
			}
		},
		{
			"__comment": "Cube23",
			"from": [ 9, 8, -12 ],
			"to": [ 11, 8.5, -11.5 ],
			"faces": {
				"down": { "uv": [ 11.5, 11.5, 12.5, 12 ], "texture": "#atlas", "rotation": 180 },
				"up": { "uv": [ 12.5, 11.5, 13.5, 12 ], "texture": "#atlas", "rotation": 180 },
				"north": { "uv": [ 13.5, 11.5, 14.5, 12 ], "texture": "#atlas" },
				"south": { "uv": [ 14.5, 11.5, 15.5, 12 ], "texture": "#atlas" },
				"east": { "uv": [ 10.5, 11, 11, 11.5 ], "texture": "#atlas" }
			}
		},
		{
			"__comment": "Cube26",
			"from": [ 6.5, 8.5, -12 ],
			"to": [ 7, 10.5, -11.5 ],
			"faces": {
				"up": { "uv": [ 11, 11, 11.5, 11.5 ], "texture": "#atlas", "rotation": 180 },
				"north": { "uv": [ 3.5, 5.5, 4, 6.5 ], "texture": "#atlas" },
				"south": { "uv": [ 3.5, 4.5, 4, 5.5 ], "texture": "#atlas" },
				"west": { "uv": [ 4, 8.5, 4.5, 9.5 ], "texture": "#atlas" },
				"east": { "uv": [ 3.5, 2.5, 4, 3.5 ], "texture": "#atlas" }
			}
		},
		{
			"__comment": "Cube26",
			"from": [ 10, 8.5, -12 ],
			"to": [ 10.5, 10.5, -11.5 ],
			"faces": {
				"up": { "uv": [ 13.5, 11, 14, 11.5 ], "texture": "#atlas", "rotation": 180 },
				"north": { "uv": [ 3.5, 1.5, 4, 2.5 ], "texture": "#atlas" },
				"south": { "uv": [ 3.5, 0.5, 4, 1.5 ], "texture": "#atlas" },
				"west": { "uv": [ 4, 10.5, 4.5, 11.5 ], "texture": "#atlas" },
				"east": { "uv": [ 4, 9.5, 4.5, 10.5 ], "texture": "#atlas" }
			}
		},
		{
			"__comment": "Cube28",
			"from": [ 7.5, 9, 0 ],
			"to": [ 9.5, 9.5, 2 ],
			"faces": {
				"down": { "uv": [ 12, 13, 13, 14 ], "texture": "#atlas", "rotation": 180 },
				"up": { "uv": [ 15, 12.5, 16, 13.5 ], "texture": "#atlas", "rotation": 180 },
				"north": { "uv": [ 7.5, 11, 8.5, 11.5 ], "texture": "#atlas" },
				"south": { "uv": [ 10.5, 11.5, 11.5, 12 ], "texture": "#atlas" },
				"west": { "uv": [ 4.5, 11, 5.5, 11.5 ], "texture": "#atlas" },
				"east": { "uv": [ 5.5, 11, 6.5, 11.5 ], "texture": "#atlas" }
			}
		},
		{
			"__comment": "Cube29",
			"from": [ 8.5, 10, -1.5 ],
			"to": [ 9, 10.001, 2 ],
			"faces": {
				"down": { "uv": [ 3, 4.5, 3.5, 6 ], "texture": "#atlas", "rotation": 180 },
				"up": { "uv": [ 2.5, 3, 3, 4.5 ], "texture": "#atlas", "rotation": 180 },
				"west": { "uv": [ 14.5, 12, 16, 12.5 ], "texture": "#atlas" },
				"east": { "uv": [ 8.5, 12.5, 10, 13 ], "texture": "#atlas" }
			}
		},
		{
			"__comment": "Cube30",
			"from": [ 8.5, 9, -1.5 ],
			"to": [ 9, 10, -1 ],
			"faces": {
				"north": { "uv": [ 4.5, 5.5, 5, 6 ], "texture": "#atlas" },
				"south": { "uv": [ 4.5, 5, 5, 5.5 ], "texture": "#atlas" },
				"west": { "uv": [ 4.5, 4.5, 5, 5 ], "texture": "#atlas" },
				"east": { "uv": [ 4.5, 4, 5, 4.5 ], "texture": "#atlas" }
			}
		},
		{
			"__comment": "Cube31",
			"from": [ 8, 9.5, 1 ],
			"to": [ 9, 10, 2 ],
			"faces": {
				"up": { "uv": [ 4.5, 3.5, 5, 4 ], "texture": "#atlas", "rotation": 180 },
				"north": { "uv": [ 4.5, 3, 5, 3.5 ], "texture": "#atlas" },
				"south": { "uv": [ 4.5, 2.5, 5, 3 ], "texture": "#atlas" },
				"west": { "uv": [ 4.5, 2, 5, 2.5 ], "texture": "#atlas" },
				"east": { "uv": [ 4.5, 1.5, 5, 2 ], "texture": "#atlas" }
			}
		},
		{
			"__comment": "Cube32",
			"from": [ 8.25, 8.5, -8.5 ],
			"to": [ 8.75, 9, -1.5 ],
			"faces": {
				"down": { "uv": [ 7, 13, 10.5, 13.5 ], "texture": "#atlas" },
				"north": { "uv": [ 7, 13, 7.5, 13.5 ], "texture": "#atlas" },
				"south": { "uv": [ 7, 13, 7.5, 13.5 ], "texture": "#atlas" },
				"west": { "uv": [ 7, 13, 10.5, 13.5 ], "texture": "#atlas" }
			}
		}
	],
	"display": {
		"head": {
			"scale":  [ 1.5, 1.5, 1.5 ],
			"translation":  [ 3, -17, 4 ]
		},
		"gui": {
			"rotation":  [ 30, 135, 0 ],
			"translation":  [ 5, 2, 0 ],
			"scale":  [ 0.6, 0.6, 0.6 ]
		}
	}
}