{
	"__comment": "Designed by Robotnikman with Cubik Studio - https://cubik.studio",
	"textures": {
		"atlas": "item/robotnikman/guns/autocannon"
	},
	"elements": [
		{
			"__comment": "Cube1",
			"from": [ 7, 8, 5.5 ],
			"to": [ 10, 11, 18.5 ],
			"faces": {
				"down": { "uv": [ 10, 4.5, 11.5, 11.5 ], "texture": "#atlas", "rotation": 180 },
				"up": { "uv": [ 10, 4.5, 11.5, 11.5 ], "texture": "#atlas", "rotation": 180 },
				"north": { "uv": [ 3, 11.5, 4.5, 13 ], "texture": "#atlas" },
				"south": { "uv": [ 1.5, 11.5, 3, 13 ], "texture": "#atlas" },
				"west": { "uv": [ 10, 4.5, 11.5, 11.5 ], "texture": "#atlas", "rotation": 180 },
				"east": { "uv": [ 11.5, 4.5, 13, 11.5 ], "texture": "#atlas", "rotation": 270 }
			}
		},
		{
			"__comment": "Cube2",
			"from": [ 8, 7.5, 2.5 ],
			"to": [ 10, 9.5, 5.5 ],
			"rotation": { "origin": [ 10, 9.5, 5.5 ], "axis": "z", "angle": -45 },
			"faces": {
				"down": { "uv": [ 0, 9, 1.5, 12.5 ], "texture": "#atlas", "rotation": 180 },
				"up": { "uv": [ 0, 9, 1.5, 12.5 ], "texture": "#atlas", "rotation": 180 },
				"north": { "uv": [ 6, 9.5, 7, 10.5 ], "texture": "#atlas", "rotation": 90 },
				"west": { "uv": [ 0, 9, 1.5, 12.5 ], "texture": "#atlas", "rotation": 270 },
				"east": { "uv": [ 0, 9, 1.5, 12.5 ], "texture": "#atlas", "rotation": 270 }
			}
		},
		{
			"__comment": "Cube3",
			"from": [ 8, 9, -8.5 ],
			"to": [ 9, 10, 2.5 ],
			"faces": {
				"down": { "uv": [ 5, 10.5, 5.5, 16 ], "texture": "#atlas", "rotation": 180 },
				"up": { "uv": [ 5.5, 10.5, 6, 16 ], "texture": "#atlas", "rotation": 180 },
				"south": { "uv": [ 9.5, 9, 10, 9.5 ], "texture": "#atlas" },
				"west": { "uv": [ 6, 15, 11.5, 15.5 ], "texture": "#atlas" },
				"east": { "uv": [ 6, 15.5, 11.5, 16 ], "texture": "#atlas" }
			}
		},
		{
			"__comment": "Cube7",
			"from": [ -0.3, 9, 6.05 ],
			"to": [ 2.2, 10, 9.049999 ],
			"rotation": { "origin": [ 2.200002, 9, 9.05 ], "axis": "y", "angle": -45 },
			"faces": {
				"down": { "uv": [ 14, 8, 16, 10.5 ], "texture": "#atlas", "rotation": 180 },
				"up": { "uv": [ 14, 8, 16, 10.5 ], "texture": "#atlas", "rotation": 180 },
				"north": { "uv": [ 2.5, 8, 3.5, 8.5 ], "texture": "#atlas" },
				"south": { "uv": [ 6, 8, 7, 8.5 ], "texture": "#atlas" },
				"west": { "uv": [ 11.5, 15.5, 13, 16 ], "texture": "#atlas" },
				"east": { "uv": [ 3.5, 8, 5, 8.5 ], "texture": "#atlas" }
			}
		},
		{
			"__comment": "Cube7",
			"from": [ 4.5, 9, 7 ],
			"to": [ 7, 10, 10 ],
			"faces": {
				"down": { "uv": [ 14, 8, 16, 10.5 ], "texture": "#atlas", "rotation": 180 },
				"up": { "uv": [ 14, 8, 16, 10.5 ], "texture": "#atlas", "rotation": 180 },
				"north": { "uv": [ 11.5, 15, 12.5, 15.5 ], "texture": "#atlas" },
				"south": { "uv": [ 12.5, 15, 13.5, 15.5 ], "texture": "#atlas" },
				"west": { "uv": [ 3.5, 10, 5, 10.5 ], "texture": "#atlas" }
			}
		},
		{
			"__comment": "Cube7",
			"from": [ 2, 9, 7.25 ],
			"to": [ 4.5, 9.98, 10 ],
			"rotation": { "origin": [ 4.500002, 9, 10 ], "axis": "y", "angle": -22.5 },
			"faces": {
				"down": { "uv": [ 14, 8, 16, 10.5 ], "texture": "#atlas", "rotation": 180 },
				"up": { "uv": [ 14, 8, 16, 10.5 ], "texture": "#atlas", "rotation": 180 },
				"north": { "uv": [ 14.5, 15, 15.5, 15.5 ], "texture": "#atlas" },
				"south": { "uv": [ 13.5, 15, 14.5, 15.5 ], "texture": "#atlas" },
				"west": { "uv": [ 13, 15.5, 14.5, 16 ], "texture": "#atlas" }
			}
		},
		{
			"__comment": "Cube10",
			"from": [ 8, 11, 6 ],
			"to": [ 9, 12, 6.5 ],
			"faces": {
				"north": { "uv": [ 10, 14, 10.5, 14.5 ], "texture": "#atlas" },
				"south": { "uv": [ 9.5, 8.5, 10, 9 ], "texture": "#atlas" },
				"west": { "uv": [ 5.5, 8, 6, 8.5 ], "texture": "#atlas" },
				"east": { "uv": [ 11, 14, 11.5, 14.5 ], "texture": "#atlas" }
			}
		},
		{
			"__comment": "Cube11",
			"from": [ 7.25, 14, 6 ],
			"to": [ 9.75, 14.5, 6.5 ],
			"faces": {
				"down": { "uv": [ 9.5, 14.5, 10.5, 15 ], "texture": "#atlas", "rotation": 180 },
				"up": { "uv": [ 10.5, 14.5, 11.5, 15 ], "texture": "#atlas", "rotation": 180 },
				"north": { "uv": [ 1.5, 8, 2.5, 8.5 ], "texture": "#atlas" },
				"south": { "uv": [ 11.5, 14.5, 12.5, 15 ], "texture": "#atlas" },
				"west": { "uv": [ 15.5, 15, 16, 15.5 ], "texture": "#atlas" },
				"east": { "uv": [ 15.5, 15.5, 16, 16 ], "texture": "#atlas" }
			}
		},
		{
			"__comment": "Cube12",
			"from": [ 7.25, 12.5, 6 ],
			"to": [ 7.75, 14, 6.5 ],
			"faces": {
				"north": { "uv": [ 9.5, 13, 10, 13.5 ], "texture": "#atlas" },
				"south": { "uv": [ 15.5, 14.5, 16, 15 ], "texture": "#atlas" },
				"west": { "uv": [ 9.5, 12, 10, 12.5 ], "texture": "#atlas" },
				"east": { "uv": [ 9.5, 12.5, 10, 13 ], "texture": "#atlas" }
			}
		},
		{
			"__comment": "Cube12",
			"from": [ 9.25, 12.5, 6 ],
			"to": [ 9.75, 14, 6.5 ],
			"faces": {
				"north": { "uv": [ 9.5, 11, 10, 11.5 ], "texture": "#atlas" },
				"south": { "uv": [ 9.5, 11.5, 10, 12 ], "texture": "#atlas" },
				"west": { "uv": [ 9.5, 9.5, 10, 10 ], "texture": "#atlas" },
				"east": { "uv": [ 9.5, 10, 10, 10.5 ], "texture": "#atlas" }
			}
		},
		{
			"__comment": "Cube11",
			"from": [ 7.25, 12, 6 ],
			"to": [ 9.75, 12.5, 6.5 ],
			"faces": {
				"down": { "uv": [ 12.5, 14.5, 13.5, 15 ], "texture": "#atlas", "rotation": 180 },
				"up": { "uv": [ 13.5, 14.5, 14.5, 15 ], "texture": "#atlas", "rotation": 180 },
				"north": { "uv": [ 14.5, 15.5, 15.5, 16 ], "texture": "#atlas" },
				"south": { "uv": [ 14.5, 14.5, 15.5, 15 ], "texture": "#atlas" },
				"west": { "uv": [ 12.5, 14, 13, 14.5 ], "texture": "#atlas" },
				"east": { "uv": [ 11.5, 14, 12, 14.5 ], "texture": "#atlas" }
			}
		},
		{
			"__comment": "Cube13",
			"from": [ 8.45, 12.5, 6.25 ],
			"to": [ 8.55, 13, 6.5 ],
			"faces": {
				"up": { "uv": [ 13, 14, 13.5, 14.5 ], "texture": "#atlas", "rotation": 180 },
				"north": { "uv": [ 14, 14, 14.5, 14.5 ], "texture": "#atlas" },
				"south": { "uv": [ 13.5, 14, 14, 14.5 ], "texture": "#atlas" },
				"west": { "uv": [ 4.5, 8.5, 5, 9 ], "texture": "#atlas" },
				"east": { "uv": [ 4.5, 11.5, 5, 12 ], "texture": "#atlas" }
			}
		},
		{
			"__comment": "Cube14",
			"from": [ 8, 5.5, 8 ],
			"to": [ 9, 8, 9 ],
			"faces": {
				"down": { "uv": [ 5, 8, 5.5, 8.5 ], "texture": "#atlas", "rotation": 180 },
				"north": { "uv": [ 4.5, 9, 5, 10 ], "texture": "#atlas" },
				"south": { "uv": [ 4.5, 12, 5, 13 ], "texture": "#atlas" },
				"west": { "uv": [ 9.5, 13.5, 10, 14.5 ], "texture": "#atlas" },
				"east": { "uv": [ 8, 8, 8.5, 9 ], "texture": "#atlas" }
			}
		},
		{
			"__comment": "Cube14",
			"from": [ 8, 5.5, 6 ],
			"to": [ 9, 8, 7 ],
			"faces": {
				"down": { "uv": [ 10.5, 14, 11, 14.5 ], "texture": "#atlas", "rotation": 180 },
				"north": { "uv": [ 9, 10, 9.5, 11 ], "texture": "#atlas" },
				"south": { "uv": [ 8.5, 8, 9, 9 ], "texture": "#atlas" },
				"west": { "uv": [ 9, 8, 9.5, 9 ], "texture": "#atlas" },
				"east": { "uv": [ 9, 9, 9.5, 10 ], "texture": "#atlas" }
			}
		},
		{
			"__comment": "Cube16",
			"from": [ 10, 5.5, -6.5 ],
			"to": [ 10.5, 10, -6 ],
			"rotation": { "origin": [ 10.5, 5.5, -6 ], "axis": "z", "angle": 22.5 },
			"faces": {
				"down": { "uv": [ 9.5, 10.5, 10, 11 ], "texture": "#atlas", "rotation": 180 },
				"north": { "uv": [ 8.5, 9, 9, 11 ], "texture": "#atlas" },
				"south": { "uv": [ 8.5, 11, 9, 13 ], "texture": "#atlas" },
				"west": { "uv": [ 9, 13, 9.5, 15 ], "texture": "#atlas" },
				"east": { "uv": [ 8, 9, 8.5, 11 ], "texture": "#atlas" }
			}
		},
		{
			"__comment": "Cube16",
			"from": [ 6.5, 5.5, -6.5 ],
			"to": [ 7, 10, -6 ],
			"rotation": { "origin": [ 6.5, 5.5, -6.499998 ], "axis": "z", "angle": -22.5 },
			"faces": {
				"down": { "uv": [ 9.5, 8, 10, 8.5 ], "texture": "#atlas" },
				"north": { "uv": [ 8.5, 13, 9, 15 ], "texture": "#atlas" },
				"south": { "uv": [ 9, 11, 9.5, 13 ], "texture": "#atlas" },
				"west": { "uv": [ 5.5, 8.5, 6, 10.5 ], "texture": "#atlas" },
				"east": { "uv": [ 5, 8.5, 5.5, 10.5 ], "texture": "#atlas" }
			}
		},
		{
			"__comment": "Cube6",
			"from": [ 7.875, 8.875, -9.5 ],
			"to": [ 9.125, 10.125, -8.5 ],
			"faces": {
				"down": { "uv": [ 14.5, 14, 15, 14.5 ], "texture": "#atlas", "rotation": 180 },
				"up": { "uv": [ 15, 14, 15.5, 14.5 ], "texture": "#atlas", "rotation": 180 },
				"north": { "uv": [ 13.5, 11, 16, 13.5 ], "texture": "#atlas" },
				"south": { "uv": [ 15.5, 14, 16, 14.5 ], "texture": "#atlas" },
				"west": { "uv": [ 10.5, 13.5, 11, 14 ], "texture": "#atlas" },
				"east": { "uv": [ 10, 13.5, 10.5, 14 ], "texture": "#atlas" }
			}
		},
		{
			"__comment": "Cube6",
			"from": [ 7.75, 8.75, -10.5 ],
			"to": [ 9.25, 10.25, -9.5 ],
			"faces": {
				"down": { "uv": [ 14.5, 14, 15, 14.5 ], "texture": "#atlas", "rotation": 180 },
				"up": { "uv": [ 15, 14, 15.5, 14.5 ], "texture": "#atlas", "rotation": 180 },
				"north": { "uv": [ 13.5, 11, 16, 13.5 ], "texture": "#atlas" },
				"south": { "uv": [ 15.5, 14, 16, 14.5 ], "texture": "#atlas" },
				"west": { "uv": [ 10.5, 13.5, 11, 14 ], "texture": "#atlas" },
				"east": { "uv": [ 10, 13.5, 10.5, 14 ], "texture": "#atlas" }
			}
		}
	],
	"display": {
		"head": {
			"scale":  [ 1.5, 1.5, 1.5 ],
			"translation":  [ 3, -17, 4 ]
		},
		"gui": {
			"rotation":  [ 30, 45, 0 ],
			"scale":  [ 0.5, 0.5, 0.5 ]
		}
	}
}