{"__comment":"Crafted by NullBlox - Do Not Distribute or Modify with outPermission.","textures":{"particle":"item/nubx/nulls_gray","texture":"item/nubx/nulls_teal"},"elements":[{"__comment":"Black","from":[-5,9.25,7.5],"to":[-3.5,10.25,8.5],"faces":{"down":{"uv":[0,0,1,1],"texture":"#texture","cullface":"west"},"up":{"uv":[0,0,1,1],"texture":"#texture","cullface":"west"},"north":{"uv":[0,0,1,1],"texture":"#texture","cullface":"west"},"south":{"uv":[0,0,1,1],"texture":"#texture","cullface":"west"},"west":{"uv":[0,0,1,1],"texture":"#texture","cullface":"west"},"east":{"uv":[0,0,1,1],"texture":"#texture","cullface":"west"}}},{"__comment":"Light_Black","from":[-3.5,9.5,7.75],"to":[7.5,10,8.25],"faces":{"down":{"uv":[2,0,3,1],"texture":"#particle","cullface":"west"},"up":{"uv":[2.5,0,3.5,1],"texture":"#particle","cullface":"west"},"north":{"uv":[2.5,0,3.5,1],"texture":"#particle","cullface":"west"},"south":{"uv":[2.5,0,3.5,1],"texture":"#particle","cullface":"west"},"east":{"uv":[2.5,0,3.5,1],"texture":"#particle","cullface":"west"}}},{"__comment":"Light_Black*","from":[-3.5,8.5,7.75],"to":[7.5,9,8.25],"faces":{"down":{"uv":[2,0,3,1],"texture":"#particle","cullface":"west"},"up":{"uv":[2.5,0,3.5,1],"texture":"#particle","cullface":"west"},"north":{"uv":[2.5,0,3.5,1],"texture":"#particle","cullface":"west"},"south":{"uv":[2.5,0,3.5,1],"texture":"#particle","cullface":"west"}}},{"__comment":"Black*","from":[0.5,8,7.5],"to":[5,9.5,8.5],"faces":{"down":{"uv":[0,0,1,1],"texture":"#texture"},"up":{"uv":[0,0,1,1],"texture":"#texture"},"north":{"uv":[0,0,1,1],"texture":"#texture"},"south":{"uv":[0,0,1,1],"texture":"#texture"},"west":{"uv":[0,0,1,1],"texture":"#texture"},"east":{"uv":[0,0,1,1],"texture":"#texture"}}},{"__comment":"Black*","from":[-4,8.25,7.5],"to":[-3.5,9.25,8.5],"faces":{"down":{"uv":[0,0,1,1],"texture":"#texture","cullface":"west"},"north":{"uv":[0,0,1,1],"texture":"#texture","cullface":"west"},"south":{"uv":[0,0,1,1],"texture":"#texture","cullface":"west"},"west":{"uv":[0,0,1,1],"texture":"#texture","cullface":"west"},"east":{"uv":[0,0,1,1],"texture":"#texture","cullface":"west"}}},{"__comment":"Light_Black*","from":[5,9,7.75],"to":[7.5,9.5,8.25],"faces":{"north":{"uv":[2.5,0,3.5,1],"texture":"#particle"},"south":{"uv":[2.5,0,3.5,1],"texture":"#particle"},"east":{"uv":[2.5,0,3.5,1],"texture":"#particle"}}},{"__comment":"Light_Black*","from":[7.5,9.75,7.5],"to":[14,10.25,8.5],"faces":{"down":{"uv":[2,0,3,1],"texture":"#particle"},"up":{"uv":[2.5,0,3.5,1],"texture":"#particle"},"north":{"uv":[2.5,0,3.5,1],"texture":"#particle"},"south":{"uv":[2.5,0,3.5,1],"texture":"#particle"},"west":{"uv":[2.5,0,3.5,1],"texture":"#particle"}}},{"__comment":"Light_Black*","from":[14,8.25,7.5],"to":[16,10.25,8.5],"rotation":{"origin":[14,10.25,7.5],"axis":"z","angle":-22.5 },"faces":{"down":{"uv":[2,0,3,1],"texture":"#particle"},"up":{"uv":[2.5,0,3.5,1],"texture":"#particle"},"north":{"uv":[2.5,0,3.5,1],"texture":"#particle"},"south":{"uv":[2.5,0,3.5,1],"texture":"#particle"},"west":{"uv":[2.5,0,3.5,1],"texture":"#particle"},"east":{"uv":[2.5,0,3.5,1],"texture":"#particle","cullface":"east"}}},{"__comment":"Black*","from":[9,9.25,7.75],"to":[10.5,9.75,8.25],"faces":{"north":{"uv":[0,0,1,1],"texture":"#texture"},"south":{"uv":[0,0,1,1],"texture":"#texture"}}},{"__comment":"Light_Black*","from":[7.5,8.25,7.5],"to":[14,9.25,8.5],"faces":{"down":{"uv":[2,0,3,1],"texture":"#particle"},"up":{"uv":[2.5,0,3.5,1],"texture":"#particle"},"north":{"uv":[2.5,0,3.5,1],"texture":"#particle"},"south":{"uv":[2.5,0,3.5,1],"texture":"#particle"},"west":{"uv":[2.5,0,3.5,1],"texture":"#particle"}}},{"__comment":"Light_Black*","from":[7.5,9.25,7.5],"to":[9,9.75,8.5],"faces":{"north":{"uv":[2.5,0,3.5,1],"texture":"#particle"},"south":{"uv":[2.5,0,3.5,1],"texture":"#particle"},"west":{"uv":[2.5,0,3.5,1],"texture":"#particle"},"east":{"uv":[2.5,0,3.5,1],"texture":"#particle"}}},{"__comment":"Light_Black*","from":[10.5,9.25,7.5],"to":[14,9.75,8.5],"faces":{"north":{"uv":[2.5,0,3.5,1],"texture":"#particle"},"south":{"uv":[2.5,0,3.5,1],"texture":"#particle"},"west":{"uv":[2.5,0,3.5,1],"texture":"#particle"}}},{"__comment":"Black*","from":[15.5,7.5625,7.4375],"to":[18,9.6875,8.5625],"rotation":{"origin":[15.5,9.6875,7.4375],"axis":"z","angle":-22.5 },"faces":{"down":{"uv":[0,0,1,1],"texture":"#texture","cullface":"east"},"up":{"uv":[0,0,1,1],"texture":"#texture","cullface":"east"},"north":{"uv":[0,0,1,1],"texture":"#texture","cullface":"east"},"south":{"uv":[0,0,1,1],"texture":"#texture","cullface":"east"},"west":{"uv":[0,0,1,1],"texture":"#texture","cullface":"east"},"east":{"uv":[0,0,1,1],"texture":"#texture","cullface":"east"}}},{"__comment":"Black*","from":[15.5,4,7.4375],"to":[17,8,8.5625],"rotation":{"origin":[15.5,8,7.4375],"axis":"z","angle":22.5 },"faces":{"down":{"uv":[0,0,1,1],"texture":"#texture","cullface":"east"},"up":{"uv":[0,0,1,1],"texture":"#texture","cullface":"east"},"north":{"uv":[0,0,1,1],"texture":"#texture","cullface":"east"},"south":{"uv":[0,0,1,1],"texture":"#texture","cullface":"east"},"west":{"uv":[0,0,1,1],"texture":"#texture","cullface":"east"},"east":{"uv":[0,0,1,1],"texture":"#texture","cullface":"east"}}},{"__comment":"Black*","from":[11.5,7.5,7.6875],"to":[12.5,8.5,8.1875],"faces":{"down":{"uv":[0,0,1,1],"texture":"#texture"},"up":{"uv":[0,0,1,1],"texture":"#texture"},"north":{"uv":[0,0,1,1],"texture":"#texture"},"south":{"uv":[0,0,1,1],"texture":"#texture"},"west":{"uv":[0,0,1,1],"texture":"#texture"},"east":{"uv":[0,0,1,1],"texture":"#texture"}}},{"__comment":"Black*","from":[11.6875,7.5,7.6875],"to":[14.6875,8,8.1875],"rotation":{"origin":[11.6875,8,7.6875],"axis":"z","angle":-22.5 },"faces":{"down":{"uv":[0,0,1,1],"texture":"#texture"},"up":{"uv":[0,0,1,1],"texture":"#texture"},"north":{"uv":[0,0,1,1],"texture":"#texture"},"south":{"uv":[0,0,1,1],"texture":"#texture"},"west":{"uv":[0,0,1,1],"texture":"#texture"},"east":{"uv":[0,0,1,1],"texture":"#texture"}}},{"__comment":"Black*","from":[14.125,6.375,7.6875],"to":[16.625,6.9375,8.1875],"faces":{"down":{"uv":[0,0,1,1],"texture":"#texture","cullface":"east"},"up":{"uv":[0,0,1,1],"texture":"#texture","cullface":"east"},"north":{"uv":[0,0,1,1],"texture":"#texture","cullface":"east"},"south":{"uv":[0,0,1,1],"texture":"#texture","cullface":"east"},"west":{"uv":[0,0,1,1],"texture":"#texture","cullface":"east"},"east":{"uv":[0,0,1,1],"texture":"#texture","cullface":"east"}}},{"__comment":"Black*","from":[15.5,7.0625,7.6875],"to":[16,8.5625,8.1875],"rotation":{"origin":[15.5,8.5625,7.6875],"axis":"z","angle":-22.5 },"faces":{"down":{"uv":[0,0,1,1],"texture":"#texture"},"up":{"uv":[0,0,1,1],"texture":"#texture"},"north":{"uv":[0,0,1,1],"texture":"#texture"},"south":{"uv":[0,0,1,1],"texture":"#texture"},"west":{"uv":[0,0,1,1],"texture":"#texture"},"east":{"uv":[0,0,1,1],"texture":"#texture","cullface":"east"}}},{"__comment":"Black*","from":[1,7.75,7.25],"to":[1.5,9.25,8.75],"faces":{"down":{"uv":[0,0,1,1],"texture":"#texture"},"up":{"uv":[0,0,1,1],"texture":"#texture"},"north":{"uv":[0,0,1,1],"texture":"#texture"},"south":{"uv":[0,0,1,1],"texture":"#texture"},"west":{"uv":[0,0,1,1],"texture":"#texture"},"east":{"uv":[0,0,1,1],"texture":"#texture"}}},{"__comment":"Black*","from":[2,7.75,7.25],"to":[2.5,9.25,8.75],"faces":{"down":{"uv":[0,0,1,1],"texture":"#texture"},"up":{"uv":[0,0,1,1],"texture":"#texture"},"north":{"uv":[0,0,1,1],"texture":"#texture"},"south":{"uv":[0,0,1,1],"texture":"#texture"},"west":{"uv":[0,0,1,1],"texture":"#texture"},"east":{"uv":[0,0,1,1],"texture":"#texture"}}},{"__comment":"Black*","from":[3,7.75,7.25],"to":[3.5,9.25,8.75],"faces":{"down":{"uv":[0,0,1,1],"texture":"#texture"},"up":{"uv":[0,0,1,1],"texture":"#texture"},"north":{"uv":[0,0,1,1],"texture":"#texture"},"south":{"uv":[0,0,1,1],"texture":"#texture"},"west":{"uv":[0,0,1,1],"texture":"#texture"},"east":{"uv":[0,0,1,1],"texture":"#texture"}}},{"__comment":"Black*","from":[4,7.75,7.25],"to":[4.5,9.25,8.75],"faces":{"down":{"uv":[0,0,1,1],"texture":"#texture"},"up":{"uv":[0,0,1,1],"texture":"#texture"},"north":{"uv":[0,0,1,1],"texture":"#texture"},"south":{"uv":[0,0,1,1],"texture":"#texture"},"west":{"uv":[0,0,1,1],"texture":"#texture"},"east":{"uv":[0,0,1,1],"texture":"#texture"}}}],"display":{"thirdperson_righthand":{"rotation":[0,-37,0],"translation":[-5.48,0.38,-3.02],"scale":[0.8,0.8,0.8 ]},"thirdperson_lefthand":{"rotation":[0,137,0],"translation":[-5.48,0.38,-3.4],"scale":[0.8,0.8,0.8 ]},"head":{"rotation":[0,0,45],"translation":[2.08,-14.17,3.59],"scale":[1,1,1 ]},"ground":{"rotation":[0,0,0],"translation":[0,1.51,0],"scale":[0.6,0.6,0.6 ]},"fixed":{"rotation":[0,0,0],"translation":[1.13,-0.57,0],"scale":[0.8,0.8,0.8 ]},"firstperson_righthand":{"rotation":[1,-91,-4],"translation":[-1.13,2.46,-2.46],"scale":[1,1,1 ]},"firstperson_lefthand":{"rotation":[1,91,4],"translation":[-1.13,2.46,-2.46],"scale":[1,1,1 ]},"gui":{"rotation":[30,225,0],"translation":[0,0,0],"scale":[0.625,0.625,0.625 ]}}}