{
	"__comment": "Designed by Robotnikman with Cubik Studio - https://cubik.studio",
	"textures": {
		"atlas": "item/robotnikman/guns/m2_flamethrower"
	},
	"elements": [
		{
			"__comment": "Cube1",
			"from": [ 7.5, 9, 2.5 ],
			"to": [ 8.5, 10, 5 ],
			"faces": {
				"down": { "uv": [ 1, 14, 3, 15 ], "texture": "#atlas", "cullface": "north" },
				"up": { "uv": [ 1, 14, 3, 15 ], "texture": "#atlas", "cullface": "north" },
				"north": { "uv": [ 4, 13, 7, 16 ], "texture": "#atlas", "cullface": "north" },
				"west": { "uv": [ 1, 14, 3, 15 ], "texture": "#atlas", "cullface": "north" },
				"east": { "uv": [ 1, 14, 3, 15 ], "texture": "#atlas", "cullface": "north" }
			}
		},
		{
			"__comment": "Cube2",
			"from": [ 7, 8.5, 5 ],
			"to": [ 9, 10.5, 7.5 ],
			"faces": {
				"down": { "uv": [ 1, 14, 3, 16 ], "texture": "#atlas" },
				"up": { "uv": [ 1, 14, 3, 16 ], "texture": "#atlas" },
				"north": { "uv": [ 1, 14, 3, 16 ], "texture": "#atlas" },
				"south": { "uv": [ 1, 14, 3, 16 ], "texture": "#atlas" },
				"west": { "uv": [ 1, 14, 3, 16 ], "texture": "#atlas" },
				"east": { "uv": [ 1, 14, 3, 16 ], "texture": "#atlas" }
			}
		},
		{
			"__comment": "Cube3",
			"from": [ 7.5, 9, 7.5 ],
			"to": [ 8.5, 10, 16 ],
			"faces": {
				"down": { "uv": [ 0, 8, 1, 16 ], "texture": "#atlas", "rotation": 270 },
				"up": { "uv": [ 0, 8, 1, 16 ], "texture": "#atlas", "rotation": 270 },
				"west": { "uv": [ 0, 8, 1, 16 ], "texture": "#atlas", "rotation": 270 },
				"east": { "uv": [ 0, 8, 1, 16 ], "texture": "#atlas", "rotation": 270 }
			}
		},
		{
			"__comment": "Cube4",
			"from": [ 7.5, 7, 15 ],
			"to": [ 8.5, 9, 16 ],
			"faces": {
				"down": { "uv": [ 2, 8, 2.5, 8.5 ], "texture": "#atlas" },
				"north": { "uv": [ 0, 8, 1, 10 ], "texture": "#atlas" },
				"south": { "uv": [ 0, 8, 1, 10 ], "texture": "#atlas" },
				"west": { "uv": [ 0, 8, 1, 10 ], "texture": "#atlas" },
				"east": { "uv": [ 0, 8, 1, 10 ], "texture": "#atlas" }
			}
		},
		{
			"__comment": "Cube5",
			"from": [ 8.5, 9, 17 ],
			"to": [ 11, 10, 18 ],
			"faces": {
				"down": { "uv": [ 8, 12, 9, 16 ], "texture": "#atlas", "rotation": 270 },
				"up": { "uv": [ 8, 12, 9, 16 ], "texture": "#atlas", "rotation": 270 },
				"north": { "uv": [ 8, 12, 9, 16 ], "texture": "#atlas", "rotation": 270 },
				"south": { "uv": [ 8, 12, 9, 16 ], "texture": "#atlas", "rotation": 270 }
			}
		},
		{
			"__comment": "Cube6",
			"from": [ 10, 10, 8 ],
			"to": [ 13, 13, 17 ],
			"faces": {
				"down": { "uv": [ 14, 9, 16, 16 ], "texture": "#atlas", "rotation": 270 },
				"up": { "uv": [ 14, 9, 16, 16 ], "texture": "#atlas", "rotation": 270 },
				"north": { "uv": [ 14, 9, 16, 11 ], "texture": "#atlas" },
				"south": { "uv": [ 14, 9, 16, 11 ], "texture": "#atlas" },
				"west": { "uv": [ 14, 9, 16, 16 ], "texture": "#atlas", "rotation": 270 },
				"east": { "uv": [ 14, 9, 16, 16 ], "texture": "#atlas", "rotation": 270 }
			}
		},
		{
			"__comment": "Cube6",
			"from": [ 10, 6, 8 ],
			"to": [ 13, 9, 17 ],
			"faces": {
				"down": { "uv": [ 0, 11.5, 1, 15 ], "texture": "#atlas" },
				"up": { "uv": [ 14, 9, 16, 16 ], "texture": "#atlas", "rotation": 270 },
				"north": { "uv": [ 14, 9, 16, 11 ], "texture": "#atlas" },
				"south": { "uv": [ 14, 9, 16, 11 ], "texture": "#atlas" },
				"west": { "uv": [ 14, 9, 16, 16 ], "texture": "#atlas", "rotation": 270 },
				"east": { "uv": [ 14, 9, 16, 16 ], "texture": "#atlas", "rotation": 270 }
			}
		},
		{
			"__comment": "Cube9",
			"from": [ 11, 7.5, 17 ],
			"to": [ 12, 11.5, 18 ],
			"faces": {
				"down": { "uv": [ 8, 12, 9, 13 ], "texture": "#atlas" },
				"up": { "uv": [ 8, 12, 9, 13 ], "texture": "#atlas" },
				"north": { "uv": [ 8, 12, 9, 16 ], "texture": "#atlas" },
				"south": { "uv": [ 8, 12, 9, 16 ], "texture": "#atlas" },
				"west": { "uv": [ 8, 12, 9, 16 ], "texture": "#atlas" },
				"east": { "uv": [ 8, 12, 9, 16 ], "texture": "#atlas" }
			}
		},
		{
			"__comment": "Cube10",
			"from": [ 7.5, 9, 16 ],
			"to": [ 8.5, 10, 18 ],
			"faces": {
				"down": { "uv": [ 8, 12, 9, 14 ], "texture": "#atlas", "rotation": 270 },
				"up": { "uv": [ 8, 12, 9, 14 ], "texture": "#atlas", "rotation": 270 },
				"south": { "uv": [ 8, 12, 9, 13 ], "texture": "#atlas" },
				"west": { "uv": [ 8, 12, 9, 14 ], "texture": "#atlas", "rotation": 270 },
				"east": { "uv": [ 8, 12, 9, 14 ], "texture": "#atlas", "rotation": 270 }
			}
		},
		{
			"__comment": "Cube12",
			"from": [ 8.5, 9, 13 ],
			"to": [ 11.5, 10, 14 ],
			"faces": {
				"down": { "uv": [ 0, 11.5, 1, 14.5 ], "texture": "#atlas", "rotation": 270 },
				"up": { "uv": [ 0, 11.5, 1, 14.5 ], "texture": "#atlas", "rotation": 270 },
				"north": { "uv": [ 0, 11.5, 1, 14.5 ], "texture": "#atlas", "rotation": 270 },
				"south": { "uv": [ 0, 11.5, 1, 14.5 ], "texture": "#atlas", "rotation": 270 },
				"east": { "uv": [ 0, 8, 1, 9 ], "texture": "#atlas" }
			}
		},
		{
			"__comment": "Cube14",
			"from": [ 10.5, 10.5, 7.5 ],
			"to": [ 12.5, 12.5, 8 ],
			"faces": {
				"down": { "uv": [ 14, 9, 16, 10 ], "texture": "#atlas" },
				"up": { "uv": [ 14, 9, 16, 10 ], "texture": "#atlas" },
				"north": { "uv": [ 14, 9, 16, 11 ], "texture": "#atlas" },
				"west": { "uv": [ 14, 9, 15, 11 ], "texture": "#atlas" },
				"east": { "uv": [ 14, 9, 15, 11 ], "texture": "#atlas" }
			}
		},
		{
			"__comment": "Cube13",
			"from": [ 7.5, 7, 7.5 ],
			"to": [ 8.5, 9, 8.5 ],
			"faces": {
				"down": { "uv": [ 6, 9, 6.5, 9.5 ], "texture": "#atlas" },
				"north": { "uv": [ 0, 8, 1, 10 ], "texture": "#atlas" },
				"south": { "uv": [ 0, 8, 1, 10 ], "texture": "#atlas" },
				"west": { "uv": [ 0, 8, 1, 10 ], "texture": "#atlas" },
				"east": { "uv": [ 0, 8, 1, 10 ], "texture": "#atlas" }
			}
		},
		{
			"__comment": "Cube14",
			"from": [ 10.5, 6.5, 7.5 ],
			"to": [ 12.5, 8.5, 8 ],
			"faces": {
				"down": { "uv": [ 14, 9, 16, 10 ], "texture": "#atlas" },
				"up": { "uv": [ 14, 9, 16, 10 ], "texture": "#atlas" },
				"north": { "uv": [ 14, 9, 16, 11 ], "texture": "#atlas" },
				"west": { "uv": [ 14, 9, 15, 11 ], "texture": "#atlas" },
				"east": { "uv": [ 14, 9, 15, 11 ], "texture": "#atlas" }
			}
		}
	],
	"display": {
		"head": {
			"scale":  [ 1.5, 1.5, 1.5 ],
			"translation":  [ 3, -17, 4 ]
		},
		"gui": {
			"rotation":  [ 30, 45, 0 ],
			"scale":  [ 0.6, 0.6, 0.6 ]
		}
	}
}