{
	"__comment": "Designed by Robotnikman with Cubik Studio - https://cubik.studio",
	"textures": {
		"atlas": "item/robotnikman/guns/minigun"
	},
	"elements": [
		{
			"__comment": "Cube1",
			"from": [ 13, 4.5, -6.5 ],
			"to": [ 14, 5.5, 7.5 ],
			"faces": {
				"down": { "uv": [ 0, 0, 0.5, 7 ], "texture": "#atlas", "cullface": "north" },
				"up": { "uv": [ 0, 0, 0.5, 7 ], "texture": "#atlas", "cullface": "north" },
				"north": { "uv": [ 3, 0, 4.5, 1.5 ], "texture": "#atlas", "cullface": "north" },
				"west": { "uv": [ 0, 0, 0.5, 7 ], "texture": "#atlas", "cullface": "north", "rotation": 270 },
				"east": { "uv": [ 0, 0, 0.5, 7 ], "texture": "#atlas", "cullface": "north", "rotation": 270 }
			}
		},
		{
			"__comment": "Cube1",
			"from": [ 11.5, 3.5, -6.5 ],
			"to": [ 12.5, 4.5, 7.5 ],
			"faces": {
				"down": { "uv": [ 0, 0, 0.5, 7 ], "texture": "#atlas", "cullface": "north" },
				"up": { "uv": [ 0, 0, 0.5, 7 ], "texture": "#atlas", "cullface": "north" },
				"north": { "uv": [ 3, 0, 4.5, 1.5 ], "texture": "#atlas", "cullface": "north" },
				"west": { "uv": [ 0, 0, 0.5, 7 ], "texture": "#atlas", "cullface": "north", "rotation": 270 }
			}
		},
		{
			"__comment": "Cube1",
			"from": [ 11.5, 5.5, -6.5 ],
			"to": [ 12.5, 6.5, 7.5 ],
			"faces": {
				"down": { "uv": [ 0, 0, 0.5, 7 ], "texture": "#atlas", "cullface": "north" },
				"up": { "uv": [ 0, 0, 0.5, 7 ], "texture": "#atlas", "cullface": "north" },
				"north": { "uv": [ 3, 0, 4.5, 1.5 ], "texture": "#atlas", "cullface": "north" },
				"west": { "uv": [ 0, 0, 0.5, 7 ], "texture": "#atlas", "cullface": "north", "rotation": 270 }
			}
		},
		{
			"__comment": "Cube1",
			"from": [ 11, 4.5, -6.5 ],
			"to": [ 12, 5.5, 7.5 ],
			"faces": {
				"down": { "uv": [ 0, 0, 0.5, 7 ], "texture": "#atlas", "cullface": "north" },
				"up": { "uv": [ 0, 0, 0.5, 7 ], "texture": "#atlas", "cullface": "north" },
				"north": { "uv": [ 3, 0, 4.5, 1.5 ], "texture": "#atlas", "cullface": "north" },
				"west": { "uv": [ 0, 0, 0.5, 7 ], "texture": "#atlas", "cullface": "north", "rotation": 270 },
				"east": { "uv": [ 0, 0, 0.5, 7 ], "texture": "#atlas", "cullface": "north", "rotation": 270 }
			}
		},
		{
			"__comment": "Cube1",
			"from": [ 12.5, 5.5, -6.5 ],
			"to": [ 13.5, 6.5, 7.5 ],
			"faces": {
				"down": { "uv": [ 0, 0, 0.5, 7 ], "texture": "#atlas", "cullface": "north" },
				"up": { "uv": [ 0, 0, 0.5, 7 ], "texture": "#atlas", "cullface": "north" },
				"north": { "uv": [ 3, 0, 4.5, 1.5 ], "texture": "#atlas", "cullface": "north" },
				"east": { "uv": [ 0, 0, 0.5, 7 ], "texture": "#atlas", "cullface": "north", "rotation": 270 }
			}
		},
		{
			"__comment": "Cube1",
			"from": [ 12.5, 3.5, -6.5 ],
			"to": [ 13.5, 4.5, 7.5 ],
			"faces": {
				"down": { "uv": [ 0, 0, 0.5, 7 ], "texture": "#atlas", "cullface": "north" },
				"up": { "uv": [ 0, 0, 0.5, 7 ], "texture": "#atlas", "cullface": "north" },
				"north": { "uv": [ 3, 0, 4.5, 1.5 ], "texture": "#atlas", "cullface": "north" },
				"east": { "uv": [ 0, 0, 0.5, 7 ], "texture": "#atlas", "cullface": "north", "rotation": 270 }
			}
		},
		{
			"__comment": "Cube7",
			"from": [ 11, 3, -2.5 ],
			"to": [ 14, 4.5, -2 ],
			"faces": {
				"down": { "uv": [ 0, 7, 1.5, 7.5 ], "texture": "#atlas" },
				"up": { "uv": [ 0, 7, 1.5, 7.5 ], "texture": "#atlas" },
				"north": { "uv": [ 0, 9, 1.5, 9.5 ], "texture": "#atlas" },
				"south": { "uv": [ 0, 9, 1.5, 9.5 ], "texture": "#atlas" },
				"west": { "uv": [ 0, 0, 0.5, 0.5 ], "texture": "#atlas" },
				"east": { "uv": [ 0, 0, 0.5, 0.5 ], "texture": "#atlas" }
			}
		},
		{
			"__comment": "Cube7",
			"from": [ 11, 5.5, -2.5 ],
			"to": [ 14, 7, -2 ],
			"faces": {
				"down": { "uv": [ 0, 7, 1.5, 7.5 ], "texture": "#atlas" },
				"up": { "uv": [ 0, 7.5, 1.5, 8 ], "texture": "#atlas" },
				"north": { "uv": [ 0, 7, 1.5, 7.5 ], "texture": "#atlas" },
				"south": { "uv": [ 0, 7, 1.5, 7.5 ], "texture": "#atlas" },
				"west": { "uv": [ 0, 0, 0.5, 0.5 ], "texture": "#atlas" },
				"east": { "uv": [ 0, 0, 0.5, 0.5 ], "texture": "#atlas" }
			}
		},
		{
			"__comment": "Cube9",
			"from": [ 10.5, 4, -2.5 ],
			"to": [ 11, 6, -2 ],
			"faces": {
				"down": { "uv": [ 0, 0, 0.5, 0.5 ], "texture": "#atlas" },
				"up": { "uv": [ 0, 0, 0.5, 0.5 ], "texture": "#atlas" },
				"north": { "uv": [ 0, 0, 0.5, 1 ], "texture": "#atlas" },
				"south": { "uv": [ 0, 0, 0.5, 1 ], "texture": "#atlas" },
				"west": { "uv": [ 0, 0, 0.5, 1 ], "texture": "#atlas" },
				"east": { "uv": [ 0, 0, 0.5, 1 ], "texture": "#atlas" }
			}
		},
		{
			"__comment": "Cube9",
			"from": [ 14, 4, -2.5 ],
			"to": [ 14.5, 6, -2 ],
			"faces": {
				"down": { "uv": [ 0, 0, 0.5, 0.5 ], "texture": "#atlas" },
				"up": { "uv": [ 0, 0, 0.5, 0.5 ], "texture": "#atlas" },
				"north": { "uv": [ 0, 7, 0.5, 8 ], "texture": "#atlas" },
				"south": { "uv": [ 0, 7, 0.5, 8 ], "texture": "#atlas" },
				"west": { "uv": [ 0, 0, 0.5, 1 ], "texture": "#atlas" },
				"east": { "uv": [ 0, 0, 0.5, 1 ], "texture": "#atlas" }
			}
		},
		{
			"__comment": "Cube11",
			"from": [ 10.5, 3, 7.5 ],
			"to": [ 14.5, 7, 13 ],
			"faces": {
				"down": { "uv": [ 0, 7, 2, 9.5 ], "texture": "#atlas", "cullface": "south" },
				"up": { "uv": [ 0, 7, 2, 9.5 ], "texture": "#atlas", "cullface": "south" },
				"north": { "uv": [ 0, 7, 2, 9 ], "texture": "#atlas", "cullface": "south" },
				"south": { "uv": [ 0, 7, 2, 9 ], "texture": "#atlas", "cullface": "south" },
				"west": { "uv": [ 0, 7, 2, 9.5 ], "texture": "#atlas", "cullface": "south", "rotation": 180 },
				"east": { "uv": [ 0, 7, 2, 9.5 ], "texture": "#atlas", "cullface": "south", "rotation": 180 }
			}
		},
		{
			"__comment": "Cube12",
			"from": [ 8, 0, 7 ],
			"to": [ 11, 3, 13.5 ],
			"faces": {
				"down": { "uv": [ 1, 0, 2.5, 3 ], "texture": "#atlas", "cullface": "south" },
				"up": { "uv": [ 1, 0, 2.5, 3 ], "texture": "#atlas", "cullface": "south" },
				"north": { "uv": [ 1, 0, 2.5, 1.5 ], "texture": "#atlas", "cullface": "south" },
				"south": { "uv": [ 1, 1.5, 2.5, 3 ], "texture": "#atlas", "cullface": "south" },
				"west": { "uv": [ 1, 0, 2.5, 3 ], "texture": "#atlas", "cullface": "south", "rotation": 270 },
				"east": { "uv": [ 1, 0, 2.5, 3 ], "texture": "#atlas", "cullface": "south", "rotation": 270 }
			}
		},
		{
			"__comment": "Cube13",
			"from": [ 8.5, 3, 7 ],
			"to": [ 10.5, 3.5, 13.5 ],
			"faces": {
				"up": { "uv": [ 1, 0, 2, 3 ], "texture": "#atlas", "cullface": "south" },
				"north": { "uv": [ 1, 0, 2, 0.5 ], "texture": "#atlas", "cullface": "south" },
				"south": { "uv": [ 1.5, 0, 2.5, 0.5 ], "texture": "#atlas", "cullface": "south" },
				"west": { "uv": [ 9.5, 13.5, 12.5, 14 ], "texture": "#atlas", "cullface": "south" },
				"east": { "uv": [ 8, 14, 11, 14.5 ], "texture": "#atlas", "cullface": "south" }
			}
		},
		{
			"__comment": "Cube13",
			"from": [ 8.5, -0.5, 7 ],
			"to": [ 10.5, 0, 13.5 ],
			"faces": {
				"down": { "uv": [ 1.5, 0, 2.5, 3 ], "texture": "#atlas", "cullface": "south" },
				"north": { "uv": [ 1, 2.5, 2, 3 ], "texture": "#atlas", "cullface": "south" },
				"south": { "uv": [ 1.5, 2.5, 2.5, 3 ], "texture": "#atlas", "cullface": "south" },
				"west": { "uv": [ 1, 0, 1.5, 3 ], "texture": "#atlas", "cullface": "south", "rotation": 270 },
				"east": { "uv": [ 1.5, 0, 2, 3 ], "texture": "#atlas", "cullface": "south", "rotation": 270 }
			}
		},
		{
			"__comment": "Cube15",
			"from": [ 11, 0.5, 7 ],
			"to": [ 11.5, 2.5, 13.5 ],
			"faces": {
				"down": { "uv": [ 2, 0, 2.5, 3 ], "texture": "#atlas", "cullface": "south" },
				"up": { "uv": [ 1, 0, 1.5, 3 ], "texture": "#atlas", "cullface": "south" },
				"north": { "uv": [ 2, 0, 2.5, 1 ], "texture": "#atlas", "cullface": "south" },
				"south": { "uv": [ 1, 0, 1.5, 1 ], "texture": "#atlas", "cullface": "south" },
				"east": { "uv": [ 1.5, 0, 2.5, 3 ], "texture": "#atlas", "cullface": "south", "rotation": 270 }
			}
		},
		{
			"__comment": "Cube15",
			"from": [ 7.5, 0.5, 7 ],
			"to": [ 8, 2.5, 13.5 ],
			"faces": {
				"down": { "uv": [ 1, 0, 1.5, 3 ], "texture": "#atlas", "cullface": "south" },
				"up": { "uv": [ 2, 0, 2.5, 3 ], "texture": "#atlas", "cullface": "south" },
				"north": { "uv": [ 2, 0, 2.5, 1 ], "texture": "#atlas", "cullface": "south" },
				"south": { "uv": [ 1, 0, 1.5, 1 ], "texture": "#atlas", "cullface": "south" },
				"west": { "uv": [ 1.5, 0, 2.5, 3 ], "texture": "#atlas", "cullface": "south", "rotation": 270 }
			}
		},
		{
			"__comment": "Cube17",
			"from": [ 10.5, 7, 8.5 ],
			"to": [ 11, 8, 9.5 ],
			"faces": {
				"north": { "uv": [ 0, 0, 0.5, 1.5 ], "texture": "#atlas" },
				"south": { "uv": [ 0, 0, 0.5, 1.5 ], "texture": "#atlas" },
				"west": { "uv": [ 0, 0, 0.5, 1.5 ], "texture": "#atlas" },
				"east": { "uv": [ 0, 0, 0.5, 1.5 ], "texture": "#atlas" }
			}
		},
		{
			"__comment": "Cube18",
			"from": [ 9, 8, 8.5 ],
			"to": [ 11, 8.5, 9.5 ],
			"faces": {
				"down": { "uv": [ 0, 0.5, 0.5, 1 ], "texture": "#atlas" },
				"up": { "uv": [ 0, 0.5, 0.5, 1 ], "texture": "#atlas" },
				"north": { "uv": [ 0, 0, 0.5, 0.5 ], "texture": "#atlas" },
				"south": { "uv": [ 0, 0, 0.5, 0.5 ], "texture": "#atlas" },
				"west": { "uv": [ 0, 0, 0.5, 0.5 ], "texture": "#atlas" }
			}
		},
		{
			"__comment": "Cube17",
			"from": [ 9, 3.5, 8.5 ],
			"to": [ 9.5, 8, 9.5 ],
			"faces": {
				"north": { "uv": [ 0, 0, 0.5, 3 ], "texture": "#atlas" },
				"south": { "uv": [ 0, 0, 0.5, 3 ], "texture": "#atlas" },
				"west": { "uv": [ 0, 0, 0.5, 3 ], "texture": "#atlas" },
				"east": { "uv": [ 0, 0, 0.5, 3 ], "texture": "#atlas" }
			}
		}
	],
	"display": {
		"head": {
			"scale":  [ 1.5, 1.5, 1.5 ],
			"translation":  [ 3, -17, 4 ]
		},
		"gui": {
			"rotation":  [ 30, 45, 0 ],
			"scale":  [ 0.6, 0.6, 0.6 ]
		}
	}
}