{"__comment":"Crafted by NullBlox - Do Not Distribute or Modify with outPermission.","textures":{"particle":"item/nubx/nulls_pink","texture":"item/nubx/nulls_gray","nulls_light_brown":"item/nubx/nulls_pink"},"elements":[{"__comment":"Brown","from":[11.25,6.5,6.25],"to":[13.25,8.5,7.75],"rotation":{"origin":[11.25,8.5,6.25],"axis":"z","angle":-22.5 },"faces":{"down":{"uv":[0,0,1,1],"texture":"#nulls_light_brown"},"up":{"uv":[0,0,1,1],"texture":"#nulls_light_brown"},"north":{"uv":[0,0,1,1],"texture":"#nulls_light_brown"},"south":{"uv":[0,0,1,1],"texture":"#nulls_light_brown"},"west":{"uv":[0,0,1,1],"texture":"#nulls_light_brown"},"east":{"uv":[0,0,1,1],"texture":"#nulls_light_brown"}}},{"__comment":"Gray","from":[5.75,6.77331,5.5],"to":[9.25,8.77331,7.5],"rotation":{"origin":[5.75,8.77331,5.5],"axis":"x","angle":-45 },"faces":{"down":{"uv":[0,0,1,1],"texture":"#particle"},"up":{"uv":[0,0,1,1],"texture":"#particle"},"north":{"uv":[0,0,1,1],"texture":"#particle"},"south":{"uv":[0,0,1,1],"texture":"#particle"},"west":{"uv":[0,0,1,1],"texture":"#particle"},"east":{"uv":[0,0,1,1],"texture":"#particle"}}},{"__comment":"L_Gray","from":[-6,9,6.5],"to":[3,10,7.5],"faces":{"down":{"uv":[0,0,1,1],"texture":"#texture","cullface":"west"},"up":{"uv":[0,0,1,1],"texture":"#texture","cullface":"west"},"north":{"uv":[0,0,1,1],"texture":"#texture","cullface":"west"},"south":{"uv":[0,0,1,1],"texture":"#texture","cullface":"west"},"west":{"uv":[0,0,1,1],"texture":"#texture","cullface":"west"}}},{"__comment":"L_Gray*","from":[3,8.75,6.25],"to":[5.5,10.25,7.75],"faces":{"down":{"uv":[0,0,1,1],"texture":"#texture"},"up":{"uv":[0,0,1,1],"texture":"#texture"},"north":{"uv":[0,0,1,1],"texture":"#texture"},"south":{"uv":[0,0,1,1],"texture":"#texture"},"west":{"uv":[0,0,1,1],"texture":"#texture"},"east":{"uv":[0,0,1,1],"texture":"#texture"}}},{"__comment":"L_Gray*","from":[3.5,7.75,6.5],"to":[5.5,8.75,7.5],"faces":{"down":{"uv":[0,0,1,1],"texture":"#texture"},"north":{"uv":[0,0,1,1],"texture":"#texture"},"south":{"uv":[0,0,1,1],"texture":"#texture"},"west":{"uv":[0,0,1,1],"texture":"#texture"},"east":{"uv":[0,0,1,1],"texture":"#texture"}}},{"__comment":"L_Gray*","from":[4.5,6.25,6.5],"to":[5.5,7.75,7.5],"faces":{"down":{"uv":[0,0,1,1],"texture":"#texture"},"north":{"uv":[0,0,1,1],"texture":"#texture"},"south":{"uv":[0,0,1,1],"texture":"#texture"},"west":{"uv":[0,0,1,1],"texture":"#texture"},"east":{"uv":[0,0,1,1],"texture":"#texture"}}},{"__comment":"L_Gray*","from":[5.5,6.25,6.5],"to":[9.5,7.25,7.5],"faces":{"down":{"uv":[0,0,1,1],"texture":"#texture"},"up":{"uv":[0,0,1,1],"texture":"#texture"},"north":{"uv":[0,0,1,1],"texture":"#texture"},"south":{"uv":[0,0,1,1],"texture":"#texture"}}},{"__comment":"L_Gray*","from":[4,10.25,6.5],"to":[10,10.75,7.5],"faces":{"down":{"uv":[0,0,1,1],"texture":"#texture"},"up":{"uv":[0,0,1,1],"texture":"#texture"},"north":{"uv":[0,0,1,1],"texture":"#texture"},"south":{"uv":[0,0,1,1],"texture":"#texture"},"west":{"uv":[0,0,1,1],"texture":"#texture"},"east":{"uv":[0,0,1,1],"texture":"#texture"}}},{"__comment":"L_Gray*","from":[9.5,6.25,6.5],"to":[10.5,10.25,7.5],"faces":{"down":{"uv":[0,0,1,1],"texture":"#texture"},"up":{"uv":[0,0,1,1],"texture":"#texture"},"north":{"uv":[0,0,1,1],"texture":"#texture"},"south":{"uv":[0,0,1,1],"texture":"#texture"},"west":{"uv":[0,0,1,1],"texture":"#texture"},"east":{"uv":[0,0,1,1],"texture":"#texture"}}},{"__comment":"L_Gray*","from":[10.5,6.5,6.5],"to":[12,9.5,7.5],"faces":{"down":{"uv":[0,0,1,1],"texture":"#texture"},"up":{"uv":[0,0,1,1],"texture":"#texture"},"north":{"uv":[0,0,1,1],"texture":"#texture"},"south":{"uv":[0,0,1,1],"texture":"#texture"},"east":{"uv":[0,0,1,1],"texture":"#texture"}}},{"__comment":"L_Gray*","from":[6.5,5.25,6.75],"to":[7,6.25,7.25],"faces":{"north":{"uv":[0,0,1,1],"texture":"#texture"},"south":{"uv":[0,0,1,1],"texture":"#texture"},"west":{"uv":[0,0,1,1],"texture":"#texture"},"east":{"uv":[0,0,1,1],"texture":"#texture"}}},{"__comment":"L_Gray*","from":[10.25,4.8125,6.75],"to":[10.75,6.8125,7.25],"rotation":{"origin":[10.25,6.8125,6.75],"axis":"z","angle":-22.5 },"faces":{"down":{"uv":[0,0,1,1],"texture":"#texture"},"up":{"uv":[0,0,1,1],"texture":"#texture"},"north":{"uv":[0,0,1,1],"texture":"#texture"},"south":{"uv":[0,0,1,1],"texture":"#texture"},"west":{"uv":[0,0,1,1],"texture":"#texture"},"east":{"uv":[0,0,1,1],"texture":"#texture"}}},{"__comment":"L_Gray*","from":[6.5,4.75,6.75],"to":[10,5.25,7.25],"faces":{"down":{"uv":[0,0,1,1],"texture":"#texture"},"up":{"uv":[0,0,1,1],"texture":"#texture"},"north":{"uv":[0,0,1,1],"texture":"#texture"},"south":{"uv":[0,0,1,1],"texture":"#texture"},"west":{"uv":[0,0,1,1],"texture":"#texture"},"east":{"uv":[0,0,1,1],"texture":"#texture"}}},{"__comment":"Brown*","from":[12.4375,2,6.25],"to":[15,3.0625,7.75],"faces":{"down":{"uv":[0,0,1,1],"texture":"#nulls_light_brown"},"up":{"uv":[0,0,1,1],"texture":"#nulls_light_brown"},"north":{"uv":[0,0,1,1],"texture":"#nulls_light_brown"},"south":{"uv":[0,0,1,1],"texture":"#nulls_light_brown"},"west":{"uv":[0,0,1,1],"texture":"#nulls_light_brown"},"east":{"uv":[0,0,1,1],"texture":"#nulls_light_brown"}}},{"__comment":"Brown*","from":[10.5,1.625,6.25],"to":[13.3125,6.625,7.75],"rotation":{"origin":[10.5,6.625,6.25],"axis":"z","angle":22.5 },"faces":{"down":{"uv":[0,0,1,1],"texture":"#nulls_light_brown"},"up":{"uv":[0,0,1,1],"texture":"#nulls_light_brown"},"north":{"uv":[0,0,1,1],"texture":"#nulls_light_brown"},"south":{"uv":[0,0,1,1],"texture":"#nulls_light_brown"},"west":{"uv":[0,0,1,1],"texture":"#nulls_light_brown"},"east":{"uv":[0,0,1,1],"texture":"#nulls_light_brown"}}},{"__comment":"L_Gray*","from":[5.5,8.5,6.75],"to":[9.5,9,7.25],"faces":{"down":{"uv":[0,0,1,1],"texture":"#texture"},"up":{"uv":[0,0,1,1],"texture":"#texture"},"north":{"uv":[0,0,1,1],"texture":"#texture"},"south":{"uv":[0,0,1,1],"texture":"#texture"},"west":{"uv":[0,0,1,1],"texture":"#texture"}}},{"__comment":"L_Gray*","from":[-5,9.5,6.75],"to":[-4,10.5,7.25],"rotation":{"origin":[-5,10.5,6.75],"axis":"z","angle":-45 },"faces":{"down":{"uv":[0,0,1,1],"texture":"#texture","cullface":"west"},"up":{"uv":[0,0,1,1],"texture":"#texture","cullface":"west"},"north":{"uv":[0,0,1,1],"texture":"#texture","cullface":"west"},"south":{"uv":[0,0,1,1],"texture":"#texture","cullface":"west"},"west":{"uv":[0,0,1,1],"texture":"#texture","cullface":"west"},"east":{"uv":[0,0,1,1],"texture":"#texture","cullface":"west"}}},{"__comment":"L_Gray*","from":[10,9,6.75],"to":[12.5,9.5,7.25],"rotation":{"origin":[10,9.5,6.75],"axis":"z","angle":45 },"faces":{"down":{"uv":[0,0,1,1],"texture":"#texture"},"up":{"uv":[0,0,1,1],"texture":"#texture"},"north":{"uv":[0,0,1,1],"texture":"#texture"},"south":{"uv":[0,0,1,1],"texture":"#texture"},"west":{"uv":[0,0,1,1],"texture":"#texture"},"east":{"uv":[0,0,1,1],"texture":"#texture"}}},{"__comment":"L_Gray*","from":[10.3125,9.625,6.75],"to":[11.8125,10.625,7.25],"rotation":{"origin":[10.3125,10.625,6.75],"axis":"z","angle":-45 },"faces":{"down":{"uv":[0,0,1,1],"texture":"#texture"},"up":{"uv":[0,0,1,1],"texture":"#texture"},"north":{"uv":[0,0,1,1],"texture":"#texture"},"south":{"uv":[0,0,1,1],"texture":"#texture"},"west":{"uv":[0,0,1,1],"texture":"#texture"},"east":{"uv":[0,0,1,1],"texture":"#texture"}}},{"__comment":"L_Gray*","from":[9.25,5.5,6.75],"to":[9.75,7,7.25],"rotation":{"origin":[9.25,7,6.75],"axis":"z","angle":-45 },"faces":{"down":{"uv":[0,0,1,1],"texture":"#texture"},"up":{"uv":[0,0,1,1],"texture":"#texture"},"north":{"uv":[0,0,1,1],"texture":"#texture"},"south":{"uv":[0,0,1,1],"texture":"#texture"},"west":{"uv":[0,0,1,1],"texture":"#texture"},"east":{"uv":[0,0,1,1],"texture":"#texture"}}},{"__comment":"L_Gray*","from":[1.5625,8.5625,6.875],"to":[3.5625,8.875,7.1875],"faces":{"down":{"uv":[0,0,1,1],"texture":"#texture"},"up":{"uv":[0,0,1,1],"texture":"#texture"},"north":{"uv":[0,0,1,1],"texture":"#texture"},"south":{"uv":[0,0,1,1],"texture":"#texture"},"west":{"uv":[0,0,1,1],"texture":"#texture"},"east":{"uv":[0,0,1,1],"texture":"#texture"}}}],"display":{"thirdperson_righthand":{"rotation":[0,-57,0],"translation":[-1.7,1.13,0],"scale":[0.6,0.6,0.6 ]},"thirdperson_lefthand":{"rotation":[0,129,0],"translation":[-1.7,1.12,0],"scale":[0.6,0.6,0.6 ]},"head":{"rotation":[0,0,45],"translation":[0,-21.35,4.54],"scale":[0.8,0.8,0.8 ]},"ground":{"rotation":[0,0,0],"translation":[0,5.67,0],"scale":[0.5,0.5,0.5 ]},"fixed":{"rotation":[0,0,0],"translation":[1.89,0.19,0],"scale":[0.7,0.7,0.7 ]},"firstperson_righthand":{"rotation":[0,-91,-3],"translation":[-1.32,1.51,0],"scale":[0.8,0.8,0.8 ]},"firstperson_lefthand":{"rotation":[0,91,3],"translation":[-1.32,1.51,0],"scale":[0.8,0.8,0.8 ]},"gui":{"rotation":[30,225,0],"translation":[-1.89,0,0],"scale":[0.62,0.62,0.62 ]}}}