{
	"__comment": "Designed by Robotnikman with Cubik Studio - https://cubik.studio",
	"textures": {
		"atlas": "item/robotnikman/guns/recoiless"
	},
	"elements": [
		{
			"__comment": "Cube1",
			"from": [ 5.5, 8.5, 19 ],
			"to": [ 10.5, 13.5, 23 ],
			"faces": {
				"down": { "uv": [ 5, 9.5, 7, 12 ], "texture": "#atlas", "rotation": 90 },
				"up": { "uv": [ 7, 9.5, 9, 12 ], "texture": "#atlas", "rotation": 270 },
				"north": { "uv": [ 2.5, 9.5, 5, 12 ], "texture": "#atlas" },
				"south": { "uv": [ 0, 9.5, 2.5, 12 ], "texture": "#atlas" },
				"west": { "uv": [ 9, 12.5, 11, 15 ], "texture": "#atlas" },
				"east": { "uv": [ 9, 10, 11, 12.5 ], "texture": "#atlas" }
			}
		},
		{
			"__comment": "Cube2",
			"from": [ 7, 10, -1.5 ],
			"to": [ 9, 12, 17 ],
			"faces": {
				"down": { "uv": [ 0, 15, 9, 16 ], "texture": "#atlas", "rotation": 90 },
				"up": { "uv": [ 0, 14, 9, 15 ], "texture": "#atlas", "rotation": 270 },
				"north": { "uv": [ 11, 9.5, 12.5, 11 ], "texture": "#atlas" },
				"west": { "uv": [ 0, 13, 9, 14 ], "texture": "#atlas" },
				"east": { "uv": [ 0, 12, 9, 13 ], "texture": "#atlas" }
			}
		},
		{
			"__comment": "Cube3",
			"from": [ 6, 9, 17 ],
			"to": [ 10, 13, 19 ],
			"faces": {
				"down": { "uv": [ 11, 13, 12, 15 ], "texture": "#atlas", "rotation": 90 },
				"up": { "uv": [ 12, 13, 13, 15 ], "texture": "#atlas", "rotation": 270 },
				"north": { "uv": [ 9, 8, 11, 10 ], "texture": "#atlas" },
				"west": { "uv": [ 13, 13, 14, 15 ], "texture": "#atlas" },
				"east": { "uv": [ 14, 13, 15, 15 ], "texture": "#atlas" }
			}
		},
		{
			"__comment": "Cube4",
			"from": [ 7.5, 12, 7.5 ],
			"to": [ 8.5, 13, 8.5 ],
			"faces": {
				"north": { "uv": [ 2.5, 8, 3, 8.5 ], "texture": "#atlas" },
				"south": { "uv": [ 3, 8.5, 3.5, 9 ], "texture": "#atlas" },
				"west": { "uv": [ 2.5, 8.5, 3, 9 ], "texture": "#atlas" },
				"east": { "uv": [ 3, 9, 3.5, 9.5 ], "texture": "#atlas" }
			}
		},
		{
			"__comment": "Cube5",
			"from": [ 7.5, 13, 6.5 ],
			"to": [ 8.5, 14, 11.5 ],
			"faces": {
				"down": { "uv": [ 9, 15, 11.5, 15.5 ], "texture": "#atlas", "rotation": 90 },
				"up": { "uv": [ 9, 15.5, 11.5, 16 ], "texture": "#atlas", "rotation": 270 },
				"north": { "uv": [ 15, 15, 15.5, 15.5 ], "texture": "#atlas" },
				"south": { "uv": [ 15, 15, 15.5, 15.5 ], "texture": "#atlas" },
				"west": { "uv": [ 11.5, 15.5, 14, 16 ], "texture": "#atlas" },
				"east": { "uv": [ 11.5, 15, 14, 15.5 ], "texture": "#atlas" }
			}
		},
		{
			"__comment": "Cube6",
			"from": [ 9, 13.5, 22 ],
			"to": [ 9.5, 15, 22.5 ],
			"faces": {
				"up": { "uv": [ 15, 15, 15.5, 15.5 ], "texture": "#atlas", "rotation": 270 },
				"north": { "uv": [ 2, 8, 2.5, 8.5 ], "texture": "#atlas" },
				"south": { "uv": [ 2, 8.5, 2.5, 9 ], "texture": "#atlas" },
				"west": { "uv": [ 15.5, 15, 16, 15.5 ], "texture": "#atlas" },
				"east": { "uv": [ 2, 9, 2.5, 9.5 ], "texture": "#atlas" }
			}
		},
		{
			"__comment": "Cube7",
			"from": [ 7.5, 6.5, 8.5 ],
			"to": [ 8.5, 10, 9.5 ],
			"faces": {
				"down": { "uv": [ 2.5, 9, 3, 9.5 ], "texture": "#atlas", "rotation": 90 },
				"north": { "uv": [ 0, 8, 0.5, 9.5 ], "texture": "#atlas" },
				"south": { "uv": [ 1.5, 8, 2, 9.5 ], "texture": "#atlas" },
				"west": { "uv": [ 0.5, 8, 1, 9.5 ], "texture": "#atlas" },
				"east": { "uv": [ 1, 8, 1.5, 9.5 ], "texture": "#atlas" }
			}
		}
	],
	"display": {
		"head": {
			"scale":  [ 1.5, 1.5, 1.5 ],
			"translation":  [ 3, -17, 4 ]
		},
		"gui": {
			"rotation":  [ 30, 45, 0 ],
			"scale":  [ 0.5, 0.5, 0.5 ]
		}
	}
}