{"__comment":"Crafted by NullBlox - Do Not Distribute or Modify with outPermission.","textures":{"particle":"item/nubx/nulls_gray","texture":"item/nubx/nulls_glass_white"},"elements":[{"__comment":"Gray","from":[2.5,-2,10],"to":[13.5,16,11],"faces":{"down":{"uv":[0,0,1,1],"texture":"#particle"},"up":{"uv":[0,0,1,1],"texture":"#particle","cullface":"up"},"north":{"uv":[0,0,1,1],"texture":"#particle"},"south":{"uv":[0,0,1,1],"texture":"#particle"},"west":{"uv":[0,0,1,1],"texture":"#particle"},"east":{"uv":[0,0,1,1],"texture":"#particle"}}},{"__comment":"Gray*","from":[13.0625,-2,10.0625],"to":[16.0625,24.5,11.0625],"rotation":{"origin":[13.0625,-2,10.0625],"axis":"y","angle":22.5 },"faces":{"down":{"uv":[0,0,1,1],"texture":"#particle","cullface":"east"},"up":{"uv":[0,0,1,1],"texture":"#particle","cullface":"east"},"north":{"uv":[0,0,1,1],"texture":"#particle","cullface":"east"},"south":{"uv":[0,0,1,1],"texture":"#particle","cullface":"east"},"west":{"uv":[0,0,1,1],"texture":"#particle","cullface":"east"},"east":{"uv":[0,0,1,1],"texture":"#particle","cullface":"east"}}},{"__comment":"Gray*","from":[0.25,-2,8.875],"to":[3.25,24.5,9.875],"rotation":{"origin":[0.25,-2,8.875],"axis":"y","angle":-22.5 },"faces":{"down":{"uv":[0,0,1,1],"texture":"#particle"},"up":{"uv":[0,0,1,1],"texture":"#particle"},"north":{"uv":[0,0,1,1],"texture":"#particle"},"south":{"uv":[0,0,1,1],"texture":"#particle"},"west":{"uv":[0,0,1,1],"texture":"#particle"},"east":{"uv":[0,0,1,1],"texture":"#particle"}}},{"__comment":"Gray*","from":[2.5,20,10],"to":[13.5,24.5,11],"faces":{"down":{"uv":[0,0,1,1],"texture":"#particle","cullface":"up"},"up":{"uv":[0,0,1,1],"texture":"#particle","cullface":"up"},"north":{"uv":[0,0,1,1],"texture":"#particle","cullface":"up"},"south":{"uv":[0,0,1,1],"texture":"#particle","cullface":"up"},"west":{"uv":[0,0,1,1],"texture":"#particle","cullface":"up"},"east":{"uv":[0,0,1,1],"texture":"#particle","cullface":"up"}}},{"from":[2.5,15,10.25],"to":[13.5,20,10.75],"faces":{"down":{"uv":[1,1,2,2],"texture":"#texture","cullface":"up"},"north":{"uv":[1,1,2,2],"texture":"#texture","cullface":"up"},"south":{"uv":[1,1,2,2],"texture":"#texture","cullface":"up"},"west":{"uv":[1,1,2,2],"texture":"#texture","cullface":"up"},"east":{"uv":[1,1,2,2],"texture":"#texture","cullface":"up"}}},{"__comment":"Gray*","from":[4,12.5,11],"to":[5,13.5,12],"faces":{"down":{"uv":[0,0,1,1],"texture":"#particle"},"up":{"uv":[0,0,1,1],"texture":"#particle"},"south":{"uv":[0,0,1,1],"texture":"#particle"},"west":{"uv":[0,0,1,1],"texture":"#particle"},"east":{"uv":[0,0,1,1],"texture":"#particle"}}},{"__comment":"Gray*","from":[11,12.5,11],"to":[12,13.5,12],"faces":{"down":{"uv":[0,0,1,1],"texture":"#particle"},"up":{"uv":[0,0,1,1],"texture":"#particle"},"south":{"uv":[0,0,1,1],"texture":"#particle"},"west":{"uv":[0,0,1,1],"texture":"#particle"},"east":{"uv":[0,0,1,1],"texture":"#particle"}}},{"__comment":"Gray*","from":[11,2.5,11],"to":[12,3.5,12],"faces":{"down":{"uv":[0,0,1,1],"texture":"#particle"},"up":{"uv":[0,0,1,1],"texture":"#particle"},"south":{"uv":[0,0,1,1],"texture":"#particle"},"west":{"uv":[0,0,1,1],"texture":"#particle"},"east":{"uv":[0,0,1,1],"texture":"#particle"}}},{"__comment":"Gray*","from":[4,2.5,11],"to":[5,3.5,12],"faces":{"down":{"uv":[0,0,1,1],"texture":"#particle"},"up":{"uv":[0,0,1,1],"texture":"#particle"},"south":{"uv":[0,0,1,1],"texture":"#particle"},"west":{"uv":[0,0,1,1],"texture":"#particle"},"east":{"uv":[0,0,1,1],"texture":"#particle"}}},{"__comment":"Gray*","from":[5.5,12.5,6],"to":[6.5,13.5,10],"faces":{"down":{"uv":[0,0,1,1],"texture":"#particle"},"up":{"uv":[0,0,1,1],"texture":"#particle"},"west":{"uv":[0,0,1,1],"texture":"#particle"},"east":{"uv":[0,0,1,1],"texture":"#particle"}}},{"__comment":"Gray*","from":[5.5,7.5,6],"to":[6.5,8.5,10],"faces":{"down":{"uv":[0,0,1,1],"texture":"#particle"},"up":{"uv":[0,0,1,1],"texture":"#particle"},"west":{"uv":[0,0,1,1],"texture":"#particle"},"east":{"uv":[0,0,1,1],"texture":"#particle"}}},{"__comment":"Gray*","from":[9.5,7.5,6],"to":[10.5,8.5,10],"faces":{"down":{"uv":[0,0,1,1],"texture":"#particle"},"up":{"uv":[0,0,1,1],"texture":"#particle"},"west":{"uv":[0,0,1,1],"texture":"#particle"},"east":{"uv":[0,0,1,1],"texture":"#particle"}}},{"__comment":"Gray*","from":[9.5,12.5,6],"to":[10.5,13.5,10],"faces":{"down":{"uv":[0,0,1,1],"texture":"#particle"},"up":{"uv":[0,0,1,1],"texture":"#particle"},"west":{"uv":[0,0,1,1],"texture":"#particle"},"east":{"uv":[0,0,1,1],"texture":"#particle"}}},{"__comment":"Gray*","from":[5.5,7.5,5.5],"to":[6.5,13.5,6],"faces":{"down":{"uv":[0,0,1,1],"texture":"#particle"},"up":{"uv":[0,0,1,1],"texture":"#particle"},"north":{"uv":[0,0,1,1],"texture":"#particle"},"south":{"uv":[0,0,1,1],"texture":"#particle"},"west":{"uv":[0,0,1,1],"texture":"#particle"},"east":{"uv":[0,0,1,1],"texture":"#particle"}}},{"__comment":"Gray*","from":[9.5,7.5,5.5],"to":[10.5,13.5,6],"faces":{"down":{"uv":[0,0,1,1],"texture":"#particle"},"up":{"uv":[0,0,1,1],"texture":"#particle"},"north":{"uv":[0,0,1,1],"texture":"#particle"},"south":{"uv":[0,0,1,1],"texture":"#particle"},"west":{"uv":[0,0,1,1],"texture":"#particle"},"east":{"uv":[0,0,1,1],"texture":"#particle"}}}],"display":{"thirdperson_righthand":{"rotation":[0,92,0],"translation":[0,-4.54,3.02],"scale":[1,1,1 ]},"thirdperson_lefthand":{"rotation":[0,92,0],"translation":[0,-4.54,3.02],"scale":[1,1,1 ]},"head":{"rotation":[0,180,0],"translation":[0,-3.97,-5.67],"scale":[0.7,0.7,0.7 ]},"ground":{"rotation":[0,0,0],"translation":[0,6.24,0],"scale":[0.5,0.5,0.5 ]},"fixed":{"rotation":[0,180,0],"translation":[0,-1.7,0],"scale":[0.6,0.6,0.6 ]},"firstperson_righthand":{"rotation":[0,123,-10],"translation":[0.76,-5.29,0],"scale":[0.9,0.9,0.9 ]},"firstperson_lefthand":{"rotation":[0,123,-10],"translation":[0.76,-5.29,0],"scale":[0.9,0.9,0.9 ]},"gui":{"rotation":[30,45,0],"translation":[-0.57,-1.13,0],"scale":[0.5,0.5,0.5 ]}}}