{
	"__comment": "Designed by Robotnikman with Cubik Studio - https://cubik.studio",
	"textures": {
		"atlas": "item/robotnikman/guns/thompson"
	},
	"elements": [
		{
			"__comment": "Cube1",
			"from": [ 6.25, 8.75, 3.75 ],
			"to": [ 7.75, 10.25, 10.75 ],
			"faces": {
				"down": { "uv": [ 0, 9, 7, 11 ], "texture": "#atlas", "cullface": "north", "rotation": 180 },
				"up": { "uv": [ 0, 9, 7, 11 ], "texture": "#atlas", "cullface": "north", "rotation": 180 },
				"north": { "uv": [ 5, 4, 7, 6 ], "texture": "#atlas", "cullface": "north" },
				"south": { "uv": [ 5, 4, 7, 6 ], "texture": "#atlas", "cullface": "north" },
				"west": { "uv": [ 0, 9, 7, 11 ], "texture": "#atlas", "cullface": "north" },
				"east": { "uv": [ 0, 9, 7, 11 ], "texture": "#atlas", "cullface": "north" }
			}
		},
		{
			"__comment": "Cube2",
			"from": [ 6.5, 5.25, 12.25 ],
			"to": [ 7.5, 6.25, 14.75 ],
			"faces": {
				"down": { "uv": [ 0, 15, 4, 16 ], "texture": "#atlas", "cullface": "north", "rotation": 180 },
				"north": { "uv": [ 2, 15, 3, 16 ], "texture": "#atlas", "cullface": "north" },
				"south": { "uv": [ 0.5, 15, 1.5, 16 ], "texture": "#atlas", "cullface": "north" },
				"west": { "uv": [ 0, 15, 4, 16 ], "texture": "#atlas", "cullface": "north" },
				"east": { "uv": [ 0, 15, 4, 16 ], "texture": "#atlas", "cullface": "north" }
			}
		},
		{
			"__comment": "Cube2",
			"from": [ 6.5, 8.25, 9.75 ],
			"to": [ 7.5, 8.75, 11.75 ],
			"faces": {
				"up": { "uv": [ 5.5, 11, 7, 12 ], "texture": "#atlas", "cullface": "north", "rotation": 180 },
				"north": { "uv": [ 5, 11, 6, 12 ], "texture": "#atlas", "cullface": "north" },
				"south": { "uv": [ 6, 11, 7, 12 ], "texture": "#atlas", "cullface": "north" },
				"west": { "uv": [ 5, 11, 6.5, 12 ], "texture": "#atlas", "cullface": "north" },
				"east": { "uv": [ 5, 11, 6.5, 12 ], "texture": "#atlas", "cullface": "north" }
			}
		},
		{
			"__comment": "Cube2",
			"from": [ 6.5, 7.75, 9.75 ],
			"to": [ 7.5, 8.25, 12.75 ],
			"faces": {
				"down": { "uv": [ 4, 12, 7, 13 ], "texture": "#atlas", "cullface": "north", "rotation": 180 },
				"up": { "uv": [ 4, 12, 7, 13 ], "texture": "#atlas", "cullface": "north", "rotation": 180 },
				"north": { "uv": [ 5, 12, 6, 13 ], "texture": "#atlas", "cullface": "north" },
				"south": { "uv": [ 6, 12, 7, 13 ], "texture": "#atlas", "cullface": "north" },
				"west": { "uv": [ 4, 12, 7, 13 ], "texture": "#atlas", "cullface": "north" },
				"east": { "uv": [ 4, 12, 7, 13 ], "texture": "#atlas", "cullface": "north" }
			}
		},
		{
			"__comment": "Cube2",
			"from": [ 6.5, 7.25, 10.75 ],
			"to": [ 7.5, 7.75, 13.75 ],
			"faces": {
				"down": { "uv": [ 3, 13, 6, 14 ], "texture": "#atlas", "cullface": "north", "rotation": 180 },
				"up": { "uv": [ 3, 13, 6, 14 ], "texture": "#atlas", "cullface": "north", "rotation": 180 },
				"north": { "uv": [ 5, 13, 6, 14 ], "texture": "#atlas", "cullface": "north" },
				"south": { "uv": [ 3, 13, 4, 14 ], "texture": "#atlas", "cullface": "north" },
				"west": { "uv": [ 3, 13, 6, 14 ], "texture": "#atlas", "cullface": "north" },
				"east": { "uv": [ 3, 13, 6, 14 ], "texture": "#atlas", "cullface": "north" }
			}
		},
		{
			"__comment": "Cube2",
			"from": [ 6.5, 6.25, 11.75 ],
			"to": [ 7.5, 7.25, 14.75 ],
			"faces": {
				"down": { "uv": [ 0, 14, 5, 15 ], "texture": "#atlas", "cullface": "north", "rotation": 180 },
				"up": { "uv": [ 0, 14, 5, 15 ], "texture": "#atlas", "cullface": "north", "rotation": 180 },
				"north": { "uv": [ 4, 14, 5, 15 ], "texture": "#atlas", "cullface": "north" },
				"south": { "uv": [ 1, 14, 2, 15 ], "texture": "#atlas", "cullface": "north" },
				"west": { "uv": [ 0, 14, 5, 15 ], "texture": "#atlas", "cullface": "north" },
				"east": { "uv": [ 0, 14, 5, 15 ], "texture": "#atlas", "cullface": "north" }
			}
		},
		{
			"__comment": "Cube7",
			"from": [ 6.5, 10.25, 9 ],
			"to": [ 7.5, 10.75, 10.25 ],
			"faces": {
				"up": { "uv": [ 7.5, 4, 8.5, 5 ], "texture": "#atlas", "cullface": "north", "rotation": 180 },
				"north": { "uv": [ 11.5, 4, 12.5, 5 ], "texture": "#atlas", "cullface": "north" },
				"south": { "uv": [ 12, 6, 13, 7 ], "texture": "#atlas", "cullface": "north" },
				"west": { "uv": [ 12, 6, 13, 7 ], "texture": "#atlas", "cullface": "north" },
				"east": { "uv": [ 13.5, 7, 14.5, 8 ], "texture": "#atlas", "cullface": "north" }
			}
		},
		{
			"__comment": "Cube8",
			"from": [ 6.5, 6.341, 7.5222 ],
			"to": [ 7.5, 9.341, 8.5222 ],
			"faces": {
				"down": { "uv": [ 3, 4, 5, 6 ], "texture": "#atlas", "cullface": "north", "rotation": 180 },
				"north": { "uv": [ 3, 4, 5, 7 ], "texture": "#atlas", "cullface": "north" },
				"south": { "uv": [ 3, 4, 5, 7 ], "texture": "#atlas", "cullface": "north" },
				"west": { "uv": [ 3, 4, 5, 7 ], "texture": "#atlas", "cullface": "north" },
				"east": { "uv": [ 3, 4, 5, 7 ], "texture": "#atlas", "cullface": "north" }
			}
		},
		{
			"__comment": "Cube9",
			"from": [ 5.25, 5.25, 4.75 ],
			"to": [ 8.75, 6, 5.75 ],
			"faces": {
				"down": { "uv": [ 10.5, 8, 13.5, 9 ], "texture": "#atlas", "rotation": 180 },
				"north": { "uv": [ 12, 6, 15, 7 ], "texture": "#atlas" },
				"south": { "uv": [ 10.5, 8, 13.5, 9 ], "texture": "#atlas" },
				"west": { "uv": [ 10.5, 8, 11.5, 9 ], "texture": "#atlas" },
				"east": { "uv": [ 10.5, 8, 11.5, 9 ], "texture": "#atlas" }
			}
		},
		{
			"__comment": "Cube9",
			"from": [ 4.5, 6, 4.75 ],
			"to": [ 9.5, 8, 5.75 ],
			"faces": {
				"down": { "uv": [ 10, 14, 15, 15 ], "texture": "#atlas", "rotation": 180 },
				"up": { "uv": [ 10, 8, 15, 9 ], "texture": "#atlas", "rotation": 180 },
				"north": { "uv": [ 10.5, 4, 15.5, 6 ], "texture": "#atlas" },
				"south": { "uv": [ 10.5, 4, 15.5, 6 ], "texture": "#atlas" },
				"west": { "uv": [ 10.5, 4, 11.5, 6 ], "texture": "#atlas" },
				"east": { "uv": [ 10.5, 4, 11.5, 6 ], "texture": "#atlas" }
			}
		},
		{
			"__comment": "Cube9",
			"from": [ 6, 8.75, 4.75 ],
			"to": [ 8, 9.5, 5.75 ],
			"faces": {
				"down": { "uv": [ 6, 6, 8, 7 ], "texture": "#atlas", "rotation": 180 },
				"north": { "uv": [ 11.5, 7, 13.5, 8 ], "texture": "#atlas" },
				"south": { "uv": [ 11.5, 6, 13.5, 7 ], "texture": "#atlas" },
				"west": { "uv": [ 7, 0, 8, 1 ], "texture": "#atlas" },
				"east": { "uv": [ 12, 6, 13, 7 ], "texture": "#atlas" }
			}
		},
		{
			"__comment": "Cube9",
			"from": [ 5.25, 8, 4.75 ],
			"to": [ 8.75, 8.75, 5.75 ],
			"faces": {
				"up": { "uv": [ 10.5, 4, 13.5, 5 ], "texture": "#atlas", "rotation": 180 },
				"north": { "uv": [ 11, 8, 14, 9 ], "texture": "#atlas" },
				"south": { "uv": [ 10.5, 6, 13.5, 7 ], "texture": "#atlas" },
				"west": { "uv": [ 12, 7, 13, 8 ], "texture": "#atlas" },
				"east": { "uv": [ 11, 7, 12, 8 ], "texture": "#atlas" }
			}
		},
		{
			"__comment": "Cube9",
			"from": [ 6, 8.75, 4.75 ],
			"to": [ 8, 9.5, 5.75 ],
			"faces": {
				"up": { "uv": [ 10.5, 4, 12.5, 5 ], "texture": "#atlas", "rotation": 180 },
				"north": { "uv": [ 10.5, 6, 12.5, 7 ], "texture": "#atlas" },
				"south": { "uv": [ 11, 6, 13, 7 ], "texture": "#atlas" },
				"west": { "uv": [ 14.5, 7, 15.5, 8 ], "texture": "#atlas" },
				"east": { "uv": [ 12.5, 7, 13.5, 8 ], "texture": "#atlas" }
			}
		},
		{
			"__comment": "Cube14",
			"from": [ 6.75, 9.25, -3.25 ],
			"to": [ 7.25, 9.75, 3.75 ],
			"faces": {
				"down": { "uv": [ 2, 0, 16, 1 ], "texture": "#atlas", "rotation": 180 },
				"up": { "uv": [ 9, 0, 16, 1 ], "texture": "#atlas", "rotation": 270 },
				"west": { "uv": [ 2, 0, 16, 1 ], "texture": "#atlas" },
				"east": { "uv": [ 2, 0, 16, 1 ], "texture": "#atlas" }
			}
		},
		{
			"__comment": "Cube15",
			"from": [ 6.5, 9, -4.5 ],
			"to": [ 7.5, 10, -3.25 ],
			"faces": {
				"down": { "uv": [ 9, 0, 10, 1 ], "texture": "#atlas", "rotation": 180 },
				"up": { "uv": [ 9, 0, 10, 1 ], "texture": "#atlas", "rotation": 180 },
				"north": { "uv": [ 0, 1, 3, 4 ], "texture": "#atlas" },
				"south": { "uv": [ 5, 4, 7, 6 ], "texture": "#atlas" },
				"west": { "uv": [ 13, 6, 14, 7 ], "texture": "#atlas" },
				"east": { "uv": [ 12, 6, 13, 7 ], "texture": "#atlas" }
			}
		},
		{
			"__comment": "Cube9",
			"from": [ 6, 4.5, 4.75 ],
			"to": [ 8, 5.25, 5.75 ],
			"faces": {
				"down": { "uv": [ 6, 6, 8, 7 ], "texture": "#atlas", "rotation": 180 },
				"north": { "uv": [ 11.5, 7, 13.5, 8 ], "texture": "#atlas" },
				"south": { "uv": [ 11.5, 6, 13.5, 7 ], "texture": "#atlas" },
				"west": { "uv": [ 7, 0, 8, 1 ], "texture": "#atlas" },
				"east": { "uv": [ 12, 6, 13, 7 ], "texture": "#atlas" }
			}
		}
	],
	"display": {
		"head": {
			"scale":  [ 1.5, 1.5, 1.5 ],
			"translation":  [ 3, -17, 4 ]
		},
		"gui": {
			"rotation":  [ 30, 45, 0 ],
			"scale":  [ 0.6, 0.6, 0.6 ]
		}
	}
}