{
	"__comment": "Designed by Robotnikman with Cubik Studio - https://cubik.studio",
	"textures": {
		"atlas": "item/mobs/exterminatusinfernushead"
	},
	"elements": [ 	 
		{
			"__comment": "Box1",
			"from": [ 0, 0, 0 ],
			"to": [ 16, 16, 16 ],
			"faces": {
				"down": { "uv": [ 12, 12, 16, 16 ], "texture": "#atlas", "cullface": "down" },
				"up": { "uv": [ 12, 12, 16, 16 ], "texture": "#atlas", "cullface": "up" },
				"north": { "uv": [ 0, 12, 4, 16 ], "texture": "#atlas", "cullface": "north" },
				"south": { "uv": [ 4, 12, 8, 16 ], "texture": "#atlas", "cullface": "south" },
				"west": { "uv": [ 8, 12, 12, 16 ], "texture": "#atlas", "cullface": "west" },
				"east": { "uv": [ 8, 12, 12, 16 ], "texture": "#atlas", "cullface": "east" }
			}
		},
		{
			"__comment": "Box2",
			"from": [ 16, 7, 3 ],
			"to": [ 21, 10, 6 ],
			"faces": {
				"down": { "uv": [ 11.5, 11, 12.75, 11.75 ], "texture": "#atlas", "cullface": "east" },
				"up": { "uv": [ 11.5, 11, 12.75, 11.75 ], "texture": "#atlas", "cullface": "east" },
				"north": { "uv": [ 11.5, 11, 12.75, 11.75 ], "texture": "#atlas", "cullface": "east" },
				"south": { "uv": [ 11.5, 11, 12.75, 11.75 ], "texture": "#atlas", "cullface": "east" },
				"east": { "uv": [ 11.5, 11, 12.25, 11.75 ], "texture": "#atlas", "cullface": "east" }
			}
		},
		{
			"__comment": "Box2",
			"from": [ -5, 7, 3 ],
			"to": [ 0, 10, 6 ],
			"faces": {
				"down": { "uv": [ 11.5, 11, 12.75, 11.75 ], "texture": "#atlas", "cullface": "west" },
				"up": { "uv": [ 11.5, 11, 12.75, 11.75 ], "texture": "#atlas", "cullface": "west" },
				"north": { "uv": [ 11.5, 11, 12.75, 11.75 ], "texture": "#atlas", "cullface": "west" },
				"south": { "uv": [ 11.5, 11, 12.75, 11.75 ], "texture": "#atlas", "cullface": "west" },
				"west": { "uv": [ 11.75, 11, 12.5, 11.75 ], "texture": "#atlas", "cullface": "west" }
			}
		},
		{
			"__comment": "Box2",
			"from": [ -5, 7, 10 ],
			"to": [ 0, 10, 13 ],
			"faces": {
				"down": { "uv": [ 11.5, 11, 12.75, 11.75 ], "texture": "#atlas", "cullface": "west" },
				"up": { "uv": [ 11.5, 11, 12.75, 11.75 ], "texture": "#atlas", "cullface": "west" },
				"north": { "uv": [ 11.5, 11, 12.75, 11.75 ], "texture": "#atlas", "cullface": "west" },
				"south": { "uv": [ 11.5, 11, 12.75, 11.75 ], "texture": "#atlas", "cullface": "west" },
				"west": { "uv": [ 11.5, 11, 12.25, 11.75 ], "texture": "#atlas", "cullface": "west" }
			}
		},
		{
			"__comment": "Box2",
			"from": [ 16, 7, 10 ],
			"to": [ 21, 10, 13 ],
			"faces": {
				"down": { "uv": [ 11.5, 11, 12.75, 11.75 ], "texture": "#atlas", "cullface": "east" },
				"up": { "uv": [ 11.5, 11, 12.75, 11.75 ], "texture": "#atlas", "cullface": "east" },
				"north": { "uv": [ 11.5, 11, 12.75, 11.75 ], "texture": "#atlas", "cullface": "east" },
				"south": { "uv": [ 11.5, 11, 12.75, 11.75 ], "texture": "#atlas", "cullface": "east" },
				"east": { "uv": [ 12, 11, 12.75, 11.75 ], "texture": "#atlas", "cullface": "east" }
			}
		},
		{
			"__comment": "Box6",
			"from": [ 18, 10, 3 ],
			"to": [ 21, 31.5, 6 ],
			"faces": {
				"up": { "uv": [ 4, 5.5, 5.25, 6.75 ], "texture": "#atlas", "cullface": "east" },
				"north": { "uv": [ 4, 6.75, 4.75, 12 ], "texture": "#atlas", "cullface": "east" },
				"south": { "uv": [ 4, 6.75, 4.75, 12 ], "texture": "#atlas", "cullface": "east" },
				"west": { "uv": [ 4, 6.75, 4.75, 12 ], "texture": "#atlas", "cullface": "east" },
				"east": { "uv": [ 4, 6.75, 4.75, 12 ], "texture": "#atlas", "cullface": "east" }
			}
		},
		{
			"__comment": "Box6",
			"from": [ -5, 10, 3 ],
			"to": [ -2, 31.5, 6 ],
			"faces": {
				"up": { "uv": [ 4, 5.5, 5.25, 6.75 ], "texture": "#atlas", "cullface": "west" },
				"north": { "uv": [ 4, 6.75, 4.75, 12 ], "texture": "#atlas", "cullface": "west" },
				"south": { "uv": [ 4, 6.75, 4.75, 12 ], "texture": "#atlas", "cullface": "west" },
				"west": { "uv": [ 4, 6.75, 4.75, 12 ], "texture": "#atlas", "cullface": "west" },
				"east": { "uv": [ 4, 6.75, 4.75, 12 ], "texture": "#atlas", "cullface": "west" }
			}
		},
		{
			"__comment": "Box6",
			"from": [ -5, 10, 10 ],
			"to": [ -2, 31.5, 13 ],
			"faces": {
				"up": { "uv": [ 4, 5.5, 5.25, 6.75 ], "texture": "#atlas", "cullface": "west" },
				"north": { "uv": [ 4, 6.75, 4.75, 12 ], "texture": "#atlas", "cullface": "west" },
				"south": { "uv": [ 4, 6.75, 4.75, 12 ], "texture": "#atlas", "cullface": "west" },
				"west": { "uv": [ 4, 6.75, 4.75, 12 ], "texture": "#atlas", "cullface": "west" },
				"east": { "uv": [ 4, 6.75, 4.75, 12 ], "texture": "#atlas", "cullface": "west" }
			}
		},
		{
			"__comment": "Box6",
			"from": [ 18, 10, 10 ],
			"to": [ 21, 31.5, 13 ],
			"faces": {
				"up": { "uv": [ 4, 5.5, 5.25, 6.75 ], "texture": "#atlas", "cullface": "east" },
				"north": { "uv": [ 4, 6.75, 4.75, 12 ], "texture": "#atlas", "cullface": "east" },
				"south": { "uv": [ 4, 6.75, 4.75, 12 ], "texture": "#atlas", "cullface": "east" },
				"west": { "uv": [ 4, 6.75, 4.75, 12 ], "texture": "#atlas", "cullface": "east" },
				"east": { "uv": [ 4, 6.75, 4.75, 12 ], "texture": "#atlas", "cullface": "east" }
			}
		}
	]
}