{
	"version": "1.13",
	"rename": {
		"blockstates": {
			"cracked_brick_monster_egg.json": "infested_cracked_stone_bricks.json",
			"cracked_stonebrick.json": "cracked_stone_bricks.json",
			"double_fern.json": "large_fern.json",
			"double_rose.json": "rose_bush.json",
			"end_bricks.json": "end_stone_bricks.json",
			"fence.json": "oak_fence.json",
			"fence_gate.json": "oak_fence_gate.json",
			"golden_rail.json": "powered_rail.json",
			"houstonia.json": "azure_bluet.json",
			"lit_pumpkin.json": "jack_o_lantern",
			"magma.json": "magma_block.json",
			"mossy_brick_monster_egg.json": "infested_mossy_stone_bricks.json",
			"mossy_stonebrick.json": "mossy_stone_bricks.json",
			"nether_brick.json": "nether_bricks.json",
			"noteblock.json": "note_block.json",
			"fence_gate.json": "oak_fence_gate.json",
			"paeonia.json": "peony.json",
			"powered_comparator.json": "comparator.json",
			"powered_repeater.json": "repeater.json",
			"quartz_column.json": "quartz_pillar.json",
			"quartz_ore.json": "nether_quartz_ore.json",
			"red_nether_brick.json": "red_nether_bricks.json",
			"reeds.json": "sugar_cane.json",
			"silver_carpet.json": "light_gray_carpet.json",
			"silver_concrete.json": "light_gray_concrete.json",
			"silver_concrete_powder.json": "light_gray_concrete_powder.json",
			"silver_glazed_terracotta.json": "light_gray_glazed_terracotta.json",
			"silver_stained_glass.json": "light_gray_stained_glass.json",
			"silver_stained_glass_pane.json": "light_gray_stained_glass_pane.json",
			"silver_wool.json": "light_gray_wool.json",
			"slime.json": "slime_block.json",
			"smooth_andesite.json": "polished_andesite.json",
			"smooth_diorite.json": "polished_diorite.json",
			"smooth_granite.json": "polished_granite.json",
			"snow.json": "snow_block.json",
			"snow_layer.json": "snow.json",
			"stone_brick_monster_egg.json": "infested_stone_bricks.json",
			"stone_monster_egg.json": "infested_stone.json",
			"stone_stairs.json": "cooblestone_stairs.json",
			"stonebrick.json": "stone_bricks.json",
			"syringa.json": "lilac.json",
			"trapdoor.json": "oak_trapdoor.json",
			"waterlily.json": "lily_pad.json",
			"web.json": "cobweb.json",
			"wood_old_slab.json": "petrified_oak_slab.json",
			"wooden_button.json": "oak_button.json",
			"wooden_door.json": "oak_door.json",
			"wooden_pressure_plate.json": "oak_pressure_plate.json",
			"grass.json": "grass_block.json",
			"tall_grass.json": "grass.json",
			"double_grass.json": "tall_grass.json"
		},

		"textures": {
			"entity": {
				"boat":{
					"boat_oak":"oak",
					"boat_spruce":"spruce",
					"boat_jungle":"jungle",
					"boat_darkoak":"darkoak",
					"boat_birch":"birch",
					"boat_acacia":"acacia"
				},
				"endercrystal":{
					"endercrystal":"end_crystal",
					"endercrystal_beam":"end_crystal_beam"
				},
				"illager":{
					"fangs":"evoker_fangs"
				},
				"llama":{
					"llama_brown":"brown",
					"llama_creamy":"creamy",
					"llama_gray":"gray",
					"llama_white":"white",
					"decor":{
						"decor_black":"black",
						"decor_blue":"blue",
						"decor_brown":"brown",
						"decor_cyan":"cyan",
						"decor_gray":"gray",
						"decor_green":"green",
						"decor_light_blue":"light_blue",
						"decor_lime":"lime",
						"decor_magenta":"magenta",
						"decor_orange":"orange",
						"decor_pink":"pink",
						"decor_purple":"purple",
						"decor_red":"red",
						"decor_silver":"silver",
						"decor_white":"white",
						"decor_yellow":"yellow"
					}
				},
				"wither":{
					"wither_invul":"wither_invulnerable"
				}
			},
			"blocks": {
				"anvil_base.png": "anvil.png",
				"anvil_top_damaged_0.png": "anvil_top.png",
				"anvil_top_damaged_1.png": "anvil_top_chipped.png",
				"anvil_top_damaged_2.png": "anvil_top_damaged.png",
				"beetroots_stage_0.png": "beetroots_stage0.png",
				"beetroots_stage_1.png": "beetroots_stage1.png",
				"beetroots_stage_2.png": "beetroots_stage2.png",
				"beetroots_stage_3.png": "beetroots_stage3.png",
				"carrots_stage_0.png": "carrots_stage0.png",
				"carrots_stage_1.png": "carrots_stage1.png",
				"carrots_stage_2.png": "carrots_stage2.png",
				"carrots_stage_3.png": "carrots_stage3.png",
				"cobblestone_mossy.png": "mossy_cobblestone.png",
				"cocoa_stage_0.png": "cocoa_stage0.png",
				"cocoa_stage_1.png": "cocoa_stage1.png",
				"cocoa_stage_2.png": "cocoa_stage2.png",
				"comparator_off.png": "comparator.png",
				"concrete_black.png": "black_concrete.png",
				"concrete_blue.png": "blue_concrete.png",
				"concrete_brown.png": "brown_concrete.png",
				"concrete_cyan.png": "cyan_concrete.png",
				"concrete_gray.png": "gray_concrete.png",
				"concrete_green.png": "green_concrete.png",
				"concrete_light_blue.png": "light_blue_concrete.png",
				"concrete_lime.png": "lime_concrete.png",
				"concrete_magenta.png": "magenta_concrete.png",
				"concrete_orange.png": "orange_concrete.png",
				"concrete_pink.png": "pink_concrete.png",
				"concrete_powder_black.png": "black_concrete_powder.png",
				"concrete_powder_blue.png": "blue_concrete_powder.png",
				"concrete_powder_brown.png": "brown_concrete_powder.png",
				"concrete_powder_cyan.png": "cyan_concrete_powder.png",
				"concrete_powder_gray.png": "gray_concrete_powder.png",
				"concrete_powder_green.png": "green_concrete_powder.png",
				"concrete_powder_light_blue.png": "light_blue_concrete_powder.png",
				"concrete_powder_lime.png": "lime_concrete_powder.png",
				"concrete_powder_magenta.png": "magenta_concrete_powder.png",
				"concrete_powder_orange.png": "orange_concrete_powder.png",
				"concrete_powder_pink.png": "pink_concrete_powder.png",
				"concrete_powder_purple.png": "purple_concrete_powder.png",
				"concrete_powder_red.png": "red_concrete_powder.png",
				"concrete_powder_silver.png": "light_gray_concrete_powder.png",
				"concrete_powder_white.png": "white_concrete_powder.png",
				"concrete_powder_yellow.png": "yellow_concrete_powder.png",
				"concrete_purple.png": "purple_concrete.png",
				"concrete_red.png": "red_concrete.png",
				"concrete_silver.png": "light_gray_concrete.png",
				"concrete_white.png": "white_concrete.png",
				"concrete_yellow.png": "yellow_concrete.png",
				"deadbush.png": "dead_bush.png",
				"dirt_podzol_side.png": "podzol_side.png",
				"dirt_podzol_top.png": "podzol_top.png",
				"dispenser_front_horizontal.png": "dispenser_front.png",
				"door_acacia_lower.png": "acacia_door_lower.png",
				"door_acacia_upper.png": "acacia_door_upper.png",
				"door_birch_lower.png": "birch_door_lower.png",
				"door_birch_upper.png": "birch_door_upper.png",
				"door_dark_oak_lower.png": "dark_oak_door_lower.png",
				"door_dark_oak_upper.png": "dark_oak_door_upper.png",
				"door_iron_lower.png": "iron_door_lower.png",
				"door_iron_upper.png": "iron_door_upper.png",
				"door_jungle_lower.png": "jungle_door_lower.png",
				"door_jungle_upper.png": "jungle_door_upper.png",
				"door_spruce_lower.png": "spruce_door_lower.png",
				"door_spruce_upper.png": "spruce_door_upper.png",
				"door_wood_lower.png": "oak_door_lower.png",
				"door_wood_upper.png": "oak_door_upper.png",
				"double_plant_fern_bottom.png": "large_fern_bottom.png",
				"double_plant_fern_top.png": "large_fern_top.png",
				"double_plant_grass_bottom.png": "tall_grass_bottom.png",
				"double_plant_grass_top.png": "tall_grass_top.png",
				"double_plant_paeonia_bottom.png": "peony_bottom.png",
				"double_plant_paeonia_top.png": "peony_top.png",
				"double_plant_rose_bottom.png": "rose_bush_bottom.png",
				"double_plant_rose_top.png": "rose_bush_top.png",
				"double_plant_sunflower_back.png": "sunflower_back.png",
				"double_plant_sunflower_bottom.png": "sunflower_bottom.png",
				"double_plant_sunflower_front.png": "sunflower_front.png",
				"double_plant_sunflower_top.png": "sunflower_top.png",
				"double_plant_syringa_bottom.png": "lilac_bottom.png",
				"double_plant_syringa_top.png": "lilac_top.png",
				"dropper_front_horizontal.png": "dropper_front.png",
				"endframe_eye.png": "end_portal_frame_eye.png",
				"endframe_side.png": "end_portal_frame_side.png",
				"endframe_top.png": "end_portal_frame_top.png",
				"end_bricks.png": "end_stone_bricks.png",
				"farmland_dry.png": "farmland.png",
				"flower_allium.png": "allium.png",
				"flower_blue_orchid.png": "blue_orchid.png",
				"flower_dandelion.png": "dandelion.png",
				"flower_houstonia.png": "azure_bluet.png",
				"flower_oxeye_daisy.png": "oxeye_daisy.png",
				"flower_rose.png": "poppy.png",
				"flower_tulip_orange.png": "orange_tulip.png",
				"flower_tulip_pink.png": "pink_tulip.png",
				"flower_tulip_red.png": "red_tulip.png",
				"flower_tulip_white.png": "white_tulip.png",
				"furnace_front_off.png": "furnace_front.png",
				"glass_black.png": "black_stained_glass.png",
				"glass_blue.png": "blue_stained_glass.png",
				"glass_brown.png": "brown_stained_glass.png",
				"glass_cyan.png": "cyan_stained_glass.png",
				"glass_gray.png": "gray_stained_glass.png",
				"glass_green.png": "green_stained_glass.png",
				"glass_light_blue.png": "light_blue_stained_glass.png",
				"glass_lime.png": "lime_stained_glass.png",
				"glass_magenta.png": "magenta_stained_glass.png",
				"glass_orange.png": "orange_stained_glass.png",
				"glass_pane_top_black.png": "black_stained_glass_pane_top.png",
				"glass_pane_top_blue.png": "blue_stained_glass_pane_top.png",
				"glass_pane_top_brown.png": "brown_stained_glass_pane_top.png",
				"glass_pane_top_cyan.png": "cyan_stained_glass_pane_top.png",
				"glass_pane_top_gray.png": "gray_stained_glass_pane_top.png",
				"glass_pane_top_green.png": "green_stained_glass_pane_top.png",
				"glass_pane_top_light_blue.png": "light_blue_stained_glass_pane_top.png",
				"glass_pane_top_lime.png": "lime_stained_glass_pane_top.png",
				"glass_pane_top_magenta.png": "magenta_stained_glass_pane_top.png",
				"glass_pane_top_orange.png": "orange_stained_glass_pane_top.png",
				"glass_pane_top_pink.png": "pink_stained_glass_pane_top.png",
				"glass_pane_top_purple.png": "purple_stained_glass_pane_top.png",
				"glass_pane_top_red.png": "red_stained_glass_pane_top.png",
				"glass_pane_top_silver.png": "light_gray_stained_glass_pane_top.png",
				"glass_pane_top_white.png": "white_stained_glass_pane_top.png",
				"glass_pane_top_yellow.png": "yellow_stained_glass_pane_top.png",
				"glass_pink.png": "pink_stained_glass.png",
				"glass_purple.png": "purple_stained_glass.png",
				"glass_red.png": "red_stained_glass.png",
				"glass_silver.png": "light_gray_stained_glass.png",
				"glass_white.png": "white_stained_glass.png",
				"glass_yellow.png": "yellow_stained_glass.png",
				"glazed_terracotta_black.png": "black_glazed_terracotta.png",
				"glazed_terracotta_blue.png": "blue_glazed_terracotta.png",
				"glazed_terracotta_brown.png": "brown_glazed_terracotta.png",
				"glazed_terracotta_cyan.png": "cyan_glazed_terracotta.png",
				"glazed_terracotta_gray.png": "gray_glazed_terracotta.png",
				"glazed_terracotta_green.png": "green_glazed_terracotta.png",
				"glazed_terracotta_light_blue.png": "light_blue_glazed_terracotta.png",
				"glazed_terracotta_lime.png": "lime_glazed_terracotta.png",
				"glazed_terracotta_magenta.png": "magenta_glazed_terracotta.png",
				"glazed_terracotta_orange.png": "orange_glazed_terracotta.png",
				"glazed_terracotta_pink.png": "pink_glazed_terracotta.png",
				"glazed_terracotta_purple.png": "purple_glazed_terracotta.png",
				"glazed_terracotta_red.png": "red_glazed_terracotta.png",
				"glazed_terracotta_silver.png": "light_gray_glazed_terracotta.png",
				"glazed_terracotta_white.png": "white_glazed_terracotta.png",
				"glazed_terracotta_yellow.png": "yellow_glazed_terracotta.png",
				"grass_side.png": "grass_block_side.png",
				"grass_side_overlay.png": "grass_block_side_overlay.png",
				"grass_side_snowed.png": "grass_block_side_snowed.png",
				"grass_top.png": "grass_block_top.png",
				"hardened_clay_stained_black.png": "black_terracotta.png",
				"hardened_clay_stained_blue.png": "blue_terracotta.png",
				"hardened_clay_stained_brown.png": "brown_terracotta.png",
				"hardened_clay_stained_cyan.png": "cyan_terracotta.png",
				"hardened_clay_stained_gray.png": "gray_terracotta.png",
				"hardened_clay_stained_green.png": "green_terracotta.png",
				"hardened_clay_stained_light_blue.png": "light_blue_terracotta.png",
				"hardened_clay_stained_lime.png": "lime_terracotta.png",
				"hardened_clay_stained_magenta.png": "magenta_terracotta.png",
				"hardened_clay_stained_orange.png": "orange_terracotta.png",
				"hardened_clay_stained_pink.png": "pink_terracotta.png",
				"hardened_clay_stained_purple.png": "purple_terracotta.png",
				"hardened_clay_stained_red.png": "red_terracotta.png",
				"hardened_clay_stained_silver.png": "light_gray_terracotta.png",
				"hardened_clay_stained_white.png": "white_terracotta.png",
				"hardened_clay_stained_yellow.png": "yellow_terracotta.png",
				"ice_packed.png": "packed_ice.png",
				"leaves_acacia.png": "acacia_leaves.png",
				"leaves_big_oak.png": "dark_oak_leaves.png",
				"leaves_birch.png": "birch_leaves.png",
				"leaves_jungle.png": "jungle_leaves.png",
				"leaves_oak.png": "oak_leaves.png",
				"leaves_spruce.png": "spruce_leaves.png",
				"log_acacia.png": "acacia_log.png",
				"log_acacia_top.png": "acacia_log_top.png",
				"log_big_oak.png": "dark_oak_log.png",
				"log_big_oak_top.png": "dark_oak_log_top.png",
				"log_birch.png": "birch_log.png",
				"log_birch_top.png": "birch_log_top.png",
				"log_jungle.png": "jungle_log.png",
				"log_jungle_top.png": "jungle_log_top.png",
				"log_oak.png": "oak_log.png",
				"log_oak_top.png": "oak_log_top.png",
				"log_spruce.png": "spruce_log.png",
				"log_spruce_top.png": "spruce_log_top.png",
				"melon_stem_connected.png": "attached_melon_stem.png",
				"melon_stem_disconnected.png": "melon_stem.png",
				"mushroom_block_skin_brown.png": "brown_mushroom_block.png",
				"mushroom_block_skin_red.png": "red_mushroom_block.png",
				"mushroom_block_skin_stem.png": "mushroom_stem.png",
				"mushroom_brown.png": "brown_mushroom.png",
				"mushroom_red.png": "red_mushroom.png",
				"nether_wart_stage_0.png": "nether_wart_stage0.png",
				"nether_wart_stage_1.png": "nether_wart_stage1.png",
				"nether_wart_stage_2.png": "nether_wart_stage2.png",
				"noteblock.png": "note_block.png",
				"observer_back_lit.png": "observer_back_on.png",
				"piston_top_normal.png": "piston_top.png",
				"planks_acacia.png": "acacia_planks.png",
				"planks_big_oak.png": "dark_oak_planks.png",
				"planks_birch.png": "birch_planks.png",
				"planks_jungle.png": "jungle_planks.png",
				"planks_oak.png": "oak_planks.png",
				"planks_spruce.png": "spruce_planks.png",
				"potatoes_stage_0.png": "potatoes_stage0.png",
				"potatoes_stage_1.png": "potatoes_stage1.png",
				"potatoes_stage_2.png": "potatoes_stage2.png",
				"potatoes_stage_3.png": "potatoes_stage3.png",
				"prismarine_dark.png": "dark_prismarine.png",
				"prismarine_rough.png": "prismarine.png",
				"prismarine_rough.png.mcmeta": "prismarine.png.mcmeta",
				"pumpkin_face_off.png": "pumpkin_face.png",
				"pumpkin_stem_connected.png": "attached_pumpkin_stem.png",
				"pumpkin_stem_disconnected.png": "pumpkin_stem.png",
				"quartz_block_chiseled.png": "chiseled_quartz_block.png",
				"quartz_block_chiseled_top.png": "chiseled_quartz_block_top.png",
				"quartz_block_lines.png": "quartz_pillar.png",
				"quartz_block_lines_top.png": "quartz_pillar_top.png",
				"rail_activator.png": "activator_rail.png",
				"rail_activator_powered.png": "activator_rail_on.png",
				"rail_detector.png": "detector_rail.png",
				"rail_detector_powered.png": "detector_rail_on.png",
				"rail_golden.png": "powered_rail.png",
				"rail_golden_powered.png": "powered_rail_on.png",
				"rail_normal.png": "rail.png",
				"rail_normal_turned.png": "rail_corner.png",
				"redstone_torch_on.png": "redstone_torch.png",
				"red_sandstone_carved.png": "chiseled_red_sandstone.png",
				"red_sandstone_normal.png": "red_sandstone.png",
				"red_sandstone_smooth.png": "cut_red_sandstone.png",
				"reeds.png": "sugar_cane.png",
				"repeater_off.png": "repeater.png",
				"sandstone_carved.png": "chiseled_sandstone.png",
				"sandstone_normal.png": "sandstone.png",
				"sandstone_smooth.png": "cut_sandstone.png",
				"sapling_acacia.png": "acacia_sapling.png",
				"sapling_birch.png": "birch_sapling.png",
				"sapling_jungle.png": "jungle_sapling.png",
				"sapling_oak.png": "oak_sapling.png",
				"sapling_roofed_oak.png": "dark_oak_sapling.png",
				"sapling_spruce.png": "spruce_sapling.png",
				"shulker_top_silver.png": "shulker_top_light_gray.png",
				"slime.png": "slime_block.png",
				"sponge_wet.png": "wet_sponge.png",
				"stonebrick.png": "stone_bricks.png",
				"stonebrick_carved.png": "chiseled_stone_bricks.png",
				"stonebrick_cracked.png": "cracked_stone_bricks.png",
				"stonebrick_mossy.png": "mossy_stone_bricks.png",
				"stone_andesite.png": "andesite.png",
				"stone_andesite_smooth.png": "polished_andesite.png",
				"stone_diorite.png": "diorite.png",
				"stone_diorite_smooth.png": "polished_diorite.png",
				"stone_granite_smooth.png": "polished_granite.png",
				"tallgrass.png": "grass.png",
				"torch_on.png": "torch.png",
				"trapdoor.png": "oak_trapdoor.png",
				"trip_wire_source.png": "trip_wire_hook.png",
				"waterlily.png": "lily_pad.png",
				"web.png": "cobweb.png",
				"wheat_stage_0.png": "wheat_stage0.png",
				"wheat_stage_1.png": "wheat_stage1.png",
				"wheat_stage_2.png": "wheat_stage2.png",
				"wheat_stage_3.png": "wheat_stage3.png",
				"wheat_stage_4.png": "wheat_stage4.png",
				"wheat_stage_5.png": "wheat_stage5.png",
				"wheat_stage_6.png": "wheat_stage6.png",
				"wheat_stage_7.png": "wheat_stage7.png",
				"wool_colored_black.png": "black_wool.png",
				"wool_colored_blue.png": "blue_wool.png",
				"wool_colored_brown.png": "brown_wool.png",
				"wool_colored_cyan.png": "cyan_wool.png",
				"wool_colored_gray.png": "gray_wool.png",
				"wool_colored_green.png": "green_wool.png",
				"wool_colored_light_blue.png": "light_blue_wool.png",
				"wool_colored_lime.png": "lime_wool.png",
				"wool_colored_magenta.png": "magenta_wool.png",
				"wool_colored_orange.png": "orange_wool.png",
				"wool_colored_pink.png": "pink_wool.png",
				"wool_colored_purple.png": "purple_wool.png",
				"wool_colored_red.png": "red_wool.png",
				"wool_colored_silver.png": "light_gray_wool.png",
				"wool_colored_white.png": "white_wool.png",
				"wool_colored_yellow.png": "yellow_wool.png"
			},
			"items": {
				"apple_golden.png": "golden_apple.png",
				"beef_cooked.png": "cooked_beef.png",
				"beef_raw.png": "beef.png",
				"book_enchanted.png": "enchanted_book.png",
				"book_normal.png": "book.png",
				"book_writable.png": "writable_book.png",
				"book_written.png": "written_book.png",
				"bow_standby.png": "bow.png",
				"bucket_empty.png": "bucket.png",
				"bucket_lava.png": "lava_bucket.png",
				"bucket_milk.png": "milk_bucket.png",
				"bucket_water.png": "water_bucket.png",
				"carrot_golden.png": "golden_carrot.png",
				"chicken_cooked.png": "cooked_chicken.png",
				"chicken_raw.png": "chicken.png",
				"door_acacia.png": "acaciadoor.png",
				"door_birch.png": "birch_door.png",
				"door_dark_oak.png": "dark_oak_door.png",
				"door_iron.png": "iron_door.png",
				"door_jungle.png": "jungle_door.png",
				"door_spruce.png": "spruce_door.png",
				"door_wood.png": "oak_door.png",
				"dye_powder_black.png": "ink_sac.png",
				"dye_powder_blue.png": "lapis_lazuli.png",
				"dye_powder_brown.png": "cocoa_beans.png",
				"dye_powder_cyan.png": "cyan_dye.png",
				"dye_powder_gray.png": "gray_dye.png",
				"dye_powder_green.png": "cactus_green.png",
				"dye_powder_light_blue.png": "light_blue_dye.png",
				"dye_powder_lime.png": "lime_dye.png",
				"dye_powder_magenta.png": "magenta_dye.png",
				"dye_powder_orange.png": "orange_dye.png",
				"dye_powder_pink.png": "pink_dye.png",
				"dye_powder_purple.png": "purple_dye.png",
				"dye_powder_red.png": "rose_red.png",
				"dye_powder_silver.png": "light_gray_dye.png",
				"dye_powder_white.png": "bone_meal.png",
				"dye_powder_yellow.png": "dandelion_yellow.png",
				"fireball.png": "fire_charge.png",
				"fireworks.png": "firework_rocket.png",
				"fireworks_charge.png": "firework_star.png",
				"fireworks_charge_overlay.png": "firework_star_overlay.png",
				"fishing_rod_uncast.png": "fishing_rod.png",
				"fish_clownfish_raw.png": "clownfish.png",
				"fish_cod_cooked.png": "cooked_cod.png",
				"fish_cod_raw.png": "cod.png",
				"fish_pufferfish_raw.png": "pufferfish.png",
				"fish_salmon_cooked.png": "cooked_salmon.png",
				"fish_salmon_raw.png": "salmon.png",
				"gold_axe.png": "golden_axe.png",
				"gold_boots.png": "golden_boots.png",
				"gold_chestplate.png": "golden_chestplate.png",
				"gold_helmet.png": "golden_helmet.png",
				"gold_hoe.png": "golden_hoe.png",
				"gold_horse_armor.png": "golden_horse_armor.png",
				"gold_leggings.png": "golden_leggings.png",
				"gold_pickaxe.png": "golden_pickaxe.png",
				"gold_shovel.png": "golden_shovel.png",
				"gold_sword.png": "golden_sword.png",
				"map_empty.png": "map.png",
				"melon_speckled.png": "speckled_melon.png",
				"minecart_chest.png": "chest_minecart.png",
				"minecart_command_block.png": "command_block_minecart.png",
				"minecart_furnace.png": "furnace_minecart.png",
				"minecart_hopper.png": "hopper_minecart.png",
				"minecart_normal.png": "minecart.png",
				"minecart_tnt.png": "tnt_minecart.png",
				"mutton_cooked.png": "cooked_mutton.png",
				"mutton_raw.png": "mutton.png",
				"netherbrick.png": "nether_brick.png",
				"porkchop_cooked.png": "cooked_porkchop.png",
				"porkchop_raw.png": "porkchop.png",
				"potato_baked.png": "baked_potato.png",
				"potato_poisonous.png": "poisonous_potato.png",
				"potion_bottle_drinkable.png": "potion.png",
				"potion_bottle_empty.png": "glass_bottle.png",
				"potion_bottle_lingering.png": "lingering_potion.png",
				"potion_bottle_splash.png": "splash_potion.png",
				"rabbit_cooked.png": "cooked_rabbit.png",
				"rabbit_raw.png": "rabbit.png",
				"record_11.png": "music_disc_11.png",
				"record_13.png": "music_disc_13.png",
				"record_blocks.png": "music_disc_blocks.png",
				"record_cat.png": "music_disc_cat.png",
				"record_chirp.png": "music_disc_chirp.png",
				"record_far.png": "music_disc_far.png",
				"record_mall.png": "music_disc_mall.png",
				"record_mellohi.png": "music_disc_mellohi.png",
				"record_stal.png": "music_disc_stal.png",
				"record_strad.png": "music_disc_strad.png",
				"record_wait.png": "music_disc_wait.png",
				"record_ward.png": "music_disc_ward.png",
				"redstone_dust.png": "redstone.png",
				"reeds.png": "sugar_cane.png",
				"seeds_melon.png": "melon_seeds.png",
				"seeds_pumpkin.png": "pumpkin_seeds.png",
				"seeds_wheat.png": "wheat_seeds.png",
				"slimeball.png": "slime_ball.png",
				"spider_eye_fermented.png": "fermented_spider_eye.png",
				"totem.png": "totem_of_undying.png",
				"wooden_armorstand.png": "armor_stand.png",
				"wood_axe.png": "wooden_axe.png",
				"wood_hoe.png": "wooden_hoe.png",
				"wood_pickaxe.png": "wooden_pickaxe.png",
				"wood_shovel.png": "wooden_shovel.png",
				"wood_sword.png": "wooden_sword.png"
			}
		},

		"models": {
			"block": {
				"\"model\" *: *\"":"\"model\": \"block/",
				"\"normal\"":"\"\"",
				"half=":"type=",
				"acacia_door_bottom_rh.json": "acacia_door_bottom_hinge.json",
				"acacia_door_top_rh.json": "acacia_door_top_hinge.json",
				"acacia_fence_gate_closed.json": "acacia_fence_gate.json",
				"acacia_inner_stairs.json": "acacia_stairs_inner.json",
				"acacia_outer_stairs.json": "acacia_stairs_outer.json",
				"acacia_wall_gate_closed.json": "acacia_fence_gate_wall.json",
				"acacia_wall_gate_open.json": "acacia_fence_gate_wall_open.json",
				"activator_rail_active_flat.json": "activator_rail_on.json",
				"activator_rail_active_raised_ne.json": "activator_rail_on_raised_ne.json",
				"activator_rail_active_raised_sw.json": "activator_rail_on_raised_sw.json",
				"activator_rail_flat.json": "activator_rail.json",
				"andesite_smooth.json": "polished_andesite.json",
				"anvil_slightly_damaged.json": "chipped_anvil.json",
				"anvil_undamaged.json": "anvil.json",
				"anvil_very_damaged.json": "damaged_anvil.json",
				"birch_door_bottom_rh.json": "birch_door_bottom_hinge.json",
				"birch_door_top_rh.json": "birch_door_top_hinge.json",
				"birch_fence_gate_closed.json": "birch_fence_gate.json",
				"birch_inner_stairs.json": "birch_stairs_inner.json",
				"birch_outer_stairs.json": "birch_stairs_outer.json",
				"birch_wall_gate_closed.json": "birch_gate_wall.json",
				"birch_wall_gate_open.json": "birch_gate_wall_open.json",
				"brick.json": "bricks.json",
				"brick_inner_stairs.json": "brick_stairs_inner.json",
				"brick_outer_stairs.json": "brick_stairs_outer.json",
				"brown_mushroom_block_cap_all.json": "brown_mushroom_block_inventory.json",
				"cake_uneaten.json": "cake.json",
				"carpet_black.json": "black_carpet.json",
				"carpet_blue.json": "blue_carpet.json",
				"carpet_brown.json": "brown_carpet.json",
				"carpet_cyan.json": "cyan_carpet.json",
				"carpet_gray.json": "gray_carpet.json",
				"carpet_green.json": "green_carpet.json",
				"carpet_light_blue.json": "light_blue_carpet.json",
				"carpet_lime.json": "lime_carpet.json",
				"carpet_magenta.json": "magenta_carpet.json",
				"carpet_orange.json": "orange_carpet.json",
				"carpet_pink.json": "pink_carpet.json",
				"carpet_purple.json": "purple_carpet.json",
				"carpet_red.json": "red_carpet.json",
				"carpet_silver.json": "light_gray_carpet.json",
				"carpet_white.json": "white_carpet.json",
				"carpet_yellow.json": "yellow_carpet.json",
				"cauldron_empty.json": "cauldron.json",
				"cocoa_age0_s.json": "cocoa_stage0.json",
				"cocoa_age1_s.json": "cocoa_stage1.json",
				"cocoa_age2_s.json": "cocoa_stage2.json",
				"comparator_lit.json": "comparator_on.json",
				"comparator_lit_subtract.json": "comparator_on_subtract.json",
				"comparator_unlit.json": "comparator.json",
				"comparator_unlit_subtract.json": "comparator_subtract.json",
				"daisy.json": "oxeye_daisy.json",
				"dark_oak_door_bottom_rh.json": "dark_oak_door_bottom_hinge.json",
				"dark_oak_door_top_rh.json": "dark_oak_door_top_hinge.json",
				"dark_oak_fence_gate_closed.json": "dark_oak_fence_gate.json",
				"dark_oak_inner_stairs.json": "dark_oak_stairs_inner.json",
				"dark_oak_outer_stairs.json": "dark_oak_stairs_outer.json",
				"dark_oak_wall_gate_closed.json": "dark_oak_gate_wall.json",
				"dark_oak_wall_gate_open.json": "dark_oak_gate_wall_open.json",
				"detector_rail_flat.json": "detector_rail.json",
				"detector_rail_powered_flat.json": "detector_rail_on.json",
				"detector_rail_powered_raised_ne.json": "detector_rail_on_raised_ne.json",
				"detector_rail_powered_raised_sw.json": "detector_rail_on_raised_sw.json",
				"diorite_smooth.json": "polished_diorite.json",
				"double_fern_bottom.json": "large_fern_bottom.json",
				"double_fern_top.json": "large_fern_top.json",
				"double_grass_bottom.json": "tall_grass_bottom.json",
				"double_grass_top.json": "tall_grass_top.json",
				"double_paeonia_bottom.json": "peony_bottom.json",
				"double_paeonia_top.json": "peony_top.json",
				"double_rose_bottom.json": "rose_bush_bottom.json",
				"double_rose_top.json": "rose_bush_top.json",
				"double_stone.json": "stone_slab_double.json",
				"double_sunflower_bottom.json": "sunflower_bottom.json",
				"double_sunflower_top.json": "sunflower_top.json",
				"double_syringa_bottom.json": "lilac_bottom.json",
				"double_syringa_top.json": "lilac_top.json",
				"enchanting_table_base.json": "enchanting_table.json",
				"end_bricks.json": "end_stone_bricks.json",
				"end_portal_frame_empty.json": "end_portal_frame.json",
				"farmland.json": "template_farmland.json",
				"farmland_dry.json": "farmland.json",
				"fence_gate_closed.json": "oak_fence_gate.json",
				"fence_gate_open.json": "oak_fence_gate_open.json",
				"flower_pot_acacia.json": "potted_acacia_sapling.json",
				"flower_pot_allium.json": "potted_allium.json",
				"flower_pot_birch.json": "potted_birch_sapling.json",
				"flower_pot_cactus.json": "potted_cactus.json",
				"flower_pot_daisy.json": "potted_oxeye_daisy.json",
				"flower_pot_dandelion.json": "potted_dandelion.json",
				"flower_pot_dark_oak.json": "potted_dark_oak_sapling.json",
				"flower_pot_dead_bush.json": "potted_dead_bush.json",
				"flower_pot_fern.json": "potted_fern.json",
				"flower_pot_houstonia.json": "potted_azure_bluet.json",
				"flower_pot_jungle.json": "potted_jungle_sapling.json",
				"flower_pot_mushroom_brown.json": "potted_brown_mushroom.json",
				"flower_pot_mushroom_red.json": "potted_red_mushroom.json",
				"flower_pot_oak.json": "potted_oak_sapling.json",
				"flower_pot_orchid.json": "potted_blue_orchid.json",
				"flower_pot_rose.json": "potted_poppy.json",
				"flower_pot_spruce.json": "potted_spruce_sapling.json",
				"flower_pot_tulip_orange.json": "potted_orange_tulip.json",
				"flower_pot_tulip_pink.json": "potted_pink_tulip.json",
				"flower_pot_tulip_red.json": "potted_red_tulip.json",
				"flower_pot_tulip_white.json": "potted_white_tulip.json",
				"glass_black.json": "black_stained_glass.json",
				"glass_blue.json": "blue_stained_glass.json",
				"glass_brown.json": "brown_stained_glass.json",
				"glass_cyan.json": "cyan_stained_glass.json",
				"glass_gray.json": "gray_stained_glass.json",
				"glass_green.json": "green_stained_glass.json",
				"glass_light_blue.json": "light_blue_stained_glass.json",
				"glass_lime.json": "lime_stained_glass.json",
				"glass_magenta.json": "magenta_stained_glass.json",
				"glass_orange.json": "orange_stained_glass.json",
				"glass_pink.json": "pink_stained_glass.json",
				"glass_purple.json": "purple_stained_glass.json",
				"glass_red.json": "red_stained_glass.json",
				"glass_silver.json": "light_gray_stained_glass.json",
				"glass_white.json": "white_stained_glass.json",
				"glass_yellow.json": "yellow_stained_glass.json",
				"glazed_terracotta.json": "template_glazed_terracotta.json",
				"golden_rail_active_flat.json": "powered_rail_on.json",
				"golden_rail_active_raised_ne.json": "powered_rail_on_raised_ne.json",
				"golden_rail_active_raised_sw.json": "powered_rail_on_raised_sw.json",
				"golden_rail_flat.json": "powered_rail.json",
				"golden_rail_raised_ne.json": "powered_rail_raised_ne.json",
				"golden_rail_raised_sw.json": "powered_rail_raised_sw.json",
				"granite_smooth.json": "polished_granite.json",
				"grass_normal.json": "grass_block.json",
				"grass_snowed.json": "grass_block_snow.json",
				"half_slab.json": "slab.json",
				"hardened_clay.json": "terracotta.json",
				"hardened_clay_black.json": "black_terracotta.json",
				"hardened_clay_blue.json": "blue_terracotta.json",
				"hardened_clay_brown.json": "brown_terracotta.json",
				"hardened_clay_cyan.json": "cyan_terracotta.json",
				"hardened_clay_gray.json": "gray_terracotta.json",
				"hardened_clay_green.json": "green_terracotta.json",
				"hardened_clay_light_blue.json": "light_blue_terracotta.json",
				"hardened_clay_lime.json": "lime_terracotta.json",
				"hardened_clay_magenta.json": "magenta_terracotta.json",
				"hardened_clay_orange.json": "orange_terracotta.json",
				"hardened_clay_pink.json": "pink_terracotta.json",
				"hardened_clay_purple.json": "purple_terracotta.json",
				"hardened_clay_red.json": "red_terracotta.json",
				"hardened_clay_silver.json": "light_gray_terracotta.json",
				"hardened_clay_white.json": "white_terracotta.json",
				"hardened_clay_yellow.json": "yellow_terracotta.json",
				"hay.json": "hay_block.json",
				"heavy_pressure_plate_down.json": "heavy_weighted_pressure_plate_down.json",
				"heavy_pressure_plate_up.json": "heavy_weighted_pressure_plate.json",
				"hopper_down.json": "hopper.json",
				"houstonia.json": "azure_bluet.json",
				"iron_door_bottom_rh.json": "iron_door_bottom_hinge.json",
				"iron_door_top_rh.json": "iron_door_top_hinge.json",
				"jungle_door_bottom_rh.json": "jungle_door_bottom_hinge.json",
				"jungle_door_top_rh.json": "jungle_door_top_hinge.json",
				"jungle_fence_gate_closed.json": "jungle_fence_gate.json",
				"jungle_inner_stairs.json": "jungle_stairs_inner.json",
				"jungle_outer_stairs.json": "jungle_stairs_outer.json",
				"jungle_wall_gate_closed.json": "jungle_fence_gate_wall.json",
				"jungle_wall_gate_open.json": "jungle_fence_gate_wall_open.json",
				"lever.json": "lever_on.json",
				"lever_off.json": "lever.json",
				"light_pressure_plate_down.json": "light_weighted_pressure_plate_down.json",
				"light_pressure_plate_up.json": "light_weighted_pressure_plate.json",
				"lit_furnace.json": "furnace_on.json",
				"lit_pumpkin.json": "jack_o_lantern.json",
				"lit_redstone_lamp.json": "redstone_lamp_off.json",
				"lit_redstone_ore.json": "redstone_ore_on.json",
				"lit_redstone_torch.json": "redstone_torch.json",
				"lit_redstone_torch_wall.json": "redstone_wall_torch.json",
				"magma.json": "magma_block.json",
				"melon.json": "melon_block.json",
				"melon_stem_fruit.json": "attached_melon_stem.json",
				"melon_stem_growth0.json": "melon_stem_stage0.json",
				"melon_stem_growth1.json": "melon_stem_stage1.json",
				"melon_stem_growth2.json": "melon_stem_stage2.json",
				"melon_stem_growth3.json": "melon_stem_stage3.json",
				"melon_stem_growth4.json": "melon_stem_stage4.json",
				"melon_stem_growth5.json": "melon_stem_stage5.json",
				"melon_stem_growth6.json": "melon_stem_stage6.json",
				"melon_stem_growth7.json": "melon_stem_stage7.json",
				"mob_spawner_cage.json": "mob_spawner.json",
				"nether_brick.json": "nether_bricks.json",
				"nether_brick_inner_stairs.json": "nether_brick_stairs_inner.json",
				"nether_brick_outer_stairs.json": "nether_brick_stairs_outer.json",
				"normal_rail_curved.json": "rail_corner.json",
				"normal_rail_flat.json": "rail.json",
				"normal_rail_raised_ne.json": "template_rail_raised_ne.json",
				"normal_rail_raised_sw.json": "template_rail_raised_sw.json",
				"normal_torch.json": "template_torch.json",
				"normal_torch_wall.json": "wall_torch.json",
				"noteblock.json": "note_block.json",
				"oak_fence_gate_closed.json": "oak_fence_gate.json",
				"oak_inner_stairs.json": "oak_stairs_inner.json",
				"oak_outer_stairs.json": "oak_stairs_outer.json",
				"oak_wall_gate_closed.json": "oak_fence_gate_wall.json",
				"oak_wall_gate_open.json": "oak_fence_gate_wall_open.json",
				"observer_powered.json": "observer_on.json",
				"orchid.json": "blue_orchid.json",
				"pane_noside.json": "template_glass_pane_noside.json",
				"pane_noside_alt.json": "template_glass_pane_noside_alt.json",
				"pane_post.json": "template_glass_pane_post.json",
				"pane_side.json": "template_glass_pane_side.json",
				"pane_side_alt.json": "template_glass_pane_side_alt.json",
				"piston.json": "template_piston.json",
				"piston_extended_normal.json": "piston_base.json",
				"piston_head_normal.json": "piston_head.json",
				"piston_head_short_normal.json": "piston_head_short.json",
				"piston_normal.json": "piston.json",
				"prismarine_dark.json": "dark_prismarine.json",
				"prismarine_rough.json": "prismarine.json",
				"pumpkin.json": "carved_pumpkin.json",
				"pumpkin_stem_fruit.json": "attached_pumpkin_stem.json",
				"pumpkin_stem_growth0.json": "pumpkin_stem_stage0.json",
				"pumpkin_stem_growth1.json": "pumpkin_stem_stage1.json",
				"pumpkin_stem_growth2.json": "pumpkin_stem_stage2.json",
				"pumpkin_stem_growth3.json": "pumpkin_stem_stage3.json",
				"pumpkin_stem_growth4.json": "pumpkin_stem_stage4.json",
				"pumpkin_stem_growth5.json": "pumpkin_stem_stage5.json",
				"pumpkin_stem_growth6.json": "pumpkin_stem_stage6.json",
				"pumpkin_stem_growth7.json": "pumpkin_stem_stage7.json",
				"purpur_inner_stairs.json": "purpur_stairs_inner.json",
				"purpur_outer_stairs.json": "purpur_stairs_outer.json",
				"purpur_pillar_top.json": "purpur_pillar.json",
				"quartz_chiseled.json": "chiseled_quartz_block.json",
				"quartz_inner_stairs.json": "quartz_stairs_inner.json",
				"quartz_lines.json": "quartz_pillar.json",
				"quartz_normal.json": "quartz_block.json",
				"quartz_ore.json": "nether_quartz_ore.json",
				"quartz_outer_stairs.json": "quartz_stairs_outer.json",
				"quartz_top.json": "smooth_quartz.json",
				"redstone_dot.json": "redstone_wire_dot.json",
				"redstone_side.json": "redstone_wire_side.json",
				"redstone_side0.json": "redstone_wire_side0.json",
				"redstone_side1.json": "redstone_wire_side1.json",
				"redstone_side_alt.json": "redstone_wire_side_alt.json",
				"redstone_side_alt0.json": "redstone_wire_side_alt0.json",
				"redstone_side_alt1.json": "redstone_wire_side_alt1.json",
				"redstone_up.json": "redstone_wire_up.json",
				"red_mushroom_block_cap_all.json": "red_mushroom_block_inventory.json",
				"red_nether_brick.json": "red_nether_bricks.json",
				"red_sandstone_all.json": "smooth_red_sandstone.json",
				"red_sandstone_chiseled.json": "chiseled_red_sandstone.json",
				"red_sandstone_inner_stairs.json": "red_sandstone_stairs_inner.json",
				"red_sandstone_normal.json": "red_sandstone.json",
				"red_sandstone_outer_stairs.json": "red_sandstone_stairs_outer.json",
				"red_sandstone_smooth.json": "cut_red_sandstone.json",
				"reeds.json": "sugar_cane.json",
				"repeater_locked_1tick.json": "repeater_1tick_locked.json",
				"repeater_locked_2tick.json": "repeater_2tick_locked.json",
				"repeater_locked_3tick.json": "repeater_3tick_locked.json",
				"repeater_locked_4tick.json": "repeater_4tick_locked.json",
				"repeater_on_1tick.json": "repeater_1tick_on.json",
				"repeater_on_2tick.json": "repeater_2tick_on.json",
				"repeater_on_3tick.json": "repeater_3tick_on.json",
				"repeater_on_4tick.json": "repeater_4tick_on.json",
				"repeater_on_locked_1tick.json": "repeater_1tick_on_locked.json",
				"repeater_on_locked_2tick.json": "repeater_2tick_on_locked.json",
				"repeater_on_locked_3tick.json": "repeater_3tick_on_locked.json",
				"repeater_on_locked_4tick.json": "repeater_4tick_on_locked.json",
				"sandstone_all.json": "smooth_sandstone.json",
				"sandstone_chiseled.json": "chiseled_sandstone.json",
				"sandstone_inner_stairs.json": "sandstone_stairs_inner.json",
				"sandstone_normal.json": "sandstone.json",
				"sandstone_outer_stairs.json": "sandstone_stairs_outer.json",
				"sandstone_smooth.json": "cut_sandstone.json",
				"silver_concrete.json": "light_gray_concrete.json",
				"silver_concrete_powder.json": "light_gray_concrete_powder.json",
				"silver_glazed_terracotta.json": "light_gray_glazed_terracotta.json",
				"silver_stained_glass_pane_noside.json": "light_gray_stained_glass_pane_noside.json",
				"silver_stained_glass_pane_noside_alt.json": "light_gray_stained_glass_pane_noside_alt.json",
				"silver_stained_glass_pane_post.json": "light_gray_stained_glass_pane_post.json",
				"silver_stained_glass_pane_side.json": "light_gray_stained_glass_pane_side.json",
				"silver_stained_glass_pane_side_alt.json": "light_gray_stained_glass_pane_side_alt.json",
				"silver_wool.json": "light_gray_wool.json",
				"slime.json": "slime_block.json",
				"snow.json": "snow_block.json",
				"sponge_wet.json": "wet_sponge.json",
				"spruce_door_bottom_rh.json": "spruce_door_bottom_hinge.json",
				"spruce_door_top_rh.json": "spruce_door_top_hinge.json",
				"spruce_fence_gate_closed.json": "spruce_fence_gate.json",
				"spruce_inner_stairs.json": "spruce_stairs_inner.json",
				"spruce_outer_stairs.json": "spruce_stairs_outer.json",
				"spruce_wall_gate_closed.json": "spruce_fence_gate_wall.json",
				"spruce_wall_gate_open.json": "spruce_fence_gate_wall_open.json",
				"stonebrick_chiseled.json": "chiseled_stone_bricks.json",
				"stonebrick_cracked.json": "cracked_stone_bricks.json",
				"stonebrick_mossy.json": "mossy_stone_bricks.json",
				"stonebrick_normal.json": "stone_bricks.json",
				"stone_brick_inner_stairs.json": "stone_brick_stairs_inner.json",
				"stone_brick_outer_stairs.json": "stone_brick_stairs_outer.json",
				"stone_inner_stairs.json": "cobblestone_stairs_inner.json",
				"stone_outer_stairs.json": "cobblestone_stairs_outer.json",
				"stone_pressure_plate_up.json": "stone_pressure_plate.json",
				"stone_stairs.json": "cobblestone_stairs.json",
				"tall_grass.json": "grass.json",
				"trapdoor_bottom.json": "oak_trapdoor_bottom.json",
				"trapdoor_open.json": "oak_trapdoor_open.json",
				"trapdoor_top.json": "oak_trapdoor_top.json",
				"tripwire_hook_attached_powered.json": "tripwire_hook_attached_on.json",
				"tripwire_hook_powered.json": "tripwire_hook_on.json",
				"unlit_redstone_lamp.json": "redstone_lamp.json",
				"unlit_redstone_torch.json": "redstone_torch_off.json",
				"unlit_redstone_torch_wall.json": "redstone_wall_torch_off.json",
				"upper_slab.json": "slab_top.json",
				"upper_slab_acacia.json": "acacia_slab_top.json",
				"upper_slab_birch.json": "birch_slab_top.json",
				"upper_slab_brick.json": "brick_slab_top.json",
				"upper_slab_cobblestone.json": "cobblestone_slab_top.json",
				"upper_slab_dark_oak.json": "dark_oak_slab_top.json",
				"upper_slab_jungle.json": "jungle_slab_top.json",
				"upper_slab_nether_brick.json": "nether_brick_slab_top.json",
				"upper_slab_oak.json": "oak_slab_top.json",
				"upper_slab_purpur.json": "purpur_slab_top.json",
				"upper_slab_quartz.json": "quartz_slab_top.json",
				"upper_slab_red_sandstone.json": "red_sandstone_slab_top.json",
				"upper_slab_sandstone.json": "sandstone_slab_top.json",
				"upper_slab_spruce.json": "spruce_slab_top.json",
				"upper_slab_stone.json": "stone_slab_top.json",
				"upper_slab_stone_brick.json": "stone_brick_slab_top.json",
				"wall_gate_closed.json": "template_fence_gate_wall.json",
				"wall_gate_open.json": "template_fence_gate_wall_open.json",
				"wall_post.json": "template_wall_post.json",
				"wall_side.json": "template_wall_side.json",
				"waterlily.json": "lily_pad.json",
				"web.json": "cobweb.json",
				"wooden_button.json": "oak_button.json",
				"wooden_button_inventory.json": "oak_button_inventory.json",
				"wooden_button_pressed.json": "oak_button_pressed.json",
				"wooden_door_bottom.json": "oak_door_bottom.json",
				"wooden_door_bottom_rh.json": "oak_door_bottom_hinge.json",
				"wooden_door_top.json": "oak_door_top.json",
				"wooden_door_top_rh.json": "oak_door_top_hinge.json",
				"wooden_pressure_plate_down.json": "oak_pressure_plate.json",
				"wooden_pressure_plate_up.json": "oak_pressure_plate_down.json",
				"wooden_trapdoor_bottom.json": "oak_trapdoor_bottom.json",
				"wooden_trapdoor_open.json": "oak_trapdoor_open.json",
				"wooden_trapdoor_top.json": "oak_trapdoor_top.json"
			},
			"item": {
				"andesite_smooth.json": "polished_andesite.json",
				"anvil_intact.json": "anvil.json",
				"anvil_slightly_damaged.json": "chipped_anvil.json",
				"anvil_very_damaged.json": "damaged_anvil.json",
				"banner.json": "template_banner.json",
				"bed.json": "template_bed.json",
				"black_stained_hardened_clay.json": "black_terracotta.json",
				"blue_stained_hardened_clay.json": "blue_terracotta.json",
				"bottle_drinkable.json": "potion.json",
				"bottle_lingering.json": "lingering_potion.json",
				"bottle_splash.json": "splash_potion.json",
				"brick_block.json": "bricks.json",
				"brown_stained_hardened_clay.json": "brown_terracotta.json",
				"chiseled_brick_monster_egg.json": "infested_chiseled_stone_bricks.json",
				"chiseled_stonebrick.json": "chiseled_stone_bricks.json",
				"cobblestone_monster_egg.json": "infested_cobblestone.json",
				"cracked_brick_monster_egg.json": "infested_cracked_stone_bricks.json",
				"cracked_stonebrick.json": "cracked_stone_bricks.json",
				"cyan_stained_hardened_clay.json": "cyan_terracotta.json",
				"diorite_smooth.json": "polished_diorite.json",
				"double_fern.json": "large_fern.json",
				"grass.json": "grass_block.json",
				"tall_grass.json": "grass.json",
				"double_grass.json": "tall_grass.json",
				"double_rose.json": "rose_bush.json",
				"dye_black.json": "ink_sac.json",
				"dye_blue.json": "lapis_lazuli.json",
				"dye_brown.json": "cocoa_beans.json",
				"dye_cyan.json": "cyan_dye.json",
				"dye_gray.json": "gray_dye.json",
				"dye_green.json": "cactus_green.json",
				"dye_light_blue.json": "light_blue_dye.json",
				"dye_lime.json": "lime_dye.json",
				"dye_magenta.json": "magenta_dye.json",
				"dye_orange.json": "orange_dye.json",
				"dye_pink.json": "pink_dye.json",
				"dye_purple.json": "purple_dye.json",
				"dye_red.json": "rose_red.json",
				"dye_silver.json": "light_gray_dye.json",
				"dye_white.json": "bone_meal.json",
				"dye_yellow.json": "dandelion_yellow.json",
				"end_bricks.json": "end_stone_bricks.json",
				"fireworks.json": "firework_rocket.json",
				"firework_charge.json": "firework_star.json",
				"golden_rail.json": "powered_rail.json",
				"granite_smooth.json": "polished_granite.json",
				"gray_stained_hardened_clay.json": "gray_terracotta.json",
				"green_stained_hardened_clay.json": "green_terracotta.json",
				"hardened_clay.json": "terracotta.json",
				"houstonia.json": "azure_bluet.json",
				"light_blue_stained_hardened_clay.json": "light_blue_terracotta.json",
				"lime_stained_hardened_clay.json": "lime_terracotta.json",
				"lit_pumpkin.json": "jack_o_lantern.json",
				"magenta_stained_hardened_clay.json": "magenta_terracotta.json",
				"magma.json": "magma_block.json",
				"mossy_brick_monster_egg.json": "infested_mossy_stone_bricks.json",
				"mossy_stonebrick.json": "mossy_stone_bricks.json",
				"netherbrick.json": "nether_bricks.json",
				"noteblock.json": "note_block.json",
				"orange_stained_hardened_clay.json": "orange_terracotta.json",
				"paeonia.json": "peony.json",
				"pink_stained_hardened_clay.json": "pink_terracotta.json",
				"pumpkin.json": "carved_pumpkin.json",
				"purple_stained_hardened_clay.json": "purple_terracotta.json",
				"quartz_column.json": "quartz_pillar.json",
				"quartz_ore.json": "nether_quartz_ore.json",
				"record_11.json": "music_disc_11.json",
				"record_13.json": "music_disc_13.json",
				"record_blocks.json": "music_disc_blocks.json",
				"record_cat.json": "music_disc_cat.json",
				"record_chirp.json": "music_disc_chirp.json",
				"record_far.json": "music_disc_far.json",
				"record_mall.json": "music_disc_mall.json",
				"record_mellohi.json": "music_disc_mellohi.json",
				"record_stal.json": "music_disc_stal.json",
				"record_strad.json": "music_disc_strad.json",
				"record_wait.json": "music_disc_wait.json",
				"record_ward.json": "music_disc_ward.json",
				"red_nether_brick.json": "red_nether_bricks.json",
				"red_stained_hardened_clay.json": "red_terracotta.json",
				"reeds.json": "sugar_cane.json",
				"silver_carpet.json": "light_gray_carpet.json",
				"silver_concrete.json": "light_gray_concrete.json",
				"silver_concrete_powder.json": "light_gray_concrete_powder.json",
				"silver_glazed_terracotta.json": "light_gray_glazed_terracotta.json",
				"silver_shulker_box.json": "light_gray_shulker_box.json",
				"silver_stained_glass.json": "light_gray_stained_glass.json",
				"silver_stained_glass_pane.json": "light_gray_stained_glass_pane.json",
				"silver_stained_hardened_clay.json": "light_gray_terracotta.json",
				"silver_wool.json": "light_gray_wool.json",
				"skull.json": "template_skull.json",
				"skull_char.json": "player_head.json",
				"skull_creeper.json": "creeper_head.json",
				"skull_dragon.json": "dragon_head.json",
				"skull_skeleton.json": "skeleton_skull.json",
				"skull_wither.json": "wither_skeleton_skull.json",
				"skull_zombie.json": "zombie_head.json",
				"slime.json": "slime_block.json",
				"snow.json": "snow_block.json",
				"snow_layer.json": "snow.json",
				"sponge_wet.json": "wet_sponge.json",
				"stonebrick.json": "stone_bricks.json",
				"stone_brick_monster_egg.json": "infested_stone_bricks.json",
				"stone_monster_egg.json": "infested_stone.json",
				"stone_stairs.json": "cobblestone_stairs.json",
				"syringa.json": "lilac.json",
				"totem.json": "totem_of_undying.json",
				"trapdoor.json": "oak_trapdoor.json",
				"waterlily.json": "lily_pad.json",
				"web.json": "cobweb.json",
				"white_stained_hardened_clay.json": "white_terracotta.json",
				"wooden_button.json": "oak_button.json",
				"wooden_pressure_plate.json": "oak_pressure_plate.json",
				"yellow_stained_hardened_clay.json": "yellow_terracotta.json"
			}
		}
	},
	"remove": {},
	"split": {
		"blockstates": [
			"stone.json",
			"dirt.json",
			"planks.json",
			"sapling.json",
			"sand.json",
			"log.json",
			"log2.json",
			"leaves.json",
			"leaves2.json",
			"sponge.json",
			"sandstone.json",
			"tallgrass.json",
			"wool.json",
			"red_flower.json",
			"double_wooden_slab.json",
			"wooden_slab.json",
			"double_stone_slab.json",
			"stone_slab.json",
			"double_stone_slab2.json",
			"stone_slab2.json",
			"double_purpur_slab.json",
			"purpur_slab.json",
			"torch.json",
			"furnace.json",
			"lit_furnace.json",
			"redstone_ore.json",
			"lit_redstone_ore.json",
			"unlit_redstone_torch.json",
			"redstone_torch.json",
			"monster_egg.json",
			"stonebrick.json",
			"brown_mushroom_block.json",
			"red_mushroom_block.json",
			"redstone_lamp.json",
			"lit_redstone_lamp.json",
			"cobblestone_wall.json",
			"anvil.json",
			"daylight_detector.json",
			"daylight_detector_inverted.json",
			"quartz_block.json",
			"stained_hardened_clay.json",
			"carpet.json",
			"double_plant.json",
			"stained_glass.json",
			"stained_glass_pane.json",
			"prismarine.json",
			"red_sandstone.json",
			"concrete.json",
			"concrete_powder.json",
			"unpowered_repeater.json",
			"powered_repeater.json",
			"unpowered_comparator.json",
			"powered_comparator.json",
			"bed.json",
			"pumpkin_stem.json",
			"melon_stem.json",
			"flower_pot.json",
			"skull.json",
			"standing_banner.json",
			"banner.json",
			"wall_banner.json"
		]
	}
}
