{
    "__comment": "Model generated using MrCrayfish's Model Creator (http://mrcrayfish.com/modelcreator/)",
    "textures": {
        "0": "block/black_wool"
    },
    "elements": [
        {
            "name": "Cube",
            "from": [ 5.0, 1.0, 5.0 ],
            "to": [ 11.0, 2.0, 11.0 ],
            "faces": {
                "north": { "texture": "#0", "uv": [ 0.0, 0.0, 4.0, 1.0 ] },
                "east": { "texture": "#0", "uv": [ 0.0, 0.0, 4.0, 1.0 ] },
                "south": { "texture": "#0", "uv": [ 0.0, 0.0, 4.0, 1.0 ] },
                "west": { "texture": "#0", "uv": [ 0.0, 0.0, 4.0, 1.0 ] },
                "up": { "texture": "#0", "uv": [ 0.0, 0.0, 4.0, 4.0 ] },
                "down": { "texture": "#0", "uv": [ 0.0, 0.0, 4.0, 4.0 ] }
            }
        },
        {
            "name": "Cube",
            "from": [ 7.0, 3.0, 7.0 ],
            "to": [ 9.0, 4.0, 9.0 ],
            "faces": {
                "north": { "texture": "#0", "uv": [ 0.0, 0.0, 2.0, 1.0 ] },
                "east": { "texture": "#0", "uv": [ 0.0, 0.0, 2.0, 1.0 ] },
                "south": { "texture": "#0", "uv": [ 0.0, 0.0, 2.0, 1.0 ] },
                "west": { "texture": "#0", "uv": [ 0.0, 0.0, 2.0, 1.0 ] },
                "up": { "texture": "#0", "uv": [ 0.0, 0.0, 2.0, 2.0 ] },
                "down": { "texture": "#0", "uv": [ 0.0, 0.0, 2.0, 2.0 ] }
            }
        },
        {
            "name": "Cube",
            "from": [ 8.0, 4.0, 8.0 ],
            "to": [ 9.0, 5.0, 9.0 ],
            "faces": {
                "north": { "texture": "#0", "uv": [ 0.0, 0.0, 1.0, 1.0 ] },
                "east": { "texture": "#0", "uv": [ 0.0, 0.0, 1.0, 1.0 ] },
                "south": { "texture": "#0", "uv": [ 0.0, 0.0, 1.0, 1.0 ] },
                "west": { "texture": "#0", "uv": [ 0.0, 0.0, 1.0, 1.0 ] },
                "up": { "texture": "#0", "uv": [ 0.0, 0.0, 1.0, 1.0 ] },
                "down": { "texture": "#0", "uv": [ 0.0, 0.0, 1.0, 1.0 ] }
            }
        },
        {
            "name": "Cube",
            "from": [ 7.0, 4.0, 7.0 ],
            "to": [ 8.0, 5.0, 8.0 ],
            "faces": {
                "north": { "texture": "#0", "uv": [ 0.0, 0.0, 1.0, 1.0 ] },
                "east": { "texture": "#0", "uv": [ 0.0, 0.0, 1.0, 1.0 ] },
                "south": { "texture": "#0", "uv": [ 0.0, 0.0, 1.0, 1.0 ] },
                "west": { "texture": "#0", "uv": [ 0.0, 0.0, 1.0, 1.0 ] },
                "up": { "texture": "#0", "uv": [ 0.0, 0.0, 1.0, 1.0 ] },
                "down": { "texture": "#0", "uv": [ 0.0, 0.0, 1.0, 1.0 ] }
            }
        },
        {
            "name": "Cube",
            "from": [ 8.0, 5.0, 7.0 ],
            "to": [ 9.0, 6.0, 8.0 ],
            "faces": {
                "north": { "texture": "#0", "uv": [ 0.0, 0.0, 1.0, 1.0 ] },
                "east": { "texture": "#0", "uv": [ 0.0, 0.0, 1.0, 1.0 ] },
                "south": { "texture": "#0", "uv": [ 0.0, 0.0, 1.0, 1.0 ] },
                "west": { "texture": "#0", "uv": [ 0.0, 0.0, 1.0, 1.0 ] },
                "up": { "texture": "#0", "uv": [ 0.0, 0.0, 1.0, 1.0 ] },
                "down": { "texture": "#0", "uv": [ 0.0, 0.0, 1.0, 1.0 ] }
            }
        },
        {
            "name": "Cube",
            "from": [ 8.0, 3.0, 6.0 ],
            "to": [ 9.0, 4.0, 7.0 ],
            "faces": {
                "north": { "texture": "#0", "uv": [ 0.0, 4.0, 1.0, 5.0 ] },
                "east": { "texture": "#0", "uv": [ 0.0, 0.0, 1.0, 1.0 ] },
                "south": { "texture": "#0", "uv": [ 0.0, 1.0, 1.0, 2.0 ] },
                "west": { "texture": "#0", "uv": [ 0.0, 0.0, 1.0, 1.0 ] },
                "up": { "texture": "#0", "uv": [ 0.0, 0.0, -12.0, 4.0 ] },
                "down": { "texture": "#0", "uv": [ 0.0, 0.0, 1.0, 1.0 ] }
            }
        },
        {
            "name": "Cube",
            "from": [ 7.0, 3.0, 6.0 ],
            "to": [ 8.0, 4.0, 7.0 ],
            "faces": {
                "north": { "texture": "#0", "uv": [ 0.0, 0.0, 1.0, 1.0 ] },
                "east": { "texture": "#0", "uv": [ 0.0, 0.0, 1.0, 1.0 ] },
                "south": { "texture": "#0", "uv": [ 0.0, 0.0, 1.0, 1.0 ] },
                "west": { "texture": "#0", "uv": [ 0.0, 0.0, 1.0, 1.0 ] },
                "up": { "texture": "#0", "uv": [ 0.0, 0.0, 1.0, 1.0 ] },
                "down": { "texture": "#0", "uv": [ 0.0, 0.0, 1.0, 1.0 ] }
            }
        },
        {
            "name": "Cube",
            "from": [ 7.0, 3.0, 6.0 ],
            "to": [ 8.0, 4.0, 7.0 ],
            "faces": {
                "north": { "texture": "#0", "uv": [ 0.0, 0.0, 1.0, 1.0 ] },
                "east": { "texture": "#0", "uv": [ 0.0, 0.0, 1.0, 1.0 ] },
                "south": { "texture": "#0", "uv": [ 0.0, 0.0, 1.0, 1.0 ] },
                "west": { "texture": "#0", "uv": [ 0.0, 0.0, 1.0, 1.0 ] },
                "up": { "texture": "#0", "uv": [ 0.0, 0.0, 1.0, 1.0 ] },
                "down": { "texture": "#0", "uv": [ 0.0, 0.0, 1.0, 1.0 ] }
            }
        },
        {
            "name": "Cube",
            "from": [ 9.0, 3.0, 7.0 ],
            "to": [ 10.0, 4.0, 8.0 ],
            "faces": {
                "north": { "texture": "#0", "uv": [ 0.0, 0.0, 1.0, 1.0 ] },
                "east": { "texture": "#0", "uv": [ 0.0, 0.0, 1.0, 1.0 ] },
                "south": { "texture": "#0", "uv": [ 0.0, 0.0, 1.0, 1.0 ] },
                "west": { "texture": "#0", "uv": [ 0.0, 0.0, 1.0, 1.0 ] },
                "up": { "texture": "#0", "uv": [ 0.0, 0.0, 1.0, 1.0 ] },
                "down": { "texture": "#0", "uv": [ 0.0, 0.0, 1.0, 1.0 ] }
            }
        },
        {
            "name": "Cube",
            "from": [ 9.0, 3.0, 6.0 ],
            "to": [ 10.0, 4.0, 7.0 ],
            "faces": {
                "north": { "texture": "#0", "uv": [ 0.0, 0.0, 1.0, 1.0 ] },
                "east": { "texture": "#0", "uv": [ 0.0, 0.0, 1.0, 1.0 ] },
                "south": { "texture": "#0", "uv": [ 0.0, 0.0, 1.0, 1.0 ] },
                "west": { "texture": "#0", "uv": [ 0.0, 0.0, 1.0, 1.0 ] },
                "up": { "texture": "#0", "uv": [ 0.0, 0.0, 1.0, 1.0 ] },
                "down": { "texture": "#0", "uv": [ 0.0, 0.0, 1.0, 1.0 ] }
            }
        },
        {
            "name": "Cube",
            "from": [ 8.0, 6.0, 6.0 ],
            "to": [ 9.0, 7.0, 7.0 ],
            "faces": {
                "north": { "texture": "#0", "uv": [ 0.0, 0.0, 1.0, 1.0 ] },
                "east": { "texture": "#0", "uv": [ 0.0, 0.0, 1.0, 1.0 ] },
                "south": { "texture": "#0", "uv": [ 0.0, 0.0, 1.0, 1.0 ] },
                "west": { "texture": "#0", "uv": [ 0.0, 0.0, 1.0, 1.0 ] },
                "up": { "texture": "#0", "uv": [ 0.0, 0.0, 1.0, 1.0 ] },
                "down": { "texture": "#0", "uv": [ 0.0, 0.0, 1.0, 1.0 ] }
            }
        },
        {
            "name": "Cube",
            "from": [ 9.0, 7.0, 6.0 ],
            "to": [ 10.0, 8.0, 7.0 ],
            "faces": {
                "north": { "texture": "#0", "uv": [ 0.0, 0.0, 1.0, 1.0 ] },
                "east": { "texture": "#0", "uv": [ 0.0, 0.0, 1.0, 1.0 ] },
                "south": { "texture": "#0", "uv": [ 0.0, 0.0, 1.0, 1.0 ] },
                "west": { "texture": "#0", "uv": [ 0.0, 0.0, 1.0, 1.0 ] },
                "up": { "texture": "#0", "uv": [ 0.0, 0.0, 1.0, 1.0 ] },
                "down": { "texture": "#0", "uv": [ 0.0, 0.0, 1.0, 1.0 ] }
            }
        },
        {
            "name": "Cube",
            "from": [ 6.0, 2.0, 6.0 ],
            "to": [ 10.0, 3.0, 10.0 ],
            "faces": {
                "north": { "texture": "#0", "uv": [ 0.0, 0.0, 3.0, 1.0 ] },
                "east": { "texture": "#0", "uv": [ 0.0, 0.0, 4.0, 1.0 ] },
                "south": { "texture": "#0", "uv": [ 0.0, 0.0, 3.0, 1.0 ] },
                "west": { "texture": "#0", "uv": [ 0.0, 0.0, 4.0, 1.0 ] },
                "up": { "texture": "#0", "uv": [ 0.0, 0.0, 3.0, 4.0 ] },
                "down": { "texture": "#0", "uv": [ 0.0, 0.0, 3.0, 4.0 ] }
            }
        },
        {
            "name": "Cube",
            "from": [ 4.0, 0.0, 4.0 ],
            "to": [ 12.0, 1.0, 12.0 ],
            "faces": {
                "north": { "texture": "#0", "uv": [ 0.0, 0.0, 8.0, 1.0 ] },
                "east": { "texture": "#0", "uv": [ 0.0, 0.0, 6.0, 1.0 ] },
                "south": { "texture": "#0", "uv": [ 0.0, 0.0, 8.0, 1.0 ] },
                "west": { "texture": "#0", "uv": [ 0.0, 0.0, 6.0, 1.0 ] },
                "up": { "texture": "#0", "uv": [ 0.0, 0.0, 8.0, 6.0 ] },
                "down": { "texture": "#0", "uv": [ 0.0, 0.0, 8.0, 6.0 ] }
            }
        },
        {
            "name": "Cube",
            "from": [ 8.0, 4.0, 7.0 ],
            "to": [ 9.0, 5.0, 8.0 ],
            "faces": {
                "north": { "texture": "#0", "uv": [ 0.0, 0.0, 1.0, 1.0 ] },
                "east": { "texture": "#0", "uv": [ 0.0, 0.0, 1.0, 1.0 ] },
                "south": { "texture": "#0", "uv": [ 0.0, 0.0, 1.0, 1.0 ] },
                "west": { "texture": "#0", "uv": [ 0.0, 0.0, 1.0, 1.0 ] },
                "up": { "texture": "#0", "uv": [ 0.0, 0.0, 1.0, 1.0 ] },
                "down": { "texture": "#0", "uv": [ 0.0, 0.0, 1.0, 1.0 ] }
            }
        },
        {
            "name": "Cube",
            "from": [ 8.0, 4.0, 6.0 ],
            "to": [ 9.0, 5.0, 7.0 ],
            "faces": {
                "north": { "texture": "#0", "uv": [ 0.0, 0.0, 1.0, 1.0 ] },
                "east": { "texture": "#0", "uv": [ 0.0, 0.0, 1.0, 1.0 ] },
                "south": { "texture": "#0", "uv": [ 0.0, 0.0, 1.0, 1.0 ] },
                "west": { "texture": "#0", "uv": [ 0.0, 0.0, 1.0, 1.0 ] },
                "up": { "texture": "#0", "uv": [ 0.0, 0.0, 1.0, 1.0 ] },
                "down": { "texture": "#0", "uv": [ 0.0, 0.0, 1.0, 1.0 ] }
            }
        }
    ],
    "display": {
        "thirdperson_righthand": {
            "rotation": [ 0, 90, 0 ],
            "translation": [ 0, 0, 0 ],
            "scale": [ 1, 1, 1 ]
        },
        "thirdperson_lefthand": {
            "rotation": [ 0, -90, 0 ],
            "translation": [ 0, 0, 0 ],
            "scale": [ 1, 1, 1 ]
        },
        "head": {
            "rotation": [ 0, -90, 0 ],
            "translation": [ 0, 25, 0 ],
            "scale": [ 3, 3, 3 ]
        },
        "ground": {
            "rotation": [ 0, 0, 0 ],
            "translation": [ 0, 2, 0 ],
            "scale": [ 1.5, 1.5, 1.5 ]
        },
        "fixed": {
            "rotation": [ 0, 0, 0 ],
            "translation": [ 0, 0, 0 ],
            "scale": [ 1, 1, 1 ]
        },
        "firstperson_righthand": {
            "rotation": [ -27, -116, 0 ],
            "translation": [ 0.38, 1.13, 0 ],
            "scale": [ 0.5, 0.5, 0.5 ]
        },
        "firstperson_lefthand": {
            "rotation": [ -27, 48, 0 ],
            "translation": [ 0.38, 1.13, 0 ],
            "scale": [ 0.5, 0.5, 0.5 ]
        },
        "gui": {
            "rotation": [ 20, -163, 0 ],
            "translation": [ 0.38, 8, 0 ],
            "scale": [ 1.5, 1.5, 1.5 ]
        }
    }
}