{
	"__comment": "Designed by Robotnikman with Cubik Studio - https://cubik.studio",
	"textures": {
		"atlas": "fx/lava_sphere"
	},
	"elements": [ 	 
		{
			"__comment": "Box1",
			"from": [ -8, -8, -8 ],
			"to": [ 24, 24, 24 ],
			"faces": {
				"down": { "uv": [ 0, 12, 4, 16 ], "texture": "#atlas", "cullface": "down" },
				"up": { "uv": [ 4, 12, 8, 16 ], "texture": "#atlas", "cullface": "up" },
				"north": { "uv": [ 8, 12, 12, 16 ], "texture": "#atlas", "cullface": "north" },
				"south": { "uv": [ 12, 12, 16, 16 ], "texture": "#atlas", "cullface": "south" },
				"west": { "uv": [ 0, 8, 4, 12 ], "texture": "#atlas", "cullface": "west" },
				"east": { "uv": [ 0, 4, 4, 8 ], "texture": "#atlas", "cullface": "east" }
			}
		},
		{
			"__comment": "Box2",
			"from": [ -2, -14, -2 ],
			"to": [ 18, -8, 18 ],
			"faces": {
				"down": { "uv": [ 0, 1.5, 2.5, 4 ], "texture": "#atlas", "cullface": "down" },
				"north": { "uv": [ 0, 0.75, 2.5, 1.5 ], "texture": "#atlas", "cullface": "down" },
				"south": { "uv": [ 0, 0, 2.5, 0.75 ], "texture": "#atlas", "cullface": "down" },
				"west": { "uv": [ 4, 6.5, 6.5, 7.25 ], "texture": "#atlas", "cullface": "down" },
				"east": { "uv": [ 4, 5.75, 6.5, 6.5 ], "texture": "#atlas", "cullface": "down" }
			}
		},
		{
			"__comment": "Box2",
			"from": [ -2, 24, -2 ],
			"to": [ 18, 30, 18 ],
			"faces": {
				"up": { "uv": [ 4, 9.5, 6.5, 12 ], "texture": "#atlas", "cullface": "up" },
				"north": { "uv": [ 4, 5, 6.5, 5.75 ], "texture": "#atlas", "cullface": "up" },
				"south": { "uv": [ 4, 4.25, 6.5, 5 ], "texture": "#atlas", "cullface": "up" },
				"west": { "uv": [ 4, 3.5, 6.5, 4.25 ], "texture": "#atlas", "cullface": "up" },
				"east": { "uv": [ 4, 2.75, 6.5, 3.5 ], "texture": "#atlas", "cullface": "up" }
			}
		},
		{
			"__comment": "Box4",
			"from": [ 24, -2, -2 ],
			"to": [ 30, 17, 18 ],
			"faces": {
				"down": { "uv": [ 2.5, 1.5, 3.25, 4 ], "texture": "#atlas", "cullface": "east" },
				"up": { "uv": [ 3.25, 1.5, 4, 4 ], "texture": "#atlas", "cullface": "east" },
				"north": { "uv": [ 7.25, 4.25, 8, 6.5 ], "texture": "#atlas", "cullface": "east" },
				"south": { "uv": [ 7.25, 2, 8, 4.25 ], "texture": "#atlas", "cullface": "east" },
				"east": { "uv": [ 6.5, 9.75, 9, 12 ], "texture": "#atlas", "cullface": "east" }
			}
		},
		{
			"__comment": "Box4",
			"from": [ -2, -2, -14 ],
			"to": [ 18, 17, -8 ],
			"faces": {
				"down": { "uv": [ 4, 2, 6.5, 2.75 ], "texture": "#atlas", "cullface": "north", "rotation": 90 },
				"up": { "uv": [ 4, 1.25, 6.5, 2 ], "texture": "#atlas", "cullface": "north", "rotation": 270 },
				"north": { "uv": [ 9, 9.75, 11.5, 12 ], "texture": "#atlas", "cullface": "north" },
				"west": { "uv": [ 6.5, 2, 7.25, 4.25 ], "texture": "#atlas", "cullface": "north" },
				"east": { "uv": [ 7.25, 6.5, 8, 8.75 ], "texture": "#atlas", "cullface": "north" }
			}
		},
		{
			"__comment": "Box4",
			"from": [ -14, -2, -2 ],
			"to": [ -8, 17, 18 ],
			"faces": {
				"down": { "uv": [ 14, 9.5, 14.75, 12 ], "texture": "#atlas", "cullface": "west" },
				"up": { "uv": [ 14.75, 9.5, 15.5, 12 ], "texture": "#atlas", "cullface": "west" },
				"north": { "uv": [ 6.5, 6.5, 7.25, 8.75 ], "texture": "#atlas", "cullface": "west" },
				"south": { "uv": [ 6.5, 4.25, 7.25, 6.5 ], "texture": "#atlas", "cullface": "west" },
				"west": { "uv": [ 11.5, 9.75, 14, 12 ], "texture": "#atlas", "cullface": "west" }
			}
		},
		{
			"__comment": "Box4",
			"from": [ -2, -2, 24 ],
			"to": [ 18, 17, 30 ],
			"faces": {
				"down": { "uv": [ 4, 0.5, 6.5, 1.25 ], "texture": "#atlas", "cullface": "south", "rotation": 90 },
				"up": { "uv": [ 6.5, 8.75, 9, 9.5 ], "texture": "#atlas", "cullface": "south", "rotation": 270 },
				"south": { "uv": [ 4, 7.25, 6.5, 9.5 ], "texture": "#atlas", "cullface": "south" },
				"west": { "uv": [ 8, 6.5, 8.75, 8.75 ], "texture": "#atlas", "cullface": "south" },
				"east": { "uv": [ 8, 4.25, 8.75, 6.5 ], "texture": "#atlas", "cullface": "south" }
			}
		}
	],
	"display": {
		"head": {
			"scale":  [ 1.25, 1.25, 1.25 ],
			"translation":  [ 0, -10, 0 ]
		},
		"ground": {
			"translation":  [ 0, 12, 0 ],
			"scale":  [ 0.4, 0.4, 0.4 ]
		}
	}
}